town,pop
"Aaron, KY",1
"Aaronsburg, PA",1
"Abac, GA",1
"Abbeville, AL",2603
"Abbeville, GA",2761
"Abbeville, MS",430
"Abbeville, SC",5168
"Abbot Village, ME",1
"Abbotsford, WI",2259
"Abbott, TX",360
"Abbott Park, IL",1
"Abbottstown, PA",1017
"Abbyville, KS",87
"Abell, MD",1
"Aberdeen, MD",15612
"Aberdeen, MS",5391
"Aberdeen, NC",7502
"Aberdeen, OH",1602
"Aberdeen, SD",28415
"Aberdeen, WA",16334
"Aberdeen Proving, MD",1
"Abernathy, TX",2765
"Abie, NE",66
"Abilene, KS",6469
"Abilene, TX",122225
"Abingdon, IL",3149
"Abingdon, MD",1
"Abingdon, VA",8083
"Abington, MA",1
"Abiquiu, NM",1
"Abita Springs, LA",2529
"Abraham, WV",1
"Abrams, WI",1
"Absaraka, ND",1
"Absarokee, MT",1
"Academy, SD",1
"Acampo, CA",1
"Accident, MD",316
"Accokeek, MD",1
"Accomac, VA",499
"Accord, NY",1
"Acequia, ID",127
"Ackerly, TX",233
"Ackerman, MS",1469
"Ackley, IA",1546
"Ackworth, IA",86
"Acmar, AL",1
"Acme, LA",1
"Acme, PA",1
"Acme, WA",1
"Acme, WY",1
"Acra, NY",1
"Acton, CA",1
"Acton, IN",1
"Acton, MA",1
"Acton, ME",1
"Acton, MT",1
"Acushnet, MA",1
"Acworth, GA",22418
"Ada, KS",1
"Ada, MI",1
"Ada, OH",5607
"Ada, OK",17371
"Adah, PA",1
"Adair, IA",716
"Adair, IL",1
"Adair, OK",818
"Adairsville, GA",4816
"Adairville, KY",876
"Adamant, VT",1
"Adams, IN",1
"Adams, KY",1
"Adams, MA",1
"Adams, MN",778
"Adams, ND",124
"Adams, NE",607
"Adams, OR",347
"Adams, TN",657
"Adams, WI",1890
"Adams Basin, NY",1
"Adams Center, NY",1
"Adams Mills, OH",1
"Adamsburg, PA",168
"Adamstown, PA",1838
"Adamsville, AL",4360
"Adamsville, OH",122
"Adamsville, PA",1
"Adamsville, TN",2204
"Addis, LA",4873
"Addison, AL",738
"Addison, IL",36902
"Addison, ME",1
"Addison, MI",593
"Addison, NY",1702
"Addison, PA",201
"Addison Township, MI",1
"Addy, WA",1
"Addyston, OH",936
"Adel, GA",5355
"Adel, IA",4293
"Adel, OR",1
"Adelaide, CA",1
"Adelanto, CA",33391
"Adell, WI",520
"Adelphi, MD",1
"Adena, OH",725
"Adger, AL",1
"Adin, CA",1
"Adirondack, NY",1
"Adkins, TX",1
"Admire, KS",155
"Adolphus, KY",1
"Adona, AR",203
"Adrian, GA",651
"Adrian, MI",20676
"Adrian, MN",1223
"Adrian, MO",1618
"Adrian, ND",1
"Adrian, OR",172
"Adrian, PA",1
"Adrian, TX",167
"Adrian, WV",1
"Advance, MO",1365
"Advance, NC",1
"Advance Mills, VA",1
"Advent, WV",1
"Affton, MO",1
"Aflex, KY",1
"Afton, IA",832
"Afton, MI",1
"Afton, MN",2991
"Afton, NY",809
"Afton, TN",1
"Afton, TX",1
"Afton, VA",1
"Afton, WY",1995
"Agar, SD",81
"Agate, CO",1
"Agawam, MA",1
"Agency, IA",635
"Agency, MO",666
"Agency Village, SD",1
"Agenda, KS",64
"Ages Brookside, KY",1
"Agness, OR",1
"Agnew, NE",1
"Agnos, AR",1
"Agra, KS",244
"Agra, OK",347
"Agricola, MS",1
"Agua Dulce, CA",1
"Aguanga, CA",1
"Aguilar, CO",473
"Ahoskie, NC",4980
"Ahsahka, ID",1
"Ahwahnee, CA",1
"Aiea, HI",1
"Aiken, SC",30937
"Ailey, GA",556
"Aimwell, LA",1
"Ainsworth, IA",584
"Ainsworth, NE",1635
"Airlie, VA",1
"Airport, FL",1
"Airville, PA",1
"Aitkin, MN",2009
"Akaska, SD",45
"Akeley, MN",430
"Akhiok, AK",71
"Akiachak, AK",1
"Akiak, AK",383
"Akron, CO",1735
"Akron, IA",1465
"Akron, IN",1122
"Akron, MI",389
"Akron, NY",2854
"Akron, OH",197633
"Akron, PA",3983
"Akutan, AK",1036
"Alabama, NY",1
"Aladdin, WY",1
"Alakanuk, AK",750
"Alameda, NM",1
"Alamo, CA",1
"Alamo, GA",3389
"Alamo, NM",1
"Alamo, NV",1
"Alamo, TN",2457
"Alamo, TX",19220
"Alamo Heights, TX",8284
"Alamogordo, NM",31283
"Alamosa, CO",9918
"Alamota, KS",1
"Alanson, MI",743
"Alapaha, GA",662
"Alba, TX",516
"Albany, CA",19688
"Albany, GA",73801
"Albany, IL",882
"Albany, IN",2107
"Albany, KY",2013
"Albany, LA",1114
"Albany, MN",2668
"Albany, MO",1699
"Albany, NY",98111
"Albany, OH",891
"Albany, OR",53211
"Albany, TX",1983
"Albany, VT",184
"Albany, WI",1011
"Albee, SD",15
"Albemarle, NC",16004
"Alberene, VA",1
"Albers, IL",1165
"Albert, KS",170
"Albert, NM",1
"Albert, TX",1
"Albert City, IA",685
"Albert Lea, MN",17667
"Alberta, AL",1
"Alberta, MN",101
"Alberta, VA",283
"Alberton, MT",417
"Albertson, NC",1
"Albertson, NY",1
"Albertville, AL",21525
"Albertville, MN",7401
"Albia, IA",3785
"Albin, WY",201
"Albion, CA",1
"Albion, IA",469
"Albion, IL",1934
"Albion, IN",2320
"Albion, ME",1
"Albion, MI",8337
"Albion, NE",1599
"Albion, NY",5962
"Alborn, MN",1
"Albright, WV",286
"Albrightsville, PA",1
"Albuquerque, NM",559277
"Alburg, VT",1
"Alburnett, IA",699
"Alburtis, PA",2563
"Alcalde, KY",1
"Alcester, SD",748
"Alco, AR",1
"Alcoa, TN",9874
"Alcolu, SC",1
"Alcova, WY",1
"Alcove, NY",1
"Alda, NE",650
"Alden, AL",1
"Alden, IA",762
"Alden, KS",144
"Alden, MI",1
"Alden, MN",640
"Alden, NY",2573
"Alden Manor, NY",1
"Aldenville, PA",1
"Alder Creek, NY",1
"Aldie, VA",1
"Aldrich, MN",47
"Aldrich, MO",80
"Aledo, IL",3516
"Aledo, TX",3761
"Aleknagik, AK",222
"Aleppo, PA",1
"Alex, OK",549
"Alexander, AR",2820
"Alexander, IA",168
"Alexander, KS",60
"Alexander, NC",1
"Alexander, NY",499
"Alexander, WV",1
"Alexander Mills, NC",1
"Alexandria, AL",1
"Alexandria, IN",5024
"Alexandria, KY",9340
"Alexandria, LA",47832
"Alexandria, MN",13568
"Alexandria, MO",151
"Alexandria, NE",172
"Alexandria, OH",530
"Alexandria, TN",972
"Alexandria, VA",155810
"Alexis, IL",799
"Alexis, NC",1
"Alford, FL",466
"Alfred, ME",1
"Alfred, ND",1
"Alfred, NY",4060
"Alfred Station, NY",1
"Alger, MI",1
"Alger, OH",847
"Algodones, NM",1
"Algoma, WI",3098
"Algoma, WV",1
"Algona, IA",5515
"Algona, WA",3156
"Algood, TN",4193
"Alhambra, CA",85474
"Alhambra, IL",657
"Alice, ND",40
"Alice, TX",19285
"Aliceville, AL",2357
"Alicia, AR",119
"Aline, OK",217
"Aliso Viejo, CA",51424
"Alix, AR",1
"Alkabo, ND",1
"Alkol, WV",1
"Allakaket, AK",106
"Allardt, TN",636
"Alledonia, OH",1
"Allegan, MI",5072
"Allegany, NY",1729
"Alleghany, CA",1
"Alleghany, VA",1
"Allegheny, PA",1
"Alleman, IA",455
"Allen, AL",1
"Allen, IL",1
"Allen, KY",1
"Allen, MI",188
"Allen, NE",362
"Allen, OK",935
"Allen, SD",1
"Allen, TX",99179
"Allen Park, MI",27214
"Allendale, IL",458
"Allendale, MI",1
"Allendale, NJ",6853
"Allendale, SC",3046
"Allenhurst, GA",663
"Allenhurst, NJ",487
"Allenport, PA",522
"Allenspark, CO",1
"Allenstown, NH",1
"Allensville, KY",1
"Allensville, OH",1
"Allensville, PA",1
"Allenton, WI",1
"Allentown, GA",161
"Allentown, NJ",1810
"Allentown, PA",120443
"Allenwood, PA",1
"Allerton, IA",502
"Allerton, IL",283
"Alleyton, TX",1
"Alliance, NE",8403
"Alliance, OH",21900
"Alligator, MS",194
"Allison, IA",1013
"Allison, PA",1
"Allison Park, PA",1
"Allisonia, VA",1
"Allons, TN",1
"Allouez, WI",13896
"Allport, PA",1
"Allred, TN",1
"Allston, MA",1
"Allyn, WA",1
"Alma, AR",5672
"Alma, GA",3556
"Alma, IL",313
"Alma, KS",792
"Alma, MI",9149
"Alma, MO",394
"Alma, NE",1153
"Alma, NY",1
"Alma, WI",721
"Alma Center, WI",494
"Almena, KS",389
"Almena, WI",656
"Almeria, NE",1
"Almira, WA",267
"Almo, KY",1
"Almond, NC",1
"Almond, NY",441
"Almond, WI",429
"Almont, CO",1
"Almont, MI",2764
"Almont, ND",123
"Almyra, AR",271
"Aloha, OR",2
"Aloma, FL",1
"Alorton, IL",1915
"Alpena, AR",394
"Alpena, MI",10122
"Alpena, SD",278
"Alpha, IL",644
"Alpha, KY",1
"Alpha, MN",123
"Alpha, NJ",2296
"Alpharetta, GA",65338
"Alpine, AL",1
"Alpine, AZ",1
"Alpine, CA",1
"Alpine, NJ",1869
"Alpine, NY",1
"Alpine, TN",1
"Alpine, TX",5988
"Alpine, UT",10361
"Alplaus, NY",1
"Alsea, OR",1
"Alsip, IL",19158
"Alstead, NH",1
"Alta, CA",1
"Alta, IA",1933
"Alta, UT",387
"Alta Loma, CA",2
"Alta Loma, TX",1
"Alta Vista, IA",260
"Alta Vista, KS",422
"Altadena, CA",1
"Altamont, IL",2296
"Altamont, KS",1043
"Altamont, MO",200
"Altamont, NY",1723
"Altamont, SD",33
"Altamont, TN",1021
"Altamont, UT",255
"Altamonte Spring, FL",1
"Altavista, VA",3468
"Altha, FL",530
"Altheimer, AR",869
"Altmar, NY",1
"Alto, GA",1164
"Alto, LA",1
"Alto, MI",1
"Alto Pass, IL",378
"Alton, IA",1271
"Alton, IL",26861
"Alton, KS",98
"Alton, NH",1
"Alton, TX",16895
"Alton, UT",119
"Alton, VA",1
"Alton Bay, NH",1
"Altona, IL",506
"Altona, NY",1
"Altonah, UT",1
"Altoona, FL",1
"Altoona, IA",17938
"Altoona, KS",374
"Altoona, PA",44589
"Altoona, WI",7489
"Altro, KY",1
"Altura, MN",489
"Alturas, CA",2537
"Altus, AR",725
"Altus, OK",19163
"Alum Bank, PA",1
"Alum Bridge, WV",1
"Alum Creek, WV",1
"Alum Ridge, VA",1
"Alva, FL",1
"Alva, OK",5120
"Alvada, OH",1
"Alvarado, MN",352
"Alvarado, TX",3993
"Alvaton, GA",1
"Alvaton, KY",1
"Alverton, PA",1
"Alvin, IL",1
"Alvin, SC",1
"Alvin, TX",26164
"Alvin, WI",1
"Alviso, CA",1
"Alvo, NE",132
"Alvord, IA",204
"Alvord, TX",1435
"Alvordton, OH",1
"Alvy, WV",1
"Alzada, MT",1
"Ama, LA",1
"Amado, AZ",2
"Amagon, AR",92
"Amana, IA",1
"Amanda, OH",740
"Amanda Park, WA",1
"Amargosa Valley, NV",1
"Amarillo, TX",199582
"Amawalk, NY",1
"Amazonia, MO",315
"Amber, OK",454
"Amberg, WI",1
"Ambia, IN",235
"Ambler, AK",264
"Amboy, CA",1
"Amboy, IL",2333
"Amboy, IN",379
"Amboy, MN",513
"Amboy, WA",1
"Amboy, WV",1
"Ambrose, GA",382
"Ambrose, ND",26
"Amburgey, KY",1
"Ameagle, WV",1
"Amelia, LA",1
"Amelia, NE",1
"Amelia, OH",4957
"Amelia Court Hou, VA",1
"Amelia Island, FL",1
"Amenia, ND",96
"Amenia, NY",1
"American Canyon, CA",20452
"American Falls, ID",4311
"American Fork, UT",28770
"Americus, KS",885
"Ames, IA",66191
"Ames, KS",1
"Ames, NE",1
"Ames, NY",142
"Ames, OK",247
"Ames, TX",1093
"Amesbury, MA",1
"Amesville, OH",157
"Amf Ohare, IL",1
"Amherst, CO",1
"Amherst, NE",253
"Amherst, NH",1
"Amherst, NY",2
"Amherst, SD",1
"Amherst, TX",680
"Amherst, VA",2205
"Amherst, WI",1046
"Amherst Junction, WI",375
"Amidon, ND",21
"Amigo, WV",1
"Amiret, MN",1
"Amissville, VA",1
"Amistad, NM",1
"Amite, LA",1
"Amity, AR",701
"Amity, MO",53
"Amity, OR",1667
"Amity, PA",1
"Amityville, NY",9494
"Amlin, OH",1
"Amma, WV",1
"Ammon, ID",15252
"Ammon, VA",1
"Amoret, MO",184
"Amorita, OK",39
"Amory, MS",7067
"Ampthill, VA",1
"Amsterdam, MO",234
"Amsterdam, OH",483
"Amston, CT",1
"Anabel, MO",1
"Anacoco, LA",841
"Anaconda, MT",1
"Anacortes, WA",16681
"Anadarko, OK",6761
"Anaheim, CA",351043
"Anaktuvuk Pass, AK",333
"Anamoose, ND",253
"Anamosa, IA",5430
"Anatone, WA",1
"Anchor, IL",144
"Anchorage, AK",298192
"Anchorage, KY",2425
"Anchorville, MI",1
"Anco, KY",1
"Ancona, IL",1
"Ancram, NY",1
"Ancramdale, NY",1
"Andale, KS",993
"Andalusia, AL",8968
"Andalusia, IL",1177
"Anderson, AK",271
"Anderson, AL",276
"Anderson, CA",10232
"Anderson, IN",55130
"Anderson, MO",1979
"Anderson, OH",2
"Anderson, SC",27544
"Anderson, TX",230
"Anderson Island, WA",1
"Andersonville, GA",234
"Andersonville, TN",1
"Andes, NY",1
"Andice, TX",1
"Andover, CT",1
"Andover, IA",99
"Andover, KS",12980
"Andover, MA",1
"Andover, ME",1
"Andover, NH",1
"Andover, NJ",571
"Andover, NY",1000
"Andover, OH",1114
"Andover, SD",87
"Andreas, PA",1
"Andrew, IA",423
"Andrew, IL",1
"Andrews, IN",1129
"Andrews, NC",1798
"Andrews, SC",2896
"Andrews, TX",13574
"Andrews Afb, MD",1
"Aneta, ND",207
"Aneth, UT",1
"Angela, MT",1
"Angelica, NY",831
"Angels Camp, CA",1
"Angelus Oaks, CA",1
"Angie, LA",242
"Angier, NC",5096
"Angle Inlet, MN",1
"Angleton, TX",19491
"Angola, IN",8591
"Angola, LA",1
"Angola, NY",2113
"Angoon, AK",444
"Angora, MN",1
"Angora, NE",1
"Anguilla, MS",661
"Angus, MN",1
"Angwin, CA",1
"Animas, NM",1
"Anita, IA",943
"Anita, PA",1
"Aniwa, WI",245
"Ankeny, IA",58627
"Ann Arbor, MI",120782
"Anna, IL",4269
"Anna, OH",1532
"Anna, TX",11940
"Annada, MO",29
"Annandale, MN",3315
"Annandale, NJ",1
"Annandale, VA",1
"Annapolis, CA",1
"Annapolis, IL",1
"Annapolis, MD",39418
"Annapolis, MO",342
"Annapolis Juncti, MD",1
"Annawan, IL",855
"Anniston, AL",22112
"Annona, TX",297
"Annville, PA",1
"Ansley, NE",424
"Anson, ME",1
"Anson, TX",2329
"Ansonia, CT",18732
"Ansonia, OH",1133
"Ansted, WV",1374
"Antelope, KS",1
"Antelope, MT",1
"Antelope, OR",48
"Anthon, IA",566
"Anthony, FL",1
"Anthony, KS",2178
"Anthony, TX",5584
"Anthony, WV",1
"Antigo, WI",7864
"Antimony, UT",119
"Antioch, CA",110898
"Antioch, IL",14274
"Antioch, OH",85
"Antioch, TN",1
"Antler, ND",27
"Antlers, OK",2325
"Antoine, AR",112
"Anton, CO",1
"Anton, TX",1115
"Anton Chico, NM",1
"Antonia, MO",1
"Antonino, KS",1
"Antonito, CO",756
"Antrim, NH",1
"Antwerp, NY",663
"Antwerp, OH",1681
"Anutt, MO",1
"Anvik, AK",86
"Anza, CA",1
"Apache, OK",1441
"Apache Junction, AZ",39954
"Apalachicola, FL",2328
"Apalachin, NY",1
"Apex, NC",47349
"Apison, TN",1
"Aplington, IA",1068
"Apollo, PA",1572
"Apollo Beach, FL",1
"Apopka, FL",49458
"Appam, ND",1
"Apple Creek, OH",1186
"Apple Grove, WV",1
"Apple River, IL",351
"Apple Springs, TX",1
"Apple Valley, CA",72553
"Apple Valley, MN",51957
"Appleby, TX",472
"Applegate, CA",1
"Applegate, MI",237
"Applegate, OR",1
"Appleton, MN",1350
"Appleton, NY",1
"Appleton, WA",1
"Appleton, WI",74370
"Appleton City, MO",1074
"Appling, GA",1
"Appomattox, VA",1769
"Aptos, CA",1
"Aquasco, MD",1
"Aquilla, TX",109
"Aquone, NC",1
"Arab, AL",8340
"Arab, MO",1
"Arabi, GA",562
"Arabi, LA",1
"Aragon, GA",1242
"Aragon, NM",1
"Aransas Pass, TX",8393
"Arapaho, OK",812
"Arapahoe, CO",1
"Arapahoe, NC",535
"Arapahoe, NE",997
"Arapahoe, WY",1
"Ararat, NC",1
"Ararat, VA",1
"Arbela, MO",42
"Arboles, CO",1
"Arbon, ID",1
"Arbovale, WV",1
"Arbuckle, CA",1
"Arbuckle, WV",1
"Arbyrd, MO",479
"Arcade, NY",1972
"Arcadia, CA",58523
"Arcadia, FL",7941
"Arcadia, IA",467
"Arcadia, IL",1
"Arcadia, IN",1653
"Arcadia, KS",311
"Arcadia, LA",2875
"Arcadia, MI",1
"Arcadia, MO",565
"Arcadia, NE",305
"Arcadia, OH",600
"Arcadia, OK",269
"Arcadia, TX",1
"Arcadia, WI",3057
"Archbold, OH",4335
"Archdale, NC",11631
"Archer, FL",1191
"Archer, IA",127
"Archer, NE",1
"Archie, MO",1210
"Arco, ID",849
"Arco, MN",73
"Arcola, IL",2864
"Arcola, MO",54
"Arcola, VA",1
"Arctic Village, AK",1
"Ardara, PA",1
"Arden, NC",1
"Ardmore, AL",1382
"Ardmore, PA",1
"Ardmore, TN",1216
"Ardoch, ND",66
"Ardsley, NY",4634
"Aredale, IA",73
"Arena, ND",1
"Arena, WI",820
"Arenzville, IL",385
"Argillite, KY",1
"Argo, IL",1
"Argo, KY",1
"Argonia, KS",482
"Argonne, IL",1
"Argos, IN",1647
"Argus, CA",1
"Argusville, ND",474
"Argyle, IA",1
"Argyle, MN",634
"Argyle, MO",161
"Argyle, NY",293
"Argyle, TX",4006
"Argyle, WI",839
"Ariel, WA",1
"Arimo, ID",363
"Arion, IA",106
"Ariton, AL",741
"Arizona Boys Ran, AZ",1
"Arjay, KY",1
"Arkadelphia, AR",10793
"Arkansas City, AR",323
"Arkansas City, KS",12063
"Arkansaw, WI",1
"Arkdale, WI",1
"Arkoma, OK",1925
"Arkport, NY",815
"Arkville, NY",1
"Arlee, MT",1
"Arleta, CA",1
"Arley, AL",350
"Arlington, AL",1
"Arlington, AZ",1
"Arlington, CO",1
"Arlington, GA",1380
"Arlington, IA",406
"Arlington, IL",185
"Arlington, IN",1
"Arlington, KS",450
"Arlington, KY",308
"Arlington, MA",1
"Arlington, MN",2158
"Arlington, NE",1273
"Arlington, NY",1
"Arlington, OH",1463
"Arlington, OR",581
"Arlington, SD",880
"Arlington, TN",11566
"Arlington, TX",392772
"Arlington, VA",10
"Arlington, VT",1
"Arlington, WA",19112
"Arlington, WI",808
"Arlington Height, IL",2
"Armada, MI",1740
"Armagh, PA",117
"Armbrust, PA",1
"Armington, IL",333
"Arminto, WY",1
"Armona, CA",1
"Armonk, NY",1
"Armorel, AR",1
"Armour, SD",678
"Armstrong, IA",885
"Armstrong, IL",1
"Armstrong, MO",285
"Armstrong, TX",1
"Armstrong Creek, WI",1
"Armstrong Mills, OH",1
"Armuchee, GA",1
"Arnaudville, LA",1069
"Arnegard, ND",153
"Arnett, WV",1
"Arnold, KS",1
"Arnold, MD",1
"Arnold, MO",21319
"Arnold, NE",578
"Arnold, PA",4939
"Arnolds Park, IA",1256
"Arnoldsburg, WV",1
"Arnoldsville, GA",355
"Arock, OR",1
"Aroda, VA",1
"Aroma Park, IL",704
"Aromas, CA",1
"Arona, PA",347
"Arp, TX",1002
"Arpin, WI",320
"Arrey, NM",1
"Arriba, CO",201
"Arrington, TN",1
"Arrowsmith, IL",291
"Arroyo Hondo, NM",1
"Arroyo Seco, NM",1
"Arsenal, PA",1
"Art, TX",1
"Artas, SD",8
"Artemas, PA",1
"Artemus, KY",1
"Artesia, NM",12232
"Arthur, IA",203
"Arthur, IL",2268
"Arthur, ND",363
"Arthur, NE",119
"Arthur, WV",1
"Arthur City, TX",1
"Artie, WV",1
"Arundel, ME",1
"Arvada, CO",117453
"Arvada, WY",1
"Arvilla, ND",1
"Arvin, CA",21086
"Arvonia, VA",1
"Ary, KY",1
"Asbury, MO",207
"Asbury, WV",1
"Asco, WV",1
"Ash, NC",1
"Ash Fork, AZ",1
"Ash Grove, MO",1450
"Ashaway, RI",1
"Ashburn, GA",3737
"Ashburn, MO",1
"Ashburn, VA",1
"Ashburnham, MA",1
"Ashby, MA",1
"Ashby, MN",436
"Ashby, NE",1
"Ashcamp, KY",1
"Ashdown, AR",4472
"Asher, OK",417
"Asherton, TX",1118
"Asheville, NC",89121
"Ashfield, MA",1
"Ashford, AL",2149
"Ashford, WA",1
"Ashford, WV",1
"Ashkum, IL",727
"Ashland, AL",1971
"Ashland, KS",807
"Ashland, KY",21038
"Ashland, MA",1
"Ashland, ME",1
"Ashland, MO",3876
"Ashland, MT",1
"Ashland, NE",2566
"Ashland, NH",1
"Ashland, NY",1
"Ashland, OH",20489
"Ashland, OR",21639
"Ashland, PA",2711
"Ashland, VA",7649
"Ashland City, TN",4641
"Ashley, IL",501
"Ashley, IN",971
"Ashley, MI",553
"Ashley, ND",699
"Ashley, OH",1500
"Ashley, PA",2705
"Ashley Falls, MA",1
"Ashmore, IL",762
"Ashtabula, OH",18311
"Ashton, IA",423
"Ashton, ID",1055
"Ashton, IL",908
"Ashton, MD",1
"Ashton, NE",189
"Ashton, WV",1
"Ashuelot, NH",1
"Ashville, AL",2275
"Ashville, NY",1
"Ashville, OH",4194
"Ashville, PA",217
"Ashwaubenon, WI",17274
"Ashwood, OR",1
"Askew, MS",1
"Askov, MN",347
"Asotin, WA",1295
"Aspen, CO",6871
"Aspen Hill, MD",1
"Aspermont, TX",879
"Aspers, PA",1
"Aspinwall, IA",39
"Aspinwall, PA",2737
"Assaria, KS",407
"Assawoman, VA",1
"Assonet, MA",1
"Assumption, IL",1104
"Astatula, FL",1955
"Aston, PA",1
"Astor, FL",1
"Astoria, IL",1081
"Astoria, NY",5
"Astoria, OR",9802
"Astoria, SD",135
"Atalissa, IA",306
"Atascadero, CA",30330
"Atascosa, TX",1
"Atchison, KS",10679
"Atglen, PA",1402
"Athelstane, WI",1
"Athena, OR",1136
"Athens, AL",25393
"Athens, GA",123371
"Athens, LA",231
"Athens, ME",1
"Athens, MI",1005
"Athens, NY",1609
"Athens, OH",25341
"Athens, PA",3219
"Athens, TN",13748
"Athens, TX",12811
"Athens, WV",940
"Atherton, CA",7207
"Athol, ID",741
"Athol, KS",41
"Athol, NY",1
"Athol, SD",1
"Atkins, AR",3059
"Atkins, IA",1846
"Atkins, VA",1
"Atkinson, IL",945
"Atkinson, NC",337
"Atkinson, NE",1249
"Atkinson, NH",1
"Atlanta, GA",472522
"Atlanta, ID",1
"Atlanta, IL",1648
"Atlanta, IN",738
"Atlanta, KS",192
"Atlanta, LA",152
"Atlanta, MI",1
"Atlanta, MO",371
"Atlanta, NE",131
"Atlanta, NY",1
"Atlanta, TX",5638
"Atlantic, IA",6659
"Atlantic, NC",1
"Atlantic, PA",1
"Atlantic Beach, FL",13452
"Atlantic Beach, NY",1908
"Atlantic City, NJ",38735
"Atlantic Highlan, NJ",1
"Atlantic Mine, MI",1
"Atmautluak, AK",1
"Atmore, AL",10022
"Atoka, OK",3064
"Atoka, TN",9095
"Attalla, AL",5865
"Attapulgus, GA",432
"Atterbury, IL",1
"Attica, IN",3092
"Attica, KS",577
"Attica, MI",1
"Attica, NY",2449
"Attleboro, MA",44434
"Atwater, CA",29270
"Atwater, IL",1
"Atwater, MN",1120
"Atwater, OH",1
"Atwood, CO",1
"Atwood, IL",1185
"Atwood, KS",1209
"Atwood, OK",71
"Atwood, TN",921
"Au Gres, MI",854
"Au Sable Chasm, NY",1
"Au Sable Forks, NY",1
"Au Train, MI",1
"Auberry, CA",1
"Aubrey, AR",148
"Aubrey, TX",3383
"Auburn, AL",63118
"Auburn, CA",13963
"Auburn, GA",7603
"Auburn, IL",4752
"Auburn, IN",13052
"Auburn, KS",1212
"Auburn, KY",1348
"Auburn, MA",1
"Auburn, ME",22948
"Auburn, MI",2126
"Auburn, NE",3299
"Auburn, NH",1
"Auburn, NY",26821
"Auburn, PA",708
"Auburn, WA",77472
"Auburn, WV",92
"Auburn, WY",1
"Auburn Hills, MI",22795
"Auburndale, FL",15540
"Auburndale, MA",1
"Auburndale, WI",666
"Auburntown, TN",264
"Audubon, IA",1970
"Audubon, MN",519
"Audubon, NJ",8727
"Augusta, AR",2020
"Augusta, GA",197081
"Augusta, IL",563
"Augusta, KS",9321
"Augusta, KY",1175
"Augusta, ME",18494
"Augusta, MI",903
"Augusta, MO",256
"Augusta, MT",1
"Augusta, NJ",1
"Augusta, WI",1520
"Augusta, WV",1
"Aulander, NC",813
"Ault, CO",1683
"Aultman, PA",1
"Aurelia, IA",990
"Aurora, CO",361710
"Aurora, IA",170
"Aurora, IL",201110
"Aurora, IN",3689
"Aurora, KS",58
"Aurora, ME",1
"Aurora, MN",1654
"Aurora, NC",517
"Aurora, NE",4484
"Aurora, NY",717
"Aurora, OR",1008
"Aurora, SD",667
"Austell, GA",7139
"Austerlitz, NY",1
"Austin, AR",3722
"Austin, CO",1
"Austin, IN",4139
"Austin, KY",1
"Austin, MN",24720
"Austin, NV",1
"Austin, PA",542
"Austin, TX",947890
"Austin, UT",1
"Austinburg, OH",1
"Austintown, OH",1
"Austinville, IA",1
"Austinville, VA",1
"Austonio, TX",1
"Autaugaville, AL",854
"Auto, WV",1
"Autryville, NC",198
"Auxier, KY",1
"Auxvasse, MO",985
"Ava, IL",629
"Ava, MO",2927
"Ava, NY",1
"Avalon, CA",3767
"Avalon, MO",1
"Avalon, MS",1
"Avalon, NJ",1279
"Avalon, WI",1
"Avella, PA",1
"Avenal, CA",12466
"Avenel, NJ",1
"Avenue, MD",1
"Avera, GA",233
"Averill, VT",1
"Averill Park, NY",1
"Avery, ID",1
"Avery, TX",449
"Avilla, IN",2411
"Avilla, MO",126
"Avinger, TX",440
"Avoca, IA",1513
"Avoca, MN",139
"Avoca, NE",244
"Avoca, PA",2614
"Avoca, TX",1
"Avoca, WI",619
"Avon, CT",1
"Avon, IL",751
"Avon, IN",16960
"Avon, MA",1
"Avon, MN",1527
"Avon, NY",3290
"Avon, OH",22805
"Avon, SD",591
"Avon By The Sea, NJ",1
"Avon Lake, OH",23659
"Avon Park, FL",10259
"Avondale, AZ",82881
"Avondale, PA",1394
"Avondale Estates, GA",3150
"Avonmore, PA",973
"Awendaw, SC",1384
"Axis, AL",1
"Axson, GA",1
"Axtell, KS",400
"Axtell, NE",735
"Axtell, TX",1
"Axtell, UT",1
"Axton, VA",1
"Ayden, NC",5191
"Aydlett, NC",1
"Ayer, MA",1
"Aylett, VA",1
"Aylor, VA",1
"Aynor, SC",763
"Ayr, ND",17
"Ayr, NE",94
"Ayrshire, IA",139
"Azalea, OR",1
"Azalea Park, FL",1
"Azle, TX",12064
"Aztec, NM",5960
"Azusa, CA",49628
"Babb, MT",1
"Babbitt, MN",1507
"Babcock, WI",1
"Babson Park, FL",1
"Backoo, ND",1
"Backus, MN",248
"Bacliff, TX",1
"Baconton, GA",857
"Bad Axe, MI",2980
"Baden, PA",3998
"Bader, IL",1
"Badger, IA",548
"Badger, MN",364
"Badger, SD",103
"Bagdad, AZ",1
"Bagdad, KY",1
"Baggs, WY",430
"Bagley, IA",293
"Bagley, MN",1400
"Bagley, WI",369
"Bagwell, TX",1
"Bahama, NC",1
"Bailey, CO",1
"Bailey, MI",1
"Bailey, MS",1
"Bailey, NC",568
"Bailey Island, ME",1
"Bailey Switch, KY",1
"Baileys Crossroa, VA",1
"Baileys Harbor, WI",1
"Baileyton, AL",627
"Baileyton, TN",434
"Baileyville, IL",1
"Baileyville, KS",1
"Bainbridge, GA",12274
"Bainbridge, IN",745
"Bainbridge, MD",1
"Bainbridge, NY",1331
"Bainbridge, OH",851
"Bainbridge, PA",1
"Bainbridge Islan, WA",1
"Bains, LA",1
"Bainville, MT",314
"Baird, MS",1
"Baird, TX",1513
"Bairoil, WY",104
"Baisden, WV",1
"Baker, CA",1
"Baker, FL",1
"Baker, LA",13628
"Baker, MN",1
"Baker, MT",1990
"Baker, ND",1
"Baker, NV",1
"Baker, OK",1
"Baker, WV",1
"Bakersfield, CA",376380
"Bakersfield, MO",236
"Bakersfield, VT",1
"Bakerstown, PA",1
"Bakersville, NC",449
"Bakerton, KY",1
"Bal Harbour, FL",3050
"Bala Cynwyd, PA",1
"Balaton, MN",622
"Balch Springs, TX",25017
"Balcones Heights, TX",3286
"Bald Knob, AR",2907
"Bald Knob, WV",1
"Baldwin, FL",1460
"Baldwin, GA",3304
"Baldwin, IA",106
"Baldwin, IL",346
"Baldwin, LA",2312
"Baldwin, MD",1
"Baldwin, MI",1206
"Baldwin, ND",1
"Baldwin, NY",1
"Baldwin, WI",3974
"Baldwin, WV",1
"Baldwin City, KS",4677
"Baldwinsville, NY",7605
"Baldwinville, MA",1
"Baldwyn, MS",3332
"Balfour, ND",27
"Balko, OK",1
"Ball Ground, GA",1909
"Ball State Unive, IN",1
"Ballantine, MT",1
"Ballard, CA",1
"Ballard, WV",1
"Ballengee, WV",1
"Ballico, CA",1
"Ballinger, TX",3731
"Ballston Lake, NY",1
"Ballston Spa, NY",5319
"Ballwin, MO",30313
"Bally, PA",1101
"Balmorhea, TX",531
"Balsam Grove, NC",1
"Balsam Lake, WI",980
"Baltic, CT",1
"Baltic, OH",786
"Baltic, SD",1152
"Baltimore, MD",614664
"Baltimore, OH",2973
"Bamberg, SC",3342
"Bancroft, IA",709
"Bancroft, ID",367
"Bancroft, MI",519
"Bancroft, NE",475
"Bancroft, SD",18
"Bancroft, WI",1
"Bandera, TX",873
"Bandon, OR",3134
"Bandy, VA",1
"Bandytown, WV",1
"Baneberry, TN",530
"Bangor, CA",1
"Bangor, ME",31985
"Bangor, MI",1845
"Bangor, NY",1
"Bangor, WI",1483
"Bangs, TX",1584
"Banks, AL",173
"Banks, AR",120
"Banks, ID",1
"Banks, OR",1987
"Bankston, AL",1
"Banner, KY",1
"Banner, MS",1
"Banner, WY",1
"Banner Elk, NC",1144
"Banning, CA",31026
"Bannister, MI",1
"Bantam, CT",732
"Bantry, ND",15
"Bar Harbor, ME",1
"Baraboo, WI",12173
"Barataria, LA",1
"Barbeau, MI",1
"Barboursville, WV",4262
"Barclay, IL",1
"Barclay, MD",118
"Barco, NC",1
"Bard, NM",1
"Bardolph, IL",240
"Bardonia, NY",1
"Bardsdale, CA",1
"Bardstown, KY",13227
"Bardwell, KY",691
"Barefoot Bay, FL",1
"Bargersville, IN",7213
"Barhamsville, VA",1
"Baring, MO",127
"Baring, WA",1
"Barker, NY",510
"Barksdale, TX",1
"Barksdale A F B, LA",1
"Barling, AR",4801
"Barlow, KY",659
"Barnabus, WV",1
"Barnard, KS",67
"Barnard, MO",209
"Barnard, SD",1
"Barnardsville, NC",1
"Barnegat, NJ",1
"Barnes, KS",152
"Barnes, WI",1
"Barnes City, IA",173
"Barnesboro, PA",1
"Barnesville, GA",6696
"Barnesville, MD",179
"Barnesville, PA",1
"Barnet, VT",1
"Barnett, MO",201
"Barnetts Creek, KY",1
"Barneveld, NY",281
"Barneveld, WI",1226
"Barney, GA",1
"Barney, ND",51
"Barnhart, MO",1
"Barnhart, TX",1
"Barnhill, IL",1
"Barnsdall, OK",1203
"Barnstable, MA",1
"Barnstead, NH",1
"Barnum, IA",189
"Barnum, MN",603
"Barnum, TX",1
"Barnwell, SC",4542
"Baroda, MI",846
"Barr, IL",1
"Barre, MA",1
"Barre, VT",8710
"Barree, PA",1
"Barren Springs, VA",1
"Barrett, MN",403
"Barrett, TX",1
"Barrett, WV",1
"Barrington, IL",10312
"Barrington, NH",1
"Barrington, NJ",6792
"Barrington, RI",1
"Barron, WI",3311
"Barronett, WI",1
"Barrow, AK",1
"Barry, IL",1268
"Barry, MN",15
"Barry, TX",250
"Barryton, MI",359
"Barrytown, NY",1
"Barryville, NY",1
"Barstow, CA",23835
"Barstow, TX",373
"Bartelso, IL",603
"Bartlesville, OK",36647
"Bartlett, KS",79
"Bartlett, NE",113
"Bartlett, NH",1
"Bartlett, TN",58622
"Bartlett, TX",2752
"Bartley, NE",273
"Barto, PA",1
"Barton, MD",431
"Barton, ND",1
"Barton, NY",1
"Barton, VT",673
"Barton City, MI",1
"Bartonsville, PA",1
"Bartonville, IL",6332
"Bartow, FL",19499
"Bartow, GA",259
"Bartow, WV",1
"Basalt, CO",3921
"Basco, IL",96
"Bascom, FL",118
"Basehor, KS",5651
"Basile, LA",1812
"Basin, WY",1300
"Basinger, FL",1
"Baskerville, VA",1
"Baskin, LA",246
"Basking Ridge, NJ",1
"Basom, NY",1
"Bass, AR",1
"Bass Harbor, ME",1
"Bass Lake, CA",1
"Bass River, MA",1
"Bassett, AR",158
"Bassett, CA",1
"Bassett, NE",562
"Bassett, VA",1
"Bassfield, MS",222
"Bastian, VA",1
"Bastrop, LA",10578
"Bastrop, TX",8519
"Basye, VA",1
"Batavia, IA",535
"Batavia, IL",26391
"Batavia, NY",14801
"Batavia, OH",1650
"Batchelor, LA",1
"Batchtown, IL",205
"Bates, AR",1
"Bates, IL",1
"Bates City, MO",220
"Batesburg, SC",1
"Batesville, AR",10740
"Batesville, IN",6679
"Batesville, MS",7391
"Batesville, TX",1
"Bath, IN",1
"Bath, ME",8303
"Bath, MI",1
"Bath, NC",249
"Bath, NH",1
"Bath, PA",2672
"Bath, SD",1
"Bath Springs, TN",1
"Bathgate, ND",41
"Baton Rouge, LA",227715
"Batson, TX",1
"Batsto, NJ",1
"Battle Creek, IA",678
"Battle Creek, MI",51534
"Battle Creek, NE",1194
"Battle Ground, IN",1922
"Battle Ground, WA",20110
"Battle Lake, MN",888
"Battle Mountain, NV",1
"Battleboro, NC",1
"Battlement Mesa, CO",1
"Battletown, KY",1
"Battleview, ND",1
"Baudette, MN",1032
"Bauxite, AR",492
"Bavaria, KS",1
"Bavon, VA",1
"Baxley, GA",4741
"Baxter, IA",1110
"Baxter, KY",1
"Baxter, TN",1406
"Baxter, WV",1
"Baxter Springs, KS",3963
"Bay, AR",1817
"Bay, MO",1
"Bay City, MI",33511
"Bay City, OR",1360
"Bay City, WI",484
"Bay Head, NJ",978
"Bay Minette, AL",9312
"Bay Port, MI",1
"Bay Springs, MS",1738
"Bay View, MI",1
"Bay View, WI",1
"Bay Village, OH",15328
"Bayard, IA",457
"Bayard, NE",1134
"Bayberry, NY",1
"Bayboro, NC",1242
"Bayfield, CO",2628
"Bayfield, WI",475
"Baylis, IL",200
"Bayonne, NJ",66238
"Bayou La Batre, AL",2513
"Bayport, MN",3426
"Bayport, NY",1
"Bayside, CA",1
"Bayside, NY",2
"Bayside, TX",333
"Baytown, TX",75992
"Bayview, ID",1
"Bayview, TX",395
"Bayville, NJ",1
"Bayville, NY",6751
"Bazine, KS",320
"Beach, ND",1094
"Beach City, OH",995
"Beach Lake, PA",1
"Beachwood, NJ",11196
"Beachwood, OH",11707
"Beacon, IA",477
"Beacon, NY",14271
"Beacon Falls, CT",1
"Beaconsfield, IA",15
"Beallsville, MD",1
"Beallsville, OH",393
"Beallsville, PA",445
"Beals, ME",1
"Beaman, IA",190
"Bean Station, TN",3109
"Bear, DE",1
"Bear Branch, KY",1
"Bear Creek, AL",1041
"Bear Creek, NC",1
"Bear Creek, WA",1
"Bear Creek, WI",433
"Bear Lake, MI",282
"Bear Lake, PA",159
"Bear Mountain, NY",1
"Bear Valley, CA",1
"Bear Valley Spri, CA",1
"Bearcreek, MT",84
"Bearden, AR",886
"Bearden, OK",132
"Beardsley, MN",222
"Beardstown, IL",5656
"Bearsdale, IL",1
"Bearville, KY",1
"Beasley, TX",665
"Beason, IL",1
"Beatrice, AL",283
"Beatrice, NE",12362
"Beattie, KS",193
"Beatty, OR",1
"Beaufort, MO",1
"Beaufort, NC",4199
"Beaumont, CA",45349
"Beaumont, KS",1
"Beaumont, KY",1
"Beaumont, MS",938
"Beaumont, TX",118299
"Beaux Arts, WA",1
"Beaver, AK",1
"Beaver, IA",48
"Beaver, KS",1
"Beaver, OH",441
"Beaver, OR",1
"Beaver, PA",4378
"Beaver, UT",3048
"Beaver, WA",1
"Beaver, WI",1
"Beaver, WV",1
"Beaver City, NE",580
"Beaver Creek, MN",294
"Beaver Crossing, NE",407
"Beaver Dam, KY",3648
"Beaver Dam, WI",16476
"Beaver Dams, NY",1
"Beaver Grove, MI",1
"Beaver Meadows, PA",836
"Beaver River, NY",1
"Beaver Springs, PA",2
"Beavercreek, OH",46376
"Beavercreek, OR",1
"Beaverdam, VA",1
"Beaverlett, VA",1
"Beaverton, AL",187
"Beaverton, MI",1048
"Beaverton, OR",97590
"Beavertown, PA",973
"Beaverville, IL",341
"Bebe, TX",1
"Beccaria, PA",1
"Bechtelsville, PA",936
"Becker, MN",4785
"Becket, MA",1
"Beckley, WV",16972
"Beckville, TX",834
"Bedford, IA",1410
"Bedford, IN",13341
"Bedford, KY",597
"Bedford, MA",1
"Bedford, NH",1
"Bedford, NY",1
"Bedford, OH",12665
"Bedford, PA",2721
"Bedford, TX",49528
"Bedford, VA",6615
"Bedford, WY",1
"Bedford Hills, NY",1
"Bedford Park, IL",582
"Bedminster, NJ",1
"Bedrock, CO",1
"Bee, NE",193
"Bee, VA",1
"Bee Branch, AR",1
"Bee House, TX",1
"Bee Spring, KY",1
"Beebe, AR",8120
"Beebe River, NH",1
"Beech Bluff, TN",1
"Beech Creek, KY",1
"Beech Creek, PA",694
"Beech Grove, AR",1
"Beech Grove, IN",14740
"Beech Island, SC",1
"Beecher, IL",4447
"Beecher City, IL",455
"Beecher Falls, VT",1
"Beechgrove, TN",1
"Beechmont, KY",1
"Beedeville, AR",100
"Beeler, KS",1
"Beemer, NE",664
"Beersheba Spring, TN",1
"Beeson, WV",1
"Beeville, TX",13250
"Beggs, OK",1248
"Bejou, MN",90
"Bel Air, MD",10109
"Bel Aire, KS",1
"Bel Alton, MD",1
"Belcamp, MD",1
"Belcher, KY",1
"Belcher, LA",254
"Belchertown, MA",1
"Belcourt, ND",1
"Belden, CA",1
"Belden, MS",1
"Belden, ND",1
"Belden, NE",113
"Beldenville, WI",1
"Belding, MI",5769
"Belews Creek, NC",1
"Belfast, ME",6647
"Belfast, NY",1
"Belfast, TN",1
"Belford, NJ",1
"Belfry, KY",1
"Belfry, MT",1
"Belgium, WI",2285
"Belgrade, ME",1
"Belgrade, MN",768
"Belgrade, MO",1
"Belgrade, MT",8254
"Belgrade, NE",117
"Belgrade Lakes, ME",1
"Belhaven, NC",1588
"Belington, WV",1910
"Belknap, IL",106
"Bell, FL",469
"Bell Buckle, TN",519
"Bell City, LA",1
"Bell City, MO",430
"Bell Gardens, CA",42806
"Bell Ranch, NM",1
"Bella Vista, AR",28406
"Bella Vista, CA",1
"Bellaire, KS",1
"Bellaire, MI",1064
"Bellaire, OH",4170
"Bellaire, TX",18593
"Bellbrook, OH",7128
"Belle, MO",1510
"Belle Center, OH",807
"Belle Chasse, LA",1
"Belle Creek, MT",1
"Belle Fourche, SD",5655
"Belle Glade, FL",19130
"Belle Haven, VA",528
"Belle Mead, NJ",1
"Belle Plaine, IA",2454
"Belle Plaine, KS",1598
"Belle Plaine, MN",7009
"Belle Rive, IL",361
"Belle Rose, LA",1
"Belle View, VA",1
"Belleair Beach, FL",1623
"Belleair Bluffs, FL",2111
"Bellefontaine, OH",13172
"Bellerose, NY",1171
"Belleview, MO",1
"Belleville, AR",427
"Belleville, IL",41906
"Belleville, KS",1894
"Belleville, MI",3853
"Belleville, NJ",1
"Belleville, NY",1
"Belleville, PA",1
"Belleville, WI",2430
"Belleville, WV",1
"Bellevue, IA",2177
"Bellevue, ID",2315
"Bellevue, KY",5845
"Bellevue, MI",1296
"Bellevue, NE",53505
"Bellevue, OH",7973
"Bellevue, PA",8172
"Bellevue, TN",1
"Bellevue, TX",343
"Bellevue, VA",1
"Bellevue, WA",141400
"Bellflower, CA",77790
"Bellflower, IL",346
"Bellflower, MO",363
"Bellingham, MA",1
"Bellingham, MN",156
"Bellingham, WA",87574
"Bellmawr, NJ",11478
"Bellmead, TX",10306
"Bellona, NY",1
"Bellows Falls, VT",3016
"Bellport, NY",2066
"Bells, TN",2426
"Bells, TX",1456
"Bellville, OH",1871
"Bellville, TX",4274
"Bellvue, CO",1
"Bellwood, IL",19107
"Bellwood, NE",405
"Bellwood, PA",1768
"Belmond, IA",2324
"Belmont, CA",27081
"Belmont, KS",1
"Belmont, LA",1
"Belmont, MA",1
"Belmont, MI",1
"Belmont, MS",2032
"Belmont, NC",10784
"Belmont, NH",1
"Belmont, NY",931
"Belmont, OH",442
"Belmont, VT",1
"Belmont, WI",982
"Beloit, OH",920
"Belpre, KS",82
"Belpre, OH",6461
"Belt, MT",588
"Belton, KY",1
"Belton, MO",23290
"Belton, SC",4386
"Belton, TX",20873
"Beltrami, MN",106
"Beltsville, MD",1
"Belva, WV",1
"Belvedere, CA",2122
"Belvidere, IL",25070
"Belvidere, NC",1
"Belvidere, NE",47
"Belvidere, NJ",2602
"Belvidere, SD",54
"Belvidere, TN",1
"Belview, MN",358
"Belvue, KS",206
"Belzoni, MS",2029
"Bement, IL",1696
"Bemidji, MN",14942
"Bemis, SD",1
"Bemiss, GA",1
"Bemus Point, NY",355
"Ben Franklin, TX",1
"Ben Lomond, CA",1
"Ben Wheeler, TX",1
"Bena, MN",118
"Benbrook, TX",22948
"Bend, OR",91122
"Bend, TX",1
"Bendavis, MO",1
"Bendena, KS",1
"Benedict, KS",68
"Benedict, ND",74
"Benedict, NE",236
"Benedicta, ME",1
"Benezett, PA",1
"Benge, WA",1
"Benham, KY",459
"Benicia, CA",28174
"Benkelman, NE",857
"Benld, IL",1478
"Bennet, NE",854
"Bennett, CO",2488
"Bennett, IA",396
"Bennett, NC",1
"Bennettsville, SC",8255
"Bennington, IN",1
"Bennington, KS",645
"Bennington, NE",1510
"Bennington, NH",1
"Bennington, OK",352
"Bennington, VT",1
"Benoit, MS",448
"Bens Run, WV",1
"Bensalem, PA",1
"Bensenville, IL",18355
"Benson, AZ",4870
"Benson, IL",425
"Benson, MN",3101
"Benson, NC",3697
"Bent, NM",1
"Bent Mountain, VA",1
"Bentley, KS",517
"Bentley, LA",1
"Bentley, MI",1
"Bentley, ND",1
"Bentley Springs, MD",1
"Bentleyville, PA",2504
"Benton, AL",46
"Benton, AR",35775
"Benton, CA",1
"Benton, IA",43
"Benton, IL",6990
"Benton, KS",876
"Benton, KY",4531
"Benton, LA",2060
"Benton, MO",861
"Benton, MS",1
"Benton, PA",822
"Benton, TN",1317
"Benton, WI",955
"Benton City, MO",105
"Benton City, WA",3276
"Benton Harbor, MI",9919
"Benton Station, ME",1
"Bentonia, MS",423
"Bentonville, AR",47093
"Bentree, WV",1
"Benwood, WV",1344
"Benzonia, MI",500
"Beowawe, NV",1
"Berea, KY",15147
"Berea, OH",18859
"Berea, WV",1
"Beresford, SD",1969
"Bergen, ND",7
"Bergen, NY",1120
"Bergenfield, NJ",27647
"Berger, MO",219
"Bergheim, TX",1
"Bergholz, OH",632
"Bergland, MI",1
"Bergton, VA",1
"Berkeley, CA",121240
"Berkeley, MO",8981
"Berkeley Heights, NJ",1
"Berkey, OH",236
"Berkley, MA",1
"Berkley, MI",15272
"Berkshire, NY",1
"Berlin, CT",1
"Berlin, MA",1
"Berlin, MD",4608
"Berlin, MI",1
"Berlin, ND",35
"Berlin, NH",10413
"Berlin, NJ",7594
"Berlin, NY",1
"Berlin, PA",2006
"Berlin, WI",5395
"Berlin Center, OH",1
"Berlin Heights, OH",713
"Bern, ID",1
"Bern, KS",166
"Bernalillo, NM",9202
"Bernard, IA",110
"Bernard, ME",1
"Bernardsville, NJ",7805
"Berne, NY",1
"Bernhards Bay, NY",1
"Bernice, LA",1654
"Bernice, OK",562
"Bernie, MO",1933
"Bernville, PA",947
"Beroun, MN",1
"Berrien Center, MI",1
"Berrien Springs, MI",1752
"Berry, AL",1099
"Berry, IL",1
"Berry, KY",261
"Berry Creek, CA",1
"Berryman, MO",1
"Berrysburg, PA",373
"Berryton, KS",1
"Berryville, AR",5377
"Berryville, VA",4304
"Bertha, MN",468
"Berthoud, CO",6368
"Bertram, TX",1392
"Bertrand, MO",775
"Bertrand, NE",734
"Berwick, IL",1
"Berwick, LA",4689
"Berwick, ME",1
"Berwick, ND",1
"Berwick, PA",10138
"Berwyn, NE",82
"Berwyn, PA",1
"Beryl, UT",1
"Bessemer, AL",26511
"Bessemer, MI",1754
"Bessemer, PA",1070
"Bessemer City, NC",5548
"Bessie, OK",179
"Best, TX",1
"Bethalto, IL",9328
"Bethanna, KY",1
"Bethany, CT",1
"Bethany, IL",1305
"Bethany, LA",1
"Bethany, MO",3122
"Bethany, OK",19543
"Bethany, WV",1002
"Bethany Beach, DE",1194
"Bethel, AK",6378
"Bethel, CT",1
"Bethel, DE",192
"Bethel, ME",1
"Bethel, MO",118
"Bethel, NC",1620
"Bethel, NY",1
"Bethel, OH",2779
"Bethel, OK",1
"Bethel, PA",1
"Bethel, VT",1
"Bethel Heights, AR",2535
"Bethel Park, PA",31911
"Bethel Springs, TN",708
"Bethelridge, KY",1
"Bethesda, MD",2
"Bethesda, OH",1241
"Bethlehem, CT",1
"Bethlehem, GA",688
"Bethlehem, KY",1
"Bethlehem, NH",1
"Bethlehem, PA",75293
"Bethlehem, SD",1
"Bethpage, NY",1
"Bethpage, TN",1
"Bethton, PA",1
"Bethune, CO",238
"Bethune, SC",347
"Betsy Layne, KY",1
"Bettendorf, IA",35727
"Betterton, MD",324
"Bettles Field, AK",1
"Beulah, CO",1
"Beulah, MI",337
"Beulah, MO",1
"Beulah, MS",325
"Beulah, ND",3376
"Beulah, WY",1
"Beulaville, NC",1323
"Beverly, KS",154
"Beverly, KY",1
"Beverly, MA",41365
"Beverly, NJ",2513
"Beverly, OH",1316
"Beverly, WA",1
"Beverly, WV",679
"Beverly Hills, CA",34687
"Beverly Hills, TX",2022
"Bevier, MO",696
"Bevington, IA",68
"Bevinsville, KY",1
"Bexar, AR",1
"Bexley, OH",13669
"Bible Grove, IL",1
"Bickleton, WA",1
"Bicknell, IN",2876
"Biddeford, ME",21362
"Biddeford Pool, ME",1
"Biddle, MT",1
"Bidwell, OH",1
"Bienville, LA",210
"Big Arm, MT",1
"Big Bar, CA",1
"Big Bear City, CA",1
"Big Bend, LA",1
"Big Bend, WI",1316
"Big Bend, WV",1
"Big Bend Nationa, TX",1
"Big Cabin, OK",258
"Big Chimney, WV",1
"Big Clifty, KY",1
"Big Cove, AL",1
"Big Cove Tannery, PA",1
"Big Creek, KY",1
"Big Creek, MS",150
"Big Creek, WV",1
"Big Falls, MN",217
"Big Flat, AR",103
"Big Flats, NY",1
"Big Island, VA",1
"Big Lake, MN",10638
"Big Laurel, KY",1
"Big Otter, WV",1
"Big Pine, CA",1
"Big Pine Key, FL",1
"Big Pool, MD",1
"Big Prairie, OH",1
"Big Rapids, MI",10437
"Big River, CA",1
"Big Rock, IA",1
"Big Rock, IL",1157
"Big Rock, KY",1
"Big Rock, TN",1
"Big Run, WV",1
"Big Sandy, MT",590
"Big Sandy, TN",536
"Big Sandy, TX",1382
"Big Spring, KY",1
"Big Spring, MD",1
"Big Springs, NE",382
"Big Stone City, SD",456
"Big Stone Gap, VA",5372
"Big Sur, CA",1
"Big Timber, MT",1645
"Big Water, UT",480
"Big Wells, TX",750
"Bigbee, AL",1
"Bigelow, AR",306
"Bigelow, MN",239
"Bigelow, MO",25
"Bigfoot, TX",1
"Bigfork, MN",446
"Biggers, AR",334
"Biggs, CA",1701
"Biggs, IL",1
"Biggs, KY",1
"Biggsville, IL",285
"Bighorn, MT",1
"Biglerville, PA",1206
"Billerica, MA",1
"Billings, MO",1092
"Billings, MT",110323
"Billings, OK",505
"Billings Heights, MT",1
"Billingsley, AL",141
"Biloxi, MS",45975
"Bim, WV",1
"Bimble, KY",1
"Binford, ND",172
"Binger, OK",657
"Bingham, IL",82
"Bingham, ME",1
"Bingham, NE",1
"Bingham, NM",1
"Bingham Canyon, UT",1
"Bingham Lake, MN",128
"Binghamton, NY",45672
"Birch Harbor, ME",1
"Birch Island, ME",1
"Birch River, WV",1
"Birch Run, MI",1466
"Birch Tree, MO",653
"Birchdale, MN",1
"Birchleaf, VA",1
"Birchwood, TN",1
"Birchwood, WI",427
"Bird City, KS",432
"Bird In Hand, PA",1
"Bird Island, MN",978
"Birdeye, AR",1
"Birds, IL",1
"Birds Landing, CA",1
"Birdsboro, PA",5142
"Birdseye, IN",415
"Birdsnest, VA",1
"Birmingham, AL",212157
"Birmingham, IA",429
"Birmingham, MI",21007
"Birnamwood, WI",795
"Birney, MT",1
"Bisbee, AZ",5221
"Bisbee, ND",128
"Biscoe, AR",1
"Biscoe, NC",1679
"Bishop, GA",251
"Bishop, TX",3134
"Bishopville, MD",1
"Bishopville, SC",3238
"Bismarck, AR",1
"Bismarck, IL",545
"Bismarck, ND",72417
"Bison, KS",237
"Bison, OK",1
"Bison, SD",336
"Bitely, MI",1
"Bittinger, MD",1
"Bivalve, MD",1
"Bivins, TX",1
"Bixby, MO",1
"Bixby, OK",25333
"Blachly, OR",1
"Black, AL",207
"Black, MO",1
"Black, TX",1
"Black Butte Ranc, OR",1
"Black Creek, NY",1
"Black Diamond, WA",4384
"Black Eagle, MT",1
"Black Earth, WI",1415
"Black Hawk, CO",127
"Black Hawk, SD",1
"Black Lick, PA",1
"Black Mountain S, NC",1
"Black Oak, AR",268
"Black River, MI",1
"Black River, NY",1284
"Black River Fall, WI",1
"Black Rock, AR",622
"Blackburn, MO",247
"Blackduck, MN",779
"Blackfoot, ID",11890
"Blacklick, OH",1
"Blackridge, VA",1
"Blackshear, GA",3595
"Blackstock, SC",1
"Blackstone, IL",1
"Blackstone, MA",1
"Blackstone, VA",3453
"Blacksville, WV",183
"Blackville, SC",2265
"Blackwater, MO",164
"Blackwater, VA",1
"Blackwater Bridg, VA",1
"Blackwell, MO",1
"Blackwell, OK",6808
"Blackwell, TX",310
"Bladen, NE",227
"Bladenboro, NC",1692
"Bladensburg, MD",9608
"Blain, PA",261
"Blaine, KS",1
"Blaine, KY",47
"Blaine, MN",62892
"Blaine, TN",1875
"Blaine, WA",5164
"Blair, NE",8089
"Blair, OK",774
"Blair, SC",1
"Blair, WI",1386
"Blairs, VA",1
"Blairs Mill, KY",1
"Blairs Mills, PA",1
"Blairsburg, IA",210
"Blairstown, IA",669
"Blairstown, MO",94
"Blairstown, NJ",1
"Blairsville, GA",576
"Blairsville, PA",3294
"Blaisdell, ND",1
"Blakely, AR",1
"Blakely, GA",4702
"Blakesburg, IA",282
"Blakeslee, PA",1
"Blanca, CO",394
"Blanch, NC",1
"Blanchard, IA",37
"Blanchard, ID",1
"Blanchard, MI",1
"Blanchard, ND",1
"Blanchard, OK",8463
"Blanchardville, WI",805
"Blanchester, OH",4256
"Blanco, NM",1
"Blanco, OK",1
"Blanco, TX",1956
"Bland, MO",519
"Bland, VA",1
"Blandford, MA",1
"Blanding, UT",4036
"Blandinsville, IL",612
"Blandon, PA",1
"Blandville, WV",1
"Blanket, TX",383
"Blanks, LA",1
"Blasdell, NY",2621
"Blauvelt, NY",1
"Blawnox, PA",1403
"Bleiblerville, TX",1
"Blencoe, IA",206
"Blenheim, SC",146
"Blessing, TX",1
"Blevins, AR",305
"Bliss, ID",297
"Bliss, NY",1
"Blissfield, MI",3244
"Block Island, RI",1
"Blockton, IA",191
"Blodgett, OR",1
"Bloom, KS",1
"Bloom City, WI",1
"Bloomburg, TX",398
"Bloomdale, OH",685
"Bloomer, WI",3509
"Bloomery, WV",1
"Bloomfield, CT",1
"Bloomfield, IA",2643
"Bloomfield, IN",2323
"Bloomfield, KY",1064
"Bloomfield, MO",1881
"Bloomfield, MT",1
"Bloomfield, NE",985
"Bloomfield, NJ",1
"Bloomfield, NM",7090
"Bloomfield, NY",1
"Bloomfield, PA",1
"Bloomfield Towns, MI",3
"Blooming Grove, TX",828
"Blooming Prairie, MN",1987
"Bloomingburg, NY",408
"Bloomingburg, OH",913
"Bloomingdale, GA",2717
"Bloomingdale, IL",22075
"Bloomingdale, IN",327
"Bloomingdale, MI",440
"Bloomingdale, NJ",8173
"Bloomingdale, NY",1
"Bloomingdale, OH",196
"Bloomingdale, TN",1
"Bloomingrose, WV",1
"Bloomington, CA",1
"Bloomington, IL",78005
"Bloomington, IN",84465
"Bloomington, MD",1
"Bloomington, MN",85319
"Bloomington, NE",97
"Bloomington, NY",1
"Bloomington, TX",1
"Bloomington, WI",715
"Bloomington Spri, TN",1
"Bloomsburg, PA",14586
"Bloomsbury, NJ",845
"Bloomsdale, MO",542
"Bloomville, NY",1
"Bloomville, OH",924
"Blossburg, PA",1509
"Blossom, TX",1561
"Blossvale, NY",1
"Blount, WV",1
"Blounts Creek, NC",1
"Blountstown, FL",2500
"Blountsville, AL",1694
"Blountville, TN",1
"Blowing Rock, NC",1288
"Bloxom, VA",378
"Blue, AZ",1
"Blue Creek, OH",1
"Blue Diamond, KY",1
"Blue Earth, MN",3211
"Blue Eye, MO",160
"Blue Grass, IA",1699
"Blue Grass, VA",1
"Blue Hill, ME",1
"Blue Hill, NE",894
"Blue Hill Falls, ME",1
"Blue Island, IL",23401
"Blue Lake, CA",1265
"Blue Mound, IL",1101
"Blue Mound, KS",278
"Blue Mounds, WI",951
"Blue Mountain, AR",121
"Blue Mountain, MS",954
"Blue Mountain La, NY",1
"Blue Point, NY",1
"Blue Rapids, KS",971
"Blue Ridge, GA",1391
"Blue Ridge, TX",831
"Blue Ridge, VA",1
"Blue Ridge Summi, PA",1
"Blue River, KY",1
"Blue River, WI",417
"Blue Rock, OH",1
"Blue Springs, MO",54431
"Blue Springs, MS",232
"Blue Springs, NE",319
"Bluebell, UT",1
"Bluefield, VA",4968
"Bluejacket, OK",331
"Bluemont, VA",1
"Bluewater, NM",1
"Bluewell, WV",1
"Bluff City, AR",116
"Bluff City, KS",60
"Bluff City, TN",1656
"Bluff Dale, TX",1
"Bluff Park, AL",1
"Bluff Point, NY",1
"Bluffton, AR",1
"Bluffton, GA",99
"Bluffton, IN",9997
"Bluffton, MN",211
"Bluffton, OH",4182
"Bluffton, SC",18897
"Bluffton, TX",1
"Bluford, IL",673
"Blum, TX",443
"Blunt, SD",358
"Blythe, CA",19693
"Blythe, GA",694
"Blythedale, MO",185
"Blytheville A F, AR",1
"Blythewood, SC",3099
"Boalsburg, PA",1
"Boardman, OH",1
"Boardman, OR",3383
"Boaz, AL",9710
"Boaz, KY",1
"Bob White, WV",1
"Boca Raton, FL",96114
"Bock, MN",105
"Bode, IA",290
"Bodega, CA",1
"Bodega Bay, CA",1
"Bodfish, CA",1
"Boelus, NE",1
"Bogalusa, LA",11913
"Bogard, MO",158
"Bogart, GA",1056
"Bogata, TX",1085
"Boger City, NC",1
"Boggs, WV",1
"Boggstown, IN",1
"Bogota, NJ",8507
"Bogue, KS",141
"Bogue Chitto, MS",1
"Bohannon, VA",1
"Bohemia, NY",1
"Boiceville, NY",1
"Boiling Spring L, NC",1
"Boiling Springs, PA",1
"Bois D Arc, MO",1
"Boise, ID",223154
"Boise City, OK",1098
"Bokchito, OK",665
"Bokeelia, FL",1
"Bokoshe, OK",495
"Bolair, WV",1
"Bolar, VA",1
"Bolckow, MO",189
"Boles, AR",1
"Boley, OK",1183
"Boligee, AL",306
"Bolinas, CA",1
"Boling, TX",1
"Bolingbrook, IL",74518
"Bolivar, MO",10795
"Bolivar, NY",998
"Bolivar, OH",987
"Bolivar, PA",440
"Bolivar, TN",5112
"Bolivia, IL",1
"Bolivia, NC",152
"Bolt, WV",1
"Bolton, CT",1
"Bolton, MA",1
"Bolton, MS",543
"Bolton, NC",660
"Bolton Landing, NY",1
"Bolton Valley, VT",1
"Bombay, NY",1
"Bomont, WV",1
"Bon Air, VA",1
"Bon Aire, PA",1
"Bon Ami, TX",1
"Bon Aqua, TN",1
"Bon Secour, AL",1
"Bon Wier, TX",1
"Bonaire, GA",1
"Bonanza, OR",414
"Bonanza, TX",1
"Bonaparte, IA",414
"Bond, CO",1
"Bondurant, IA",5796
"Bondurant, WY",1
"Bondville, KY",1
"Bondville, VT",1
"Bone Cave, TN",1
"Bone Gap, IL",241
"Bonesteel, SD",272
"Bonetraill, ND",1
"Bonfield, IL",370
"Bonham, TX",10123
"Bonifay, FL",2750
"Bonita, CA",1
"Bonita, LA",262
"Bonita Springs, FL",54198
"Bonne Terre, MO",7147
"Bonneau, SC",473
"Bonner, MT",1
"Bonnerdale, AR",1
"Bonners Ferry, ID",2564
"Bonneville, OR",1
"Bonney Lake, WA",20310
"Bonnie, IL",384
"Bonnie Doone, NC",1
"Bonnieville, KY",262
"Bonnots Mill, MO",1
"Bono, AR",2279
"Bono, OH",1
"Bonsall, CA",1
"Boody, IL",1
"Booker, TX",1599
"Boomer, NC",1
"Boon, MI",1
"Boone, CO",349
"Boone, IA",12611
"Boone, NC",18834
"Boones Mill, VA",232
"Boonesville, VA",1
"Booneville, AR",3898
"Booneville, IA",1
"Booneville, MS",8744
"Boons Camp, KY",1
"Boonton, NJ",8382
"Boonville, CA",1
"Boonville, IN",6187
"Boonville, MO",8462
"Boonville, NC",1204
"Boonville, NY",2025
"Boothbay, ME",1
"Boothwyn, PA",1
"Borden, IN",911
"Bordentown, NJ",3851
"Border, AK",1
"Bordulac, ND",1
"Boring, OR",1
"Boron, CA",1
"Borrego Springs, CA",1
"Borup, MN",106
"Boscawen, NH",1
"Boscobel, WI",3150
"Bosque, NM",1
"Bosque Farms, NM",3820
"Boss, MO",1
"Bossier City, LA",68485
"Bostic, NC",375
"Boston, GA",1329
"Boston, KY",1
"Boston, MA",673184
"Boston, NY",1
"Boston, PA",1
"Boston, TX",1
"Boston, VA",1
"Boston College, MA",1
"Boswell, AR",1
"Boswell, IN",759
"Boswell, OK",691
"Boswell, PA",1214
"Bosworth, MO",294
"Bothell, WA",44546
"Botkins, OH",1145
"Bottineau, ND",2284
"Bouckville, NY",1
"Boulder, CO",108090
"Boulder, MT",1230
"Boulder, UT",1
"Boulder, WY",1
"Boulder City, NV",15689
"Boulder Creek, CA",1
"Boulder Junction, WI",1
"Boulevard, CA",1
"Bound Brook, NJ",10455
"Bountiful, UT",44078
"Bourbon, IN",1777
"Bourbon, MO",1612
"Bourbonnais, IL",18499
"Bourg, LA",1
"Bouton, IA",128
"Boutte, LA",1
"Bovey, MN",802
"Bovina, TX",1777
"Bovina Center, NY",1
"Bow, KY",1
"Bow, NH",1
"Bow, WA",1
"Bow Mar, CO",965
"Bowdens, NC",1
"Bowdle, SD",492
"Bowdoinham, ME",1
"Bowdon, GA",2097
"Bowdon, ND",130
"Bowen, IL",477
"Bowers Hill, VA",1
"Bowerston, OH",383
"Bowersville, GA",469
"Bowesmont, ND",1
"Bowie, MD",58393
"Bowie, TX",5143
"Bowler, WI",296
"Bowling Green, IN",1
"Bowling Green, KY",65234
"Bowling Green, MO",5510
"Bowling Green, OH",31588
"Bowling Green, VA",1167
"Bowlus, MN",285
"Bowman, GA",811
"Bowman, ND",1713
"Bowman, SC",921
"Bowmansville, NY",1
"Box Elder, MT",1
"Box Elder, SD",9348
"Boxboro, MA",1
"Boxford, MA",1
"Boxholm, IA",196
"Boy River, MN",47
"Boyce, LA",1008
"Boyce, VA",615
"Boyceville, WI",1097
"Boyd, MN",163
"Boyd, TX",1370
"Boyd, WI",537
"Boyd Tavern, VA",1
"Boyden, IA",695
"Boyds, MD",1
"Boyds, WA",1
"Boydton, VA",416
"Boyers, PA",1
"Boyertown, PA",4031
"Boyes, MT",1
"Boykins, VA",542
"Boyle, MS",610
"Boylston, MA",1
"Boyne City, MI",3740
"Boyne Falls, MI",292
"Boynton, OK",242
"Boynton Beach, FL",75569
"Boys Ranch, AL",1
"Boys Ranch, FL",1
"Boys Ranch, NM",1
"Bozeman, MT",45250
"Bozman, MD",1
"Bozoo, WV",1
"Bozrah, CT",1
"Braceville, IL",760
"Bracey, VA",1
"Brackenridge, PA",3180
"Brackettville, TX",1674
"Brackney, PA",1
"Bradbury, CA",1079
"Braddock, ND",20
"Braddyville, IA",153
"Braden River, FL",3
"Bradenton, FL",55687
"Bradenton Beach, FL",1262
"Bradenville, PA",1
"Bradford, AR",759
"Bradford, IA",1
"Bradford, IL",733
"Bradford, MA",1
"Bradford, ME",1
"Bradford, NH",1
"Bradford, NY",1
"Bradford, OH",1866
"Bradford, PA",8369
"Bradford, RI",1
"Bradford, TN",996
"Bradford, VT",1
"Bradfordsville, KY",295
"Bradfordwoods, PA",1
"Bradgate, IA",83
"Bradley, AR",552
"Bradley, CA",1
"Bradley, IL",15471
"Bradley, ME",1
"Bradley, OK",131
"Bradley, SC",1
"Bradley, SD",73
"Bradley Beach, NJ",4246
"Bradleyville, MO",1
"Bradner, OH",1018
"Bradshaw, MD",1
"Bradshaw, NE",270
"Brady, MT",1
"Brady, NE",413
"Bradyville, TN",1
"Bragg City, MO",140
"Braggs, OK",253
"Braham, MN",1777
"Braidwood, IL",6157
"Brainard, NE",320
"Brainard, NY",1
"Braintree, MA",1
"Braithwaite, LA",1
"Braman, OK",210
"Brampton, MI",1
"Brampton, ND",1
"Bramwell, WV",352
"Branch, AR",357
"Branch, LA",1
"Branch, MI",1
"Branchdale, PA",1
"Branchland, WV",1
"Branchport, NY",1
"Branchville, IN",1
"Branchville, NJ",788
"Branchville, SC",975
"Branchville, VA",116
"Brandenburg, KY",2873
"Brandon, CO",1
"Brandon, FL",2
"Brandon, IA",306
"Brandon, MN",479
"Brandon, MS",23826
"Brandon, VT",1
"Brandon, WI",856
"Brandsville, MO",160
"Brandt, SD",104
"Brandy Station, VA",1
"Brandywine, MD",1
"Brandywine, WV",1
"Branford, CT",1
"Branford, FL",726
"Branscomb, CA",1
"Branson, CO",67
"Branson West, MO",438
"Brant, MI",1
"Brant Lake, NY",1
"Brantford, ND",1
"Brantley, AL",801
"Brantwood, WI",1
"Braselton, GA",10234
"Brashear, MO",267
"Brashear, TX",1
"Brasher Falls, NY",1
"Brasstown, NC",1
"Brattleboro, VT",1
"Brawley, CA",26149
"Braxton, MS",179
"Braymer, MO",853
"Brayton, IA",117
"Brazil, IN",8110
"Brazoria, TX",3071
"Brea, CA",42471
"Bread Loaf, VT",1
"Breckenridge, MI",1300
"Breckenridge, MN",3270
"Breckenridge, MO",357
"Breckenridge, TX",5563
"Brecksville, OH",13425
"Breda, IA",473
"Breeden, WV",1
"Breeding, KY",1
"Breese, IL",4511
"Breesport, NY",1
"Breezewood, PA",1
"Breien, ND",1
"Breinigsville, PA",1
"Bremen, AL",1
"Bremen, GA",6421
"Bremen, IN",4552
"Bremen, KS",1
"Bremen, KY",194
"Bremen, ND",1
"Bremer, IA",1
"Bremerton, WA",40675
"Bremo Bluff, VA",1
"Bremond, TX",943
"Brenham, TX",16989
"Brent, AL",4919
"Brentford, SD",76
"Brenton, WV",1
"Brentwood, CA",60532
"Brentwood, MD",3183
"Brentwood, MO",8000
"Brentwood, NH",1
"Brentwood, PA",9422
"Brentwood, TN",42517
"Brethren, MI",1
"Brevard, NC",7822
"Brevig Mission, AK",399
"Brewer, ME",9107
"Brewerton, NY",1
"Brewster, KS",300
"Brewster, MA",1
"Brewster, MN",472
"Brewster, NE",17
"Brewster, NY",2346
"Brewster, OH",2156
"Brewster, WA",2341
"Brian Head, UT",89
"Briar, MO",1
"Briarcliff Manor, NY",8032
"Briarwood, ND",75
"Bricelyn, MN",342
"Brick, NJ",1
"Brickeys, AR",1
"Bridal Veil, OR",1
"Bridge City, LA",1
"Bridge City, TX",8165
"Bridgeboro, GA",1
"Bridgeland, UT",1
"Bridgeport, AL",2337
"Bridgeport, CA",1
"Bridgeport, CT",145936
"Bridgeport, IL",1770
"Bridgeport, IN",1
"Bridgeport, MI",1
"Bridgeport, NE",1497
"Bridgeport, NJ",1
"Bridgeport, NY",1
"Bridgeport, OH",1791
"Bridgeport, PA",4561
"Bridgeport, TX",6507
"Bridgeport, WA",2509
"Bridgeport, WV",8364
"Bridger, MT",732
"Bridgeton, IN",1
"Bridgeton, MO",11680
"Bridgeview, IL",16248
"Bridgeville, DE",2302
"Bridgeville, PA",5046
"Bridgewater, CT",1
"Bridgewater, IA",157
"Bridgewater, MA",1
"Bridgewater, ME",1
"Bridgewater, NJ",1
"Bridgewater, VA",6048
"Bridgewater, VT",1
"Bridgewater Corn, VT",1
"Bridgman, MI",2253
"Bridgton, ME",1
"Bridport, VT",1
"Brielle, NJ",4715
"Brier, WA",6743
"Brier Hill, NY",1
"Brierfield, AL",1
"Brigantine, NJ",9042
"Briggs, TX",1
"Briggsdale, CO",1
"Briggsville, AR",1
"Briggsville, WI",1
"Brigham City, UT",18975
"Bright Shade, KY",1
"Brighton, IA",659
"Brighton, IL",2185
"Brighton, MA",1
"Brighton, MI",7604
"Brighton, MO",1
"Brighton, TN",2936
"Brightwaters, NY",3060
"Brightwood, OR",1
"Brightwood, VA",1
"Brilliant, AL",879
"Brilliant, OH",1
"Brillion, WI",3127
"Brimfield, IL",847
"Brimfield, MA",1
"Brimhall, NM",1
"Brimson, MN",1
"Bringhurst, IN",1
"Brinkhaven, OH",1
"Brinkley, AR",2798
"Brinkley, KY",1
"Brinklow, MD",1
"Brinktown, MO",1
"Brinnon, WA",1
"Brinsmade, ND",35
"Brinson, GA",208
"Briny Breezes, FL",604
"Brisbane, CA",4693
"Brisben, NY",1
"Brisbin, PA",392
"Briscoe, TX",1
"Bristol, CO",1
"Bristol, CT",60147
"Bristol, FL",966
"Bristol, GA",1
"Bristol, IL",1
"Bristol, IN",1672
"Bristol, ME",1
"Bristol, NH",1
"Bristol, RI",1
"Bristol, TN",27109
"Bristol, VA",16960
"Bristol, VT",1
"Bristol, WI",5008
"Bristol, WV",1
"Bristolville, OH",1
"Bristow, IA",158
"Bristow, NE",62
"Bristow, OK",4248
"Bristow, VA",1
"Britt, IA",1958
"Britt, MN",1
"Britton, MI",566
"Britton, SD",1250
"Brixey, MO",1
"Broad Bottom, KY",1
"Broad Run, VA",1
"Broad Top, PA",1
"Broadalbin, NY",1295
"Broadbent, OR",1
"Broaddus, TX",195
"Broaddus, WV",1
"Broadford, VA",1
"Broadlands, IL",352
"Broadview, IL",7823
"Broadview, MT",193
"Broadview, NM",1
"Broadview Height, OH",1
"Broadwater, NE",123
"Broadway, NC",1242
"Broadway, VA",3860
"Broadwell, IL",142
"Brock, NE",107
"Brocket, ND",55
"Brockport, NY",8319
"Brockport, PA",1
"Brockton, MA",95630
"Brockton, MT",243
"Brockton, PA",1
"Brockway, MI",1
"Brockway, MT",1
"Brockway, PA",2024
"Brockwell, AR",1
"Brocton, IL",298
"Brocton, NY",1426
"Brodbecks, PA",1
"Brodhead, KY",1198
"Brodhead, WI",3276
"Brodheadsville, PA",1
"Brodnax, VA",279
"Brogan, OR",1
"Brogue, PA",1
"Brohard, WV",1
"Broken Arrow, OK",107403
"Broken Bow, NE",3539
"Broken Bow, OK",4103
"Bromley Mtn, VT",1
"Bronaugh, MO",246
"Bronson, FL",1113
"Bronson, IA",323
"Bronson, KS",312
"Bronson, MI",2319
"Bronson, TX",1
"Bronston, KY",1
"Bronte, TX",979
"Bronwood, GA",383
"Bronx, NY",1455720
"Bronxville, NY",6407
"Brook, IN",963
"Brookeland, TX",1
"Brooker, FL",332
"Brookesmith, TX",1
"Brookeville, MD",132
"Brookfield, CT",1
"Brookfield, IL",18753
"Brookfield, MA",1
"Brookfield, MO",4303
"Brookfield, NY",1
"Brookfield, OH",1
"Brookfield, VT",1
"Brookfield, WI",38016
"Brookhaven, MS",12359
"Brookhaven, NY",1
"Brookhaven, PA",8066
"Brookings, SD",23895
"Brookland, AR",3098
"Brooklet, GA",1523
"Brookley Field, AL",1
"Brooklin, ME",1
"Brookline, MA",1
"Brookline, NH",1
"Brookline, PA",1
"Brookline Statio, MO",1
"Brooklyn, CT",1
"Brooklyn, IA",1413
"Brooklyn, MI",1192
"Brooklyn, MS",1
"Brooklyn, NY",2629150
"Brooklyn, OH",10828
"Brooklyn, WI",1450
"Brooklyn Center, MN",30870
"Brooklyn Curtis, MD",2
"Brooklyn Navy Ya, NY",1
"Brooklyn Park, MN",79707
"Brookneal, VA",1116
"Brookpark, OH",1
"Brooks, CA",1
"Brooks, GA",550
"Brooks, KY",1
"Brooks, ME",1
"Brooks, MN",139
"Brooks, OR",1
"Brooks A F B, TX",1
"Brookshire, TX",5233
"Brookston, IN",1515
"Brookston, MN",138
"Brookston, TX",1
"Brooksville, FL",7999
"Brooksville, KY",643
"Brooksville, ME",1
"Brooksville, MS",1169
"Brookton, ME",1
"Brooktondale, NY",1
"Brookville, IN",2546
"Brookville, KS",263
"Brookville, OH",5895
"Brookwood, AL",1827
"Broomall, PA",1
"Broomes Island, MD",1
"Broomfield, CO",66529
"Brooten, MN",743
"Broseley, MO",1
"Brothers, OR",1
"Broughton, IL",187
"Broussard, LA",11507
"Browder, KY",1
"Browerville, MN",753
"Brown City, MI",1257
"Browndale, PA",1
"Brownell, KS",28
"Brownfield, IL",1
"Brownfield, ME",1
"Brownfield, TX",9779
"Browning, KY",1
"Browning, MO",253
"Brownlee, NE",1
"Browns, IL",131
"Browns Mills, NJ",1
"Browns Summit, NC",1
"Browns Valley, CA",1
"Browns Valley, MN",549
"Brownsboro, AL",1
"Brownsburg, IN",25408
"Brownsdale, MN",678
"Brownstown, IL",738
"Brownstown, IN",2927
"Brownsville, CA",1
"Brownsville, IN",1
"Brownsville, MN",491
"Brownsville, OR",1762
"Brownsville, TN",9782
"Brownsville, TX",183823
"Brownsville, VT",1
"Brownton, MN",734
"Browntown, VA",1
"Browntown, WI",281
"Brownville, ME",1
"Brownville, NE",127
"Broxton, GA",1185
"Bruce, MI",1
"Bruce, MS",1887
"Bruce, SD",206
"Bruce, WI",724
"Bruce Crossing, MI",1
"Bruceton, TN",1434
"Bruceton Mills, WV",87
"Bruceville, IN",475
"Bruceville, TX",1
"Bruin, PA",501
"Bruington, VA",1
"Brule, NE",306
"Brule, WI",1
"Brumley, MO",93
"Brundidge, AL",1972
"Bruner, MO",1
"Bruni, TX",1
"Bruning, NE",271
"Brunnerville, PA",1
"Bruno, AR",1
"Bruno, MN",99
"Bruno, NE",95
"Brunson, SC",517
"Brunswick, GA",16346
"Brunswick, IL",1
"Brunswick, MD",6171
"Brunswick, MO",822
"Brunswick, NE",133
"Brunswick, OH",34756
"Brusett, MT",1
"Brush, CO",5408
"Brush Creek, TN",1
"Brush Prairie, WA",1
"Brush Valley, PA",1
"Brushton, NY",439
"Brusly, LA",2794
"Brussels, WI",1
"Brutus, MI",1
"Bryan, OH",8434
"Bryan, TX",83260
"Bryans Road, MD",1
"Bryant, AL",1
"Bryant, AR",20005
"Bryant, IA",1
"Bryant, IL",214
"Bryant, IN",257
"Bryant, SD",450
"Bryant, WI",1
"Bryant Pond, ME",1
"Bryantown, MD",1
"Bryants Store, KY",1
"Bryce Canyon, UT",1
"Bryceville, FL",1
"Bryn Mawr, PA",1
"Bryson, TX",520
"Bryson City, NC",1452
"Bryte, CA",1
"Buchanan, GA",1141
"Buchanan, MI",4334
"Buchanan, ND",111
"Buchanan, NY",2265
"Buchanan, TN",1
"Buchanan Dam, TX",1
"Buckatunna, MS",1
"Buckeye, AZ",64629
"Buckeye, LA",1
"Buckeye, WV",1
"Buckfield, ME",1
"Buckhead, GA",172
"Buckholts, TX",519
"Buckhorn, KY",157
"Buckhorn, NM",1
"Buckingham, IA",1
"Buckingham, IL",291
"Buckingham, KY",1
"Buckingham, VA",1
"Buckland, AK",426
"Buckland, MA",1
"Buckley, IL",560
"Buckley, MI",705
"Buckley, WA",4682
"Bucklin, KS",780
"Bucklin, MO",440
"Buckner, AR",246
"Buckner, IL",446
"Buckner, KY",1
"Buckner, MO",3055
"Bucks Harbor, ME",1
"Buckskin, IN",1
"Bucksport, ME",1
"Bucksport, SC",1
"Buckville, AR",1
"Bucyrus, KS",1
"Bucyrus, MO",1
"Bucyrus, ND",26
"Bucyrus, OH",11903
"Buda, IL",515
"Buda, TX",15023
"Budd Lake, NJ",1
"Bueche, LA",1
"Buechel, KY",2
"Buellton, CA",5095
"Buena, NJ",4456
"Buena Park, CA",83156
"Buena Ventura La, FL",1
"Buena Vista, CO",2778
"Buena Vista, PA",1
"Buena Vista, TN",1
"Buena Vista, VA",6452
"Bueyeros, NM",1
"Buffalo, KS",217
"Buffalo, KY",1
"Buffalo, MN",16103
"Buffalo, MO",3049
"Buffalo, MT",1
"Buffalo, ND",191
"Buffalo, NY",256902
"Buffalo, SC",1
"Buffalo, SD",353
"Buffalo, WV",1250
"Buffalo, WY",4590
"Buffalo Center, IA",902
"Buffalo Gap, SD",136
"Buffalo Grove, IL",41346
"Buffalo Hart, IL",1
"Buffalo Junction, VA",1
"Buffalo Lake, MN",695
"Buffalo Mills, PA",1
"Buffalo Ridge, SD",1
"Buffalo Valley, TN",1
"Buffaloville, IN",1
"Buford, GA",14356
"Buford, WY",1
"Buhl, AL",1
"Buhl, ID",4298
"Buhler, KS",1317
"Bula, TX",1
"Bulger, PA",1
"Bull Shoals, AR",1945
"Bullfrog, UT",1
"Bullhead City, AZ",39970
"Bullock, NC",1
"Bulls Gap, TN",724
"Bumpass, VA",1
"Bumpus Mills, TN",1
"Buna, TX",1
"Bunceton, MO",350
"Bunch, OK",1
"Buncombe, IL",206
"Bunker, MO",398
"Bunker Hill, IL",1712
"Bunker Hill, IN",859
"Bunker Hill, KS",96
"Bunker Hill, WV",1
"Bunnell, FL",2869
"Bunnlevel, NC",1
"Buras, LA",1
"Burbank, CA",104447
"Burbank, IL",28886
"Burbank, OH",208
"Burbank, OK",139
"Burbank, SD",1
"Burchard, NE",78
"Burden, KS",533
"Burdett, KS",237
"Burdett, NY",320
"Burdette, AR",175
"Burdick, KS",1
"Burfordville, MO",1
"Burgaw, NC",4096
"Burgess, VA",1
"Burghill, OH",1
"Burgoon, OH",172
"Burien, WA",50997
"Burkburnett, TX",11095
"Burke, KY",1
"Burke, NY",201
"Burke, VA",1
"Burkesville, KY",1509
"Burkett, TX",1
"Burkeville, TX",1
"Burkeville, VA",406
"Burkhart, KY",1
"Burkittsville, MD",157
"Burkville, AL",1
"Burleson, TX",45016
"Burley, ID",10464
"Burlingame, KS",888
"Burlington, CO",4184
"Burlington, CT",1
"Burlington, IA",25277
"Burlington, MA",1
"Burlington, ME",1
"Burlington, MI",260
"Burlington, NC",52709
"Burlington, ND",1191
"Burlington, NJ",9866
"Burlington, OK",159
"Burlington, TX",1
"Burlington, VT",42260
"Burlington, WA",8768
"Burlington, WI",10668
"Burlington, WV",1
"Burlington, WY",344
"Burlington Flats, NY",1
"Burlington Junct, MO",1
"Burlison, TN",408
"Burna, KY",1
"Burnet, TX",6359
"Burnett, WI",1
"Burnettsville, IN",337
"Burney, CA",1
"Burneyville, OK",1
"Burnham, IL",4170
"Burnham, ME",1
"Burnham, PA",2004
"Burnleys, VA",1
"Burns, KS",220
"Burns, OR",2788
"Burns, TN",1470
"Burns, WY",305
"Burnside, IA",1
"Burnside, IL",1
"Burnside, PA",229
"Burnstad, ND",1
"Burnsville, MN",61290
"Burnsville, MS",930
"Burnsville, NC",1656
"Burnsville, VA",1
"Burnt Cabins, PA",1
"Burnt Hills, NY",1
"Burnt Prairie, IL",51
"Burnt Ranch, CA",1
"Burnwell, WV",1
"Burr, NE",58
"Burr Hill, VA",1
"Burr Oak, IA",1
"Burr Oak, KS",158
"Burr Oak, MI",814
"Burrton, KS",887
"Burt, IA",505
"Burt, MI",1
"Burt, ND",1
"Burt, NY",1
"Burton, OH",1459
"Burton, SC",1
"Burton, TX",298
"Burtonsville, MD",1
"Burtrum, MN",139
"Burwell, NE",1202
"Busby, MT",1
"Bush, KY",1
"Bush, LA",1
"Bushkill, PA",1
"Bushnell, FL",3067
"Bushnell, IL",2943
"Bushnell, NE",121
"Bushong, KS",34
"Bushton, KS",271
"Bushwood, MD",1
"Buskirk, NY",1
"Bussey, IA",414
"Bustins Island, ME",1
"Busy, KY",1
"Butler, AL",1773
"Butler, GA",1871
"Butler, IL",173
"Butler, IN",2703
"Butler, KY",594
"Butler, MO",4078
"Butler, OH",906
"Butler, OK",300
"Butler, SD",16
"Butler, TN",1
"Butler, WI",1820
"Butlerville, IN",1
"Butner, NC",7702
"Butte, AK",1
"Butte, MT",33853
"Butte, ND",78
"Butte, NE",308
"Butte City, CA",1
"Butte Falls, OR",439
"Butte Meadows, CA",1
"Butterfield, MN",590
"Butterfield, MO",461
"Butternut, WI",361
"Buttonwillow, CA",1
"Butztown, PA",1
"Buxton, ND",316
"Buxton, OR",1
"Buyck, MN",1
"Byars, OK",269
"Bybee, KY",1
"Bybee, TN",1
"Bybee, VA",1
"Byers, CO",1
"Byers, KS",35
"Byers, TX",469
"Byesville, OH",2382
"Byfield, MA",1
"Byhalia, MS",1245
"Bylas, AZ",1
"Bynum, MT",1
"Bynum, TX",199
"Byram, CT",1
"Byrdstown, TN",815
"Byrnedale, PA",1
"Byromville, GA",506
"Byron, AR",1
"Byron, CA",1
"Byron, IL",3625
"Byron, MI",555
"Byron, MN",5392
"Byron, NE",81
"Byron, NY",1
"Byron, OK",37
"Byron Center, MI",1
"Caballo, NM",1
"Cabazon, CA",1
"Cabery, IL",255
"Cabin Creek, WV",1
"Cabin John, MD",1
"Cabins, WV",1
"Cable, OH",1
"Cable, WI",1
"Cabool, MO",2136
"Cabot, AR",25797
"Cabot, VT",1
"Cache, IL",1
"Cache, OK",2853
"Caddo, OK",1062
"Caddo, TX",1
"Caddo Gap, AR",1
"Caddo Mills, TX",1554
"Caddoa, CO",1
"Cades, SC",1
"Cadet, MO",1
"Cadillac, MI",10460
"Cadogan, PA",1
"Cadosia, NY",1
"Cadott, WI",1424
"Cadwell, GA",526
"Cadyville, NY",1
"Cahaba Heights, AL",1
"Cahokia, IL",14260
"Cahone, CO",1
"Cainsville, MO",278
"Cairnbrook, PA",1
"Cairo, GA",9570
"Cairo, IL",2359
"Cairo, MO",289
"Cairo, NE",804
"Cairo, NY",1
"Cairo, WV",267
"Calabasas, CA",24176
"Calabash, NC",2146
"Calais, ME",2965
"Calais, VT",1
"Calamine, AR",1
"Calamus, IA",409
"Calcasieu, LA",1
"Calcium, NY",1
"Calcutta, OH",1
"Calder, ID",1
"Caldwell, ID",53149
"Caldwell, KS",1020
"Caldwell, OH",1705
"Caldwell, TX",4326
"Caldwell, WV",1
"Cale, AR",74
"Caledonia, IL",195
"Caledonia, MN",2786
"Caledonia, MO",130
"Caledonia, MS",1050
"Caledonia, ND",1
"Caledonia, NY",2127
"Caledonia, OH",551
"Caledonia, WI",24910
"Calera, AL",13489
"Calera, OK",2277
"Calexico, CA",40232
"Calhan, CO",795
"Calhoun, GA",16445
"Calhoun, IL",170
"Calhoun, KY",757
"Calhoun, LA",1
"Calhoun, MO",447
"Calhoun, TN",497
"Calhoun City, MS",1725
"Calhoun Falls, SC",1953
"Caliente, NV",1108
"Califon, NJ",1060
"California, KY",86
"California, MD",1
"California, MO",4421
"California, PA",6466
"California City, CA",13707
"California Hot S, CA",1
"California State, CA",1
"California Valle, CA",1
"Calimesa, CA",8616
"Calio, ND",21
"Calipatria, CA",7526
"Calistoga, CA",5311
"Call, TX",1
"Callahan, CA",1
"Callahan, FL",1279
"Callands, VA",1
"Callao, MO",276
"Callao, VA",1
"Callaway, KY",1
"Callaway, MD",1
"Callaway, MN",236
"Callaway, NE",529
"Callaway, VA",1
"Callender, IA",363
"Callensburg, PA",199
"Callicoon, NY",1
"Calliham, TX",1
"Calmar, IA",953
"Calpine, CA",1
"Calumet, IA",169
"Calumet, OK",572
"Calumet City, IL",36732
"Calumet Park, IL",7787
"Calvary, GA",1
"Calvert, TX",1142
"Calvert City, KY",2550
"Calverton, NY",1
"Calvin, KY",1
"Calvin, ND",19
"Calvin, OK",281
"Calvin, PA",1
"Calvin, WV",1
"Calwa, CA",1
"Camanche, IA",4325
"Camargo, IL",444
"Camargo, OK",179
"Camarillo, CA",67363
"Camas, WA",22449
"Camas Valley, OR",1
"Cambria, CA",1
"Cambria, WI",756
"Cambria Heights, NY",1
"Cambridge, IA",815
"Cambridge, ID",316
"Cambridge, IL",2099
"Cambridge, KS",83
"Cambridge, MA",110651
"Cambridge, MD",12468
"Cambridge, ME",1
"Cambridge, MN",8677
"Cambridge, NE",1038
"Cambridge, NY",1819
"Cambridge, VT",242
"Cambridge, WI",1509
"Cambridge City, IN",1765
"Cambridge Spring, PA",1
"Cambridgeport, VT",1
"Camby, IN",1
"Camden, AL",1919
"Camden, IL",79
"Camden, IN",604
"Camden, ME",1
"Camden, MI",501
"Camden, MO",185
"Camden, MS",1
"Camden, NC",1
"Camden, NJ",74420
"Camden, NY",2188
"Camden, OH",1963
"Camden, SC",7126
"Camden, TN",3551
"Camden, WV",1
"Camden Point, MO",536
"Camden Wyoming, DE",1
"Camdenton, MO",3946
"Cameron, IL",1
"Cameron, LA",1
"Cameron, MO",9788
"Cameron, MT",1
"Cameron, NY",1
"Cameron, OK",294
"Cameron, SC",416
"Cameron, TX",5565
"Cameron, WI",1791
"Cameron, WV",891
"Cameron Mills, NY",1
"Cameron Park, CA",1
"Camilla, GA",5170
"Camillus, NY",1215
"Camino, CA",1
"Cammal, PA",1
"Camp, AR",1
"Camp Creek, WV",1
"Camp Dennison, OH",1
"Camp Dix, KY",1
"Camp Hill, AL",975
"Camp Joseph T Ro, AR",1
"Camp Lejeune, NC",1
"Camp Point, IL",1114
"Camp Sherman, OR",1
"Camp Verde, AZ",11238
"Camp Verde, TX",1
"Camp Wood, TX",716
"Campbell, AL",1
"Campbell, CA",40939
"Campbell, MO",1897
"Campbell, NE",328
"Campbell, NY",1
"Campbell, OH",7923
"Campbell, TX",612
"Campbell Hall, NY",1
"Campbell Hill, IL",321
"Campbellsburg, IN",574
"Campbellsburg, KY",791
"Campbellsport, WI",1978
"Campbellsville, KY",11387
"Campbellton, FL",221
"Campbellton, TX",1
"Campo, CA",1
"Campo, CO",103
"Campobello, SC",533
"Campti, LA",1046
"Camptonville, CA",1
"Cana, VA",1
"Canaan, CT",1
"Canaan, IN",1
"Canaan, ME",1
"Canaan, NH",1
"Canaan, NY",1
"Canaan, VT",1
"Canada, KY",1
"Canadensis, PA",1
"Canadian, OK",204
"Canal Fulton, OH",5433
"Canal Point, FL",1
"Canal Winchester, OH",7905
"Canandaigua, NY",10369
"Canaseraga, NY",519
"Canastota, NY",4613
"Canby, CA",1
"Canby, MN",1720
"Canby, OR",17653
"Candia, NH",1
"Candler, NC",1
"Candor, NC",832
"Candor, NY",802
"Caneadea, NY",1
"Canehill, AR",1
"Caney, KS",2042
"Caney, KY",1
"Caney, OK",198
"Caneyville, KY",612
"Canfield, OH",7284
"Canisteo, NY",2185
"Canistota, SD",636
"Cankton, LA",492
"Canmer, KY",1
"Cannelburg, IN",156
"Cannon, KY",1
"Cannon, MS",1
"Cannon Ball, ND",1
"Cannon Falls, MN",4106
"Canoe, KY",1
"Canoga Park, CA",2
"Canon, GA",804
"Canon City, CO",16679
"Canoncito, NM",1
"Canova, SD",103
"Canterbury, CT",1
"Canterbury, NH",1
"Cantil, CA",1
"Canton, CT",1
"Canton, GA",26340
"Canton, IL",14094
"Canton, KS",720
"Canton, MA",1
"Canton, ME",1
"Canton, MI",2
"Canton, MN",345
"Canton, MO",2377
"Canton, MS",13643
"Canton, NC",4252
"Canton, NY",6524
"Canton, OH",71323
"Canton, OK",604
"Canton, PA",1895
"Canton, SD",3386
"Canton, TX",3836
"Canton, WI",1
"Canton Center, CT",1
"Cantonment, FL",1
"Cantrall, IL",137
"Cantril, IA",218
"Cantua Creek, CA",1
"Cantwell, AK",1
"Canute, OK",535
"Canutillo, TX",1
"Canvas, WV",1
"Canyon, MN",1
"Canyon, TX",15138
"Canyon City, OR",670
"Canyon Country, CA",1
"Canyon Creek, MT",1
"Canyon Lake, CA",11137
"Canyon Lake, TX",3
"Canyondam, CA",1
"Canyonville, OR",1922
"Capay, CA",1
"Cape Canaveral, FL",10352
"Cape Charles, VA",1039
"Cape Coral, FL",179804
"Cape Coral Centr, FL",5
"Cape Elizabeth, ME",1
"Cape Fair, MO",1
"Cape Fear, NC",1
"Cape Girardeau, MO",39628
"Cape May Court H, NJ",1
"Cape Neddick, ME",1
"Cape Saint Clair, MD",1
"Cape Vincent, NY",717
"Capistrano Beach, CA",1
"Capital Heights, MD",1
"Capitan, NM",1388
"Capitol, MT",1
"Capitol Island, ME",1
"Capitola, CA",10180
"Capon Bridge, WV",369
"Caprock, NM",1
"Capron, IL",1345
"Capron, OK",1
"Capron, VA",156
"Captain Cook, HI",1
"Captiva, FL",1
"Capulin, NM",1
"Caputa, SD",1
"Caratunk, ME",1
"Caraway, AR",1276
"Carbon, IN",389
"Carbon, TX",267
"Carbon, WV",1
"Carbon Hill, AL",1964
"Carbonado, WA",663
"Carbondale, IL",26179
"Carbondale, KS",1393
"Carbury, ND",1
"Carcassonne, KY",1
"Cardiff By The S, CA",1
"Cardington, OH",2062
"Cardville, ME",1
"Cardwell, MO",677
"Cardwell, MT",1
"Carencro, LA",8752
"Caret, VA",1
"Carey, ID",603
"Carey, OH",3581
"Careywood, ID",1
"Caribou, ME",7736
"Carl Fisher, FL",1
"Carl Junction, MO",7772
"Carland, MI",1
"Carle Place, NY",1
"Carleton, MI",2344
"Carleton, NE",88
"Carlin, NV",2307
"Carlisle, AR",2172
"Carlisle, IA",4249
"Carlisle, IN",671
"Carlisle, KY",1994
"Carlisle, MA",1
"Carlisle, MN",1
"Carlisle, MS",1
"Carlisle, NY",1
"Carlisle, OH",5329
"Carlisle, SC",410
"Carlisle Barrack, PA",1
"Carlock, IL",553
"Carlos, MN",489
"Carlotta, CA",1
"Carlsbad, CA",113952
"Carlsbad, NM",28914
"Carlsbad, TX",1
"Carlstadt, NJ",6249
"Carlton, AL",1
"Carlton, GA",264
"Carlton, KS",42
"Carlton, MN",1046
"Carlton, OR",2134
"Carlton, PA",1
"Carlton, TX",1
"Carlton, WA",1
"Carlyle, IL",3208
"Carlyle, KS",1
"Carman, IL",1
"Carmel, CA",1
"Carmel, IN",91065
"Carmel, ME",1
"Carmel, NY",1
"Carmel Valley, CA",1
"Carmen, ID",1
"Carmen, OK",365
"Carmi, IL",5105
"Carmichael, CA",1
"Carmichaels, PA",461
"Carmine, TX",258
"Carnation, WA",1995
"Carnegie, OK",1713
"Carnegie, PA",7913
"Carnelian Bay, CA",1
"Carnesville, GA",578
"Carney, MI",187
"Carney, OK",662
"Carneys Point, NJ",1
"Caro, MI",4064
"Caroga Lake, NY",1
"Carol City, FL",2
"Carol Stream, IL",40069
"Carolina Beach, NC",6211
"Caroline, WI",1
"Carona, KS",1
"Carp Lake, MI",1
"Carpenter, SD",1
"Carpenter, WY",1
"Carpentersville, IL",38291
"Carpinteria, CA",13684
"Carpio, ND",148
"Carr, CO",1
"Carrabelle, FL",2744
"Carrboro, NC",21265
"Carrie, KY",1
"Carrier, OK",88
"Carrier Mills, IL",1610
"Carriere, MS",1
"Carrizo Springs, TX",5800
"Carrizozo, NM",938
"Carroll, IA",9947
"Carroll, NE",222
"Carroll, OH",521
"Carrollton, AL",980
"Carrollton, GA",26562
"Carrollton, IL",2421
"Carrollton, KY",3874
"Carrollton, MD",1
"Carrollton, MO",3603
"Carrollton, MS",182
"Carrollton, OH",3135
"Carrollton, TX",133351
"Carrollton, VA",1
"Carrolltown, PA",811
"Carrolltowne, MD",1
"Carrollwood, FL",2
"Carrothers, OH",1
"Carrsville, KY",49
"Carrsville, VA",1
"Carson, CA",92797
"Carson, IA",815
"Carson, MS",1
"Carson, ND",288
"Carson, PA",1
"Carson, VA",1
"Carson, WA",1
"Carson City, MI",1106
"Carson City, NV",54742
"Carsonville, MI",503
"Carswell Afb, TX",1
"Carter, MT",1
"Carter, OK",251
"Carter, SD",1
"Carter Lake, IA",3784
"Carteret, NJ",23992
"Cartersville, GA",20753
"Carterville, IL",5843
"Carterville, MO",1893
"Carthage, AR",316
"Carthage, IL",2546
"Carthage, IN",889
"Carthage, MO",14309
"Carthage, NC",2438
"Carthage, NY",3458
"Carthage, SD",139
"Carthage, TX",6756
"Carthagena, OH",1
"Cartwright, ND",1
"Cartwright, OK",1
"Caruthers, CA",1
"Caruthersville, MO",5801
"Carver, KY",1
"Carver, MA",1
"Carver, MN",4628
"Carversville, PA",1
"Cary, IL",17840
"Cary, NC",162320
"Caryville, FL",281
"Caryville, TN",2179
"Casa, AR",166
"Casa Blanca, NM",1
"Casar, NC",296
"Casas Adobes, AZ",1
"Cascade, IA",2281
"Cascade, MT",688
"Cascade, VA",1
"Cascade, WI",697
"Cascade, WV",1
"Cascade Park, WA",1
"Cascadia, OR",1
"Cascilla, MS",1
"Casco, ME",1
"Casco, WI",578
"Caseville, MI",738
"Casey, IA",399
"Casey, IL",2698
"Casey Creek, KY",1
"Caseyville, IL",4017
"Cash, AR",364
"Cashiers, NC",1
"Cashion, OK",851
"Cashmere, WA",3162
"Cashs Corner, VA",1
"Cashton, WI",1101
"Casner, IL",1
"Casnovia, MI",328
"Caspar, CA",1
"Casper, WY",59324
"Caspiana, LA",1
"Cass City, MI",2337
"Cass Lake, MN",749
"Cassadaga, NY",611
"Cassatt, SC",1
"Casscoe, AR",1
"Cassel, CA",1
"Casselberry, FL",27053
"Casselton, ND",2513
"Cassoday, KS",130
"Cassopolis, MI",1725
"Casstown, OH",273
"Cassville, MO",3340
"Cassville, NY",1
"Cassville, PA",141
"Cassville, WI",920
"Castaic, CA",1
"Castalia, IA",166
"Castalia, NC",262
"Castalia, OH",827
"Castalian Spring, TN",1
"Castana, IA",136
"Caste Village, PA",1
"Castell, TX",1
"Castile, NY",975
"Castine, OH",127
"Castle, OK",105
"Castle Creek, NY",1
"Castle Hayne, NC",1
"Castle Hills, TX",4474
"Castle Rock, CO",57666
"Castle Rock, MN",1
"Castle Rock, WA",2212
"Castle Shannon, PA",8228
"Castleberry, AL",551
"Castleford, ID",237
"Castleton, IN",2
"Castleton, VA",1
"Castleton, VT",1
"Castleton On Hud, NY",1
"Castlewood, SD",633
"Castlewood, VA",1
"Castor, LA",249
"Castorland, NY",347
"Castro Valley, CA",2
"Castroville, CA",1
"Castroville, TX",3018
"Cat Creek, MT",1
"Cat Spring, TX",1
"Cataldo, ID",1
"Catasauqua, PA",6544
"Cataula, GA",1
"Catawba, NC",624
"Catawba, SC",1
"Catawba, VA",1
"Catawba, WI",105
"Catawissa, MO",1
"Catawissa, PA",1499
"Cateechee, SC",1
"Cates, IN",1
"Catharine, KS",1
"Catharpin, VA",1
"Cathedral City, CA",54056
"Catherine, AL",1
"Catheys Valley, CA",1
"Cathlamet, WA",545
"Catlett, VA",1
"Catlettsburg, KY",1803
"Catlin, IL",1981
"Cato, NY",519
"Cato, WI",1
"Catonsville, MD",1
"Catoosa, OK",7133
"Catron, MO",63
"Catskill, NY",3837
"Cattaraugus, NY",933
"Caulfield, MO",1
"Causey, NM",98
"Cauthornville, VA",1
"Cave City, AR",1893
"Cave City, KY",2422
"Cave Creek, AZ",5476
"Cave In Rock, IL",1
"Cave Junction, OR",1954
"Cave Spring, GA",1154
"Cave Spring, VA",1
"Cave Springs, AR",3634
"Cavendish, VT",1
"Cavour, SD",118
"Cavour, WI",1
"Cawker City, KS",451
"Cayce, SC",14233
"Cayucos, CA",1
"Cayuga, IN",1118
"Cayuga, ND",26
"Cayuga, NY",522
"Cayuta, NY",1
"Cazadero, CA",1
"Cazenovia, IL",1
"Cazenovia, NY",2846
"Cazenovia, WI",325
"Cecil, AL",1
"Cecil, AR",1
"Cecil, OH",184
"Cecil, PA",1
"Cecil, WI",552
"Cecil Field Nas, FL",1
"Cecilton, MD",675
"Cedar, IA",1
"Cedar, KS",13
"Cedar, MI",1
"Cedar Bluff, AL",1790
"Cedar Bluff, VA",1061
"Cedar Bluffs, NE",589
"Cedar Creek, TX",1
"Cedar Crest, NM",1
"Cedar East Bethe, MN",1
"Cedar Falls, IA",41390
"Cedar Grove, IN",152
"Cedar Grove, NC",1
"Cedar Grove, NJ",1
"Cedar Grove, TN",1
"Cedar Grove, WI",2117
"Cedar Grove, WV",938
"Cedar Hill, MO",1
"Cedar Hill, TN",310
"Cedar Hill, TX",48343
"Cedar Hills, OR",1
"Cedar Island, NC",1
"Cedar Key, FL",706
"Cedar Knolls, NJ",1
"Cedar Park, TX",68918
"Cedar Rapids, IA",131127
"Cedar Rapids, NE",369
"Cedar River, MI",1
"Cedar Run, PA",1
"Cedar Springs, MI",3651
"Cedar Vale, KS",527
"Cedar Valley, UT",1
"Cedarbluff, MS",1
"Cedarburg, WI",11518
"Cedarbutte, SD",1
"Cedarcreek, MO",1
"Cedaredge, CO",2220
"Cedarhurst, NY",6667
"Cedarhurst, PA",1
"Cedartown, GA",9799
"Cedarvale, NM",1
"Cedarville, AR",1371
"Cedarville, CA",1
"Cedarville, MI",1
"Cedarville, NJ",1
"Cedarville, OH",4134
"Celeste, TX",856
"Celestine, IN",1
"Celina, TN",1488
"Celina, TX",8006
"Cement, OK",499
"Cement City, MI",422
"Centennial, CO",109932
"Centennial, WY",1
"Center, CO",2234
"Center, KY",1
"Center, MO",505
"Center, NE",93
"Center, TX",5401
"Center Barnstead, NH",1
"Center Conway, NH",1
"Center Cross, VA",1
"Center Harbor, NH",1
"Center Hill, FL",1350
"Center Junction, IA",1
"Center Line, MI",8297
"Center Lovell, ME",1
"Center Moreland, PA",1
"Center Moriches, NY",1
"Center Ossipee, NH",1
"Center Point, AL",16496
"Center Point, IA",2524
"Center Point, LA",1
"Center Point, WV",1
"Center Ridge, AR",1
"Center Rutland, VT",1
"Center Sandwich, NH",1
"Center Strafford, NH",1
"Center Tuftonbor, NH",1
"Center Valley, PA",1
"Center Valley, WI",1
"Centerbrook, CT",1
"Centerburg, OH",2113
"Centereach, NY",1
"Centerfield, UT",1416
"Centerpoint, IN",1
"Centerport, NY",1
"Centerton, AR",12861
"Centerton, IN",1
"Centertown, KY",445
"Centertown, MO",284
"Centerview, MO",268
"Centerville, GA",7615
"Centerville, IA",5345
"Centerville, IN",2563
"Centerville, KS",1
"Centerville, MA",1
"Centerville, MN",3953
"Centerville, MO",189
"Centerville, OH",23817
"Centerville, PA",3171
"Centerville, SD",879
"Centerville, TN",3568
"Centerville, TX",917
"Centerville, UT",17286
"Centerville, WA",1
"Centerville Gwin, GA",1
"Centrahoma, OK",93
"Central, AK",1
"Central, IN",1
"Central, NM",1
"Central, SC",5229
"Central, UT",1
"Central Bridge, NY",1
"Central City, AR",492
"Central City, IA",1276
"Central City, KY",5857
"Central City, NE",2905
"Central City, PA",1062
"Central Falls, RI",19347
"Central Islip, NY",1
"Central Lake, MI",932
"Central Point, OR",18328
"Central Square, NY",1795
"Central Valley, NY",1
"Centralia, IL",12572
"Centralia, KS",511
"Centralia, MO",4192
"Centralia, PA",10
"Centralia, WA",16982
"Centre, AL",3555
"Centre Hall, PA",1244
"Centredale, RI",2
"Centreville, AL",2708
"Centreville, MD",4680
"Centreville, MI",1409
"Centreville, MS",1542
"Centreville, VA",1
"Centuria, WI",922
"Century, FL",1786
"Century, WV",1
"Ceres, CA",48278
"Ceres, NY",1
"Ceres, VA",1
"Ceresco, MI",1
"Ceresco, NE",889
"Cerrillos, NM",1
"Cerritos, CA",50555
"Cerro Gordo, IL",1363
"Cerro Gordo, NC",199
"Cerulean, KY",1
"Ceylon, MN",350
"Chacon, NM",1
"Chadbourn, NC",1769
"Chadds Ford, PA",1
"Chadron, NE",5725
"Chadwick, IL",523
"Chadwick, MO",1
"Chadwicks, NY",1
"Chaffee, MO",2948
"Chaffee, ND",1
"Chaffee, NY",1
"Chagrin Falls, OH",3995
"Chalfont, PA",4047
"Chalk, TX",1
"Chalkyitsik, AK",1
"Challis, ID",1041
"Chalmers, IN",497
"Chalmette, LA",1
"Chama, NM",1018
"Chamberlain, ME",1
"Chamberlain, SD",2369
"Chambers, AZ",1
"Chambers, NE",263
"Chambersburg, IL",1
"Chambersburg, PA",20691
"Chamblee, GA",28306
"Chamisal, NM",1
"Chamois, MO",386
"Champaign, IL",86637
"Champion, MI",1
"Champion, NE",1
"Champion, PA",1
"Champlain, NY",1062
"Champlain, VA",1
"Champlin, MN",24231
"Chana, IL",1
"Chance, MD",1
"Chance, VA",1
"Chancellor, AL",1
"Chancellor, SD",262
"Chandler, AZ",247477
"Chandler, IN",3396
"Chandler, MN",255
"Chandler, OK",3181
"Chandler, TX",2988
"Chandlersville, OH",1
"Chanhassen, MN",25469
"Channahon, IL",12600
"Channelview, TX",1
"Channing, MI",1
"Channing, TX",356
"Chantilly, VA",1
"Chanute, KS",9139
"Chaparral, NM",1
"Chapel Hill, NC",59246
"Chapel Hill, TN",1476
"Chapin, IL",492
"Chapin, SC",1575
"Chaplin, CT",1
"Chaplin, KY",1
"Chapman, KS",1361
"Chapman, NE",286
"Chapmansboro, TN",1
"Chapmanville, WV",1171
"Chappaqua, NY",1
"Chappell, NE",898
"Chappell Hill, TX",1
"Chappells, SC",1
"Chardon, OH",5192
"Chariton, IA",4191
"Charleroi, PA",3969
"Charles City, IA",7457
"Charles City, VA",1
"Charles Town, WV",5945
"Charleston, AR",2466
"Charleston, IL",21133
"Charleston, ME",1
"Charleston, MO",5727
"Charleston, MS",2010
"Charleston, OR",1
"Charleston, SC",134385
"Charleston, TN",674
"Charleston, WV",49138
"Charlestown, IN",8152
"Charlestown, MA",1
"Charlestown, MD",1196
"Charlestown, NH",1
"Charlestown, RI",1
"Charlevoix, MI",2514
"Charlotte, AR",1
"Charlotte, IA",368
"Charlotte, MI",9055
"Charlotte, NC",842051
"Charlotte, TN",1511
"Charlotte, TX",1824
"Charlotte, VT",1
"Charlotte Court, VA",1
"Charlotte Hall, MD",1
"Charlottesville, IN",1
"Charlottesville, VA",46912
"Charlotteville, NY",1
"Charlson, ND",1
"Charlton, MA",1
"Charmco, WV",1
"Charter Oak, IA",483
"Chase, KS",451
"Chase, MI",1
"Chase City, VA",2279
"Chase Mills, NY",1
"Chaseburg, WI",304
"Chaseley, ND",1
"Chaska, MN",26016
"Chassell, MI",1
"Chateaugay, NY",816
"Chatfield, MN",2804
"Chatfield, OH",188
"Chatfield, TX",1
"Chatham, IL",12453
"Chatham, LA",543
"Chatham, NJ",8977
"Chatham, NY",1667
"Chatham, VA",1473
"Chatom, AL",1231
"Chatsworth, CA",1
"Chatsworth, GA",4264
"Chatsworth, IL",1140
"Chatsworth, NJ",1
"Chattahoochee, FL",3152
"Chattanooga, OK",444
"Chattanooga, TN",177571
"Chattaroy, WA",1
"Chaumont, NY",598
"Chauncey, GA",320
"Chauvin, LA",1
"Chavies, KY",1
"Chazy, NY",1
"Chebanse, IL",1011
"Chebeague Island, ME",1
"Cheboygan, MI",4726
"Checotah, OK",3225
"Cheektowaga, NY",2
"Chefornak, AK",454
"Chehalis, WA",7498
"Chelan, WA",4108
"Chelsea, AL",12341
"Chelsea, IA",261
"Chelsea, MA",39699
"Chelsea, MI",5185
"Chelsea, OK",1973
"Chelsea, VT",1
"Chelsea, WI",1
"Cheltenham, MD",1
"Cheltenham, PA",1
"Chemung, NY",1
"Chenango Forks, NY",1
"Chenega Bay, AK",1
"Cheney, KS",2165
"Cheney, WA",12237
"Cheneyville, LA",607
"Chenoa, IL",1747
"Chepachet, RI",1
"Cheraw, SC",5780
"Cherokee, AL",1009
"Cherokee, IA",4998
"Cherokee, KS",712
"Cherokee, NC",1
"Cherokee, OK",1544
"Cherokee, TX",1
"Cherokee Falls, SC",1
"Cherokee Village, AR",4649
"Cherry Creek, NY",440
"Cherry Creek, SD",1
"Cherry Grove, NY",1
"Cherry Grove Bea, SC",1
"Cherry Hill, NJ",3
"Cherry Hills Vil, CO",2
"Cherry Run, WV",1
"Cherry Tree, PA",351
"Cherry Valley, AR",603
"Cherry Valley, IL",3087
"Cherry Valley, MA",1
"Cherry Valley, NY",497
"Cherryfield, ME",1
"Cherrylog, GA",1
"Cherryvale, KS",2190
"Cherryville, MO",1
"Cherryville, NC",6058
"Cherryville, PA",1
"Chesaning, MI",2272
"Chesapeake, OH",725
"Chesapeake, VA",237940
"Chesapeake Beach, MD",5911
"Chesapeake City, MD",700
"Cheshire, CT",1
"Cheshire, MA",1
"Cheshire, OH",131
"Cheshire, OR",1
"Chesnee, SC",913
"Chester, AR",163
"Chester, CA",1
"Chester, CT",1
"Chester, GA",1567
"Chester, IA",124
"Chester, IL",8562
"Chester, MA",1
"Chester, MD",1
"Chester, MT",884
"Chester, NE",225
"Chester, NH",1
"Chester, NJ",1669
"Chester, NY",3957
"Chester, OK",1
"Chester, PA",33988
"Chester, SC",5474
"Chester, SD",1
"Chester, TX",310
"Chester, VA",1
"Chester, VT",1
"Chester, WV",2474
"Chester Springs, PA",1
"Chesterfield, IN",2484
"Chesterfield, MA",1
"Chesterfield, MI",1
"Chesterfield, MO",47659
"Chesterfield, NH",1
"Chesterfield, SC",1452
"Chesterfield, VA",1
"Chesterhill, OH",285
"Chesterland, OH",1
"Chestertown, MD",5080
"Chestertown, NY",1
"Chestnut, IL",1
"Chestnut, LA",1
"Chestnut Mound, TN",1
"Chestnut Ridge, NY",8135
"Chestnutridge, MO",1
"Cheswick, PA",1714
"Chetek, WI",2164
"Chetopa, KS",1061
"Chevak, AK",1049
"Chevrolet, KY",1
"Chevy Chase, MD",1
"Chewelah, WA",2635
"Cheyenne, WY",64019
"Cheyenne Mtn Afb, CO",1
"Cheyenne Wells, CO",842
"Cheyney, PA",1
"Chicago, IL",2704958
"Chicago Ridge, IL",14236
"Chichester, NY",1
"Chickamauga, GA",3101
"Chickasaw, AL",5908
"Chickasha, OK",16423
"Chico, CA",91567
"Chico, TX",1091
"Chicopee, MA",55991
"Chicora, PA",996
"Chiefland, FL",2225
"Chignik, AK",87
"Chignik Lagoon, AK",1
"Chilcoot, CA",1
"Childwold, NY",1
"Chilhowee, MO",326
"Chilhowie, VA",1721
"Chili, IN",1
"Chili, WI",1
"Chillicothe, IA",96
"Chillicothe, IL",6206
"Chillicothe, MO",9714
"Chillicothe, OH",21725
"Chillicothe, TX",673
"Chilmark, MA",1
"Chiloquin, OR",726
"Chilton, TX",1
"Chilton, WI",3828
"Chimacum, WA",1
"China Grove, NC",4216
"China Lake Nwc, CA",1
"China Spring, TX",1
"Chincoteague, VA",2919
"Chinese Camp, CA",1
"Chinle, AZ",1
"Chino, CA",87776
"Chino Hills, CA",78822
"Chino Valley, AZ",11250
"Chinook, MT",1233
"Chinquapin, NC",1
"Chipley, FL",3580
"Chippewa Falls, WI",14084
"Chippewa Lake, OH",734
"Chireno, TX",386
"Chiriaco Summit, CA",1
"Chisago City, MN",5062
"Chisholm, MN",4940
"Chittenango, NY",4914
"Chittenden, VT",1
"Chivington, CO",1
"Chocorua, NH",1
"Chocowinity, NC",798
"Choctaw, AR",1
"Choctaw, OK",12354
"Chokio, MN",382
"Cholame, CA",1
"Chopin, LA",2
"Choteau, MT",1686
"Choudrant, LA",973
"Chouteau, OK",2092
"Chowchilla, CA",18236
"Chrisman, IL",1257
"Chrisney, IN",483
"Christiana, TN",1
"Christiansburg, VA",22088
"Christine, ND",157
"Christmas, FL",1
"Christmas, MI",1
"Christopher, IL",2756
"Christoval, TX",1
"Chualar, CA",1
"Chuathbaluk, AK",126
"Chubbuck, ID",14644
"Chuckey, TN",1
"Chugiak, AK",1
"Chugwater, WY",212
"Chula, GA",1
"Chula, MO",202
"Chula Vista, CA",267172
"Chuluota, FL",1
"Chunchula, AL",1
"Chunky, MS",324
"Church Creek, MD",123
"Church Hill, MD",744
"Church Hill, MS",1
"Church Hill, TN",6740
"Church Point, LA",4495
"Church Road, VA",1
"Church View, VA",1
"Churchs Ferry, ND",12
"Churchton, MD",1
"Churchville, MD",1
"Churchville, VA",1
"Churdan, IA",369
"Churubusco, IN",1811
"Churubusco, NY",1
"Cibola, AZ",1
"Cibolo, TX",27855
"Cicero, IL",82992
"Cicero, IN",4826
"Cicero, NY",1
"Cimarron, CO",1
"Cimarron, KS",2222
"Cimarron, NM",899
"Cimic, IL",1
"Cincinnati, IA",346
"Cincinnati, OH",298800
"Cincinnatus, NY",1
"Cinda, KY",1
"Cinebar, WA",1
"Cinnaminson, NJ",1
"Circle, AK",1
"Circle, MT",619
"Circle Pines, MN",4955
"Circleville, KS",167
"Circleville, NY",1
"Circleville, OH",13902
"Circleville, WV",1
"Cisco, GA",1
"Cisco, IL",257
"Cisco, TX",3804
"Cisne, IL",656
"Cissna Park, IL",801
"Citra, FL",1
"Citronelle, AL",3885
"Citrus Heights, CA",87432
"City Of Commerce, CA",1
"City Of Sunrise, FL",1
"Civic Center, CA",1
"Clackamas, OR",1
"Claflin, KS",624
"Claire City, SD",78
"Clairfield, TN",1
"Clallam Bay, WA",1
"Clam Falls, WI",1
"Clam Gulch, AK",1
"Clam Lake, WI",1
"Clanton, AL",8846
"Clara City, MN",1322
"Clare, IA",141
"Clare, IL",1
"Clare, MI",3071
"Claremont, CA",36059
"Claremont, IL",172
"Claremont, MN",536
"Claremont, NC",1382
"Claremont, NH",12957
"Claremont, SD",128
"Claremore, OK",19069
"Clarence, IA",977
"Clarence, MO",775
"Clarence, NY",1
"Clarence, PA",1
"Clarence Center, NY",1
"Clarendon, AR",1455
"Clarendon, NC",1
"Clarendon, PA",436
"Clarendon, TX",1857
"Clarendon Hills, IL",8653
"Clarinda, IA",5385
"Clarington, OH",373
"Clarington, PA",1
"Clarion, IA",2765
"Clarion, PA",5342
"Clarissa, MN",652
"Clark, CO",1
"Clark, MO",294
"Clark, NJ",1
"Clark, SD",1048
"Clark Fork, ID",549
"Clarkdale, AZ",4272
"Clarkesville, GA",1770
"Clarkfield, MN",815
"Clarkia, ID",1
"Clarklake, MI",1
"Clarkrange, TN",1
"Clarkridge, AR",1
"Clarks, NE",353
"Clarks Grove, MN",673
"Clarks Hill, IN",694
"Clarks Hill, SC",1
"Clarks Mills, PA",1
"Clarks Point, AK",63
"Clarks Summit, PA",4917
"Clarksboro, NJ",1
"Clarksburg, CA",1
"Clarksburg, IL",1
"Clarksburg, MA",1
"Clarksburg, MD",1
"Clarksburg, MO",338
"Clarksburg, NJ",1
"Clarksburg, OH",456
"Clarksburg, PA",1
"Clarksburg, WV",16035
"Clarksdale, IL",1
"Clarksdale, MO",267
"Clarkson, NE",623
"Clarkston, GA",12742
"Clarkston, UT",711
"Clarkston, WA",7341
"Clarksville, AR",9524
"Clarksville, FL",1
"Clarksville, IA",1392
"Clarksville, IN",21920
"Clarksville, MD",1
"Clarksville, MI",400
"Clarksville, MO",431
"Clarksville, NY",1
"Clarksville, OH",547
"Clarksville, PA",229
"Clarksville, TN",150287
"Clarksville, TX",3203
"Clarksville, VA",1186
"Clarksville City, TX",895
"Clarkton, MO",1212
"Clarkton, NC",799
"Claryville, NY",1
"Clatonia, NE",226
"Claude, TX",1180
"Claudville, VA",1
"Claverack, NY",1
"Clawson, MI",11970
"Claxton, GA",2297
"Clay, KY",1150
"Clay, NY",1
"Clay, WV",464
"Clay Center, KS",4069
"Clay Center, NE",717
"Clay City, IL",918
"Clay City, IN",835
"Clayhole, KY",1
"Claymont, DE",1
"Claypool, IN",429
"Claysburg, PA",1
"Claysville, OH",1
"Claysville, PA",831
"Clayton, AL",2904
"Clayton, CA",11992
"Clayton, DE",3157
"Clayton, GA",2266
"Clayton, ID",7
"Clayton, IL",739
"Clayton, IN",1005
"Clayton, KS",57
"Clayton, LA",679
"Clayton, MI",338
"Clayton, MO",16623
"Clayton, NC",20260
"Clayton, NJ",8614
"Clayton, NM",2763
"Clayton, OH",13160
"Clayton, OK",786
"Clayton, WA",1
"Clayton, WI",547
"Clayton Lake, ME",1
"Clayville, NY",337
"Clayville, RI",1
"Cle Elum, WA",1949
"Clear, AK",1
"Clear Brook, VA",1
"Clear Creek, WV",1
"Clear Fork, WV",1
"Clear Lake, IA",7589
"Clear Lake, MN",662
"Clear Lake, WI",1035
"Clear Lake Shore, TX",1
"Clearbrook, MN",522
"Clearfield, IA",343
"Clearfield, KY",1
"Clearfield, PA",5976
"Clearfield, SD",1
"Clearfield, UT",30855
"Clearlake, CA",15053
"Clearlake Oaks, CA",1
"Clearmont, MO",161
"Clearmont, WY",149
"Clearview, OK",48
"Clearville, PA",1
"Clearwater, FL",114361
"Clearwater, ID",1
"Clearwater, KS",2519
"Clearwater, MN",1787
"Clearwater, NE",406
"Cleburne, TX",30223
"Cleghorn, IA",226
"Clem, WV",1
"Clements, IL",1
"Clements, KS",1
"Clements, MD",1
"Clements, MN",147
"Clemmons, NC",20079
"Clemons, IA",148
"Clemons, NY",1
"Clemson, SC",16058
"Cleo Springs, OK",350
"Cleona, PA",2168
"Clermont, FL",33549
"Clermont, GA",947
"Clermont, IA",602
"Clermont, IN",1409
"Cleveland, AL",1313
"Cleveland, AR",1
"Cleveland, GA",3851
"Cleveland, MN",699
"Cleveland, MO",670
"Cleveland, MS",12101
"Cleveland, NC",878
"Cleveland, NM",1
"Cleveland, NY",729
"Cleveland, OH",385809
"Cleveland, OK",3222
"Cleveland, SC",1
"Cleveland, TN",44271
"Cleveland, TX",8127
"Cleveland, VA",184
"Cleveland, WI",1460
"Cleveland, WV",1
"Cleveland Height, OH",1
"Clever, MO",2631
"Cleves, OH",3400
"Clewiston, FL",7648
"Cliff Island, ME",1
"Clifford, KY",1
"Clifford, MI",324
"Clifford, ND",43
"Cliffside Park, NJ",24856
"Clifftop, WV",1
"Cliffwood, NJ",1
"Clifton, AZ",3734
"Clifton, CO",1
"Clifton, ID",300
"Clifton, IL",1394
"Clifton, KS",529
"Clifton, LA",1
"Clifton, NJ",85845
"Clifton, NY",1
"Clifton, TN",2658
"Clifton, VA",292
"Clifton Forge, VA",3715
"Clifton Hill, MO",113
"Clifton Park, NY",1
"Clifton Springs, NY",2071
"Climax, CO",1
"Climax, GA",271
"Climax, KS",67
"Climax, KY",1
"Climax, MI",784
"Climax, NC",1
"Climax, NY",1
"Climax Springs, MO",1
"Clinchco, VA",312
"Clinchport, VA",66
"Clint, TX",1133
"Clinton, AR",2518
"Clinton, CT",1
"Clinton, IA",25719
"Clinton, IL",7147
"Clinton, IN",4794
"Clinton, KY",1321
"Clinton, LA",1581
"Clinton, MA",1
"Clinton, MD",1
"Clinton, ME",1
"Clinton, MI",2264
"Clinton, MN",422
"Clinton, MS",25211
"Clinton, MT",1
"Clinton, NC",8674
"Clinton, NJ",2697
"Clinton, NY",1878
"Clinton, OH",1202
"Clinton, OK",9393
"Clinton, PA",1
"Clinton, SC",8453
"Clinton, TN",10106
"Clinton, WA",1
"Clinton, WI",2126
"Clinton Corners, NY",1
"Clintondale, NY",1
"Clintonville, PA",482
"Clintonville, WI",4405
"Clintonville, WV",1
"Clintwood, VA",1302
"Clio, AL",1470
"Clio, CA",1
"Clio, IA",81
"Clio, MI",2515
"Clio, SC",681
"Clio, WV",1
"Clitherall, MN",114
"Clive, IA",17546
"Clodine, TX",1
"Clontarf, MN",159
"Clopton, AL",1
"Cloquet, MN",12111
"Closplint, KY",1
"Closter, NJ",8705
"Clothier, WV",1
"Cloudcroft, NM",693
"Cloudland, GA",1
"Clover, VA",1
"Clover Bottom, KY",1
"Cloverdale, CA",8801
"Cloverdale, IN",2088
"Cloverdale, OH",165
"Cloverdale, OR",1
"Cloverdale, VA",1
"Cloverport, KY",1155
"Clovis, CA",106583
"Clovis, NM",39373
"Clubb, MO",1
"Clute, TX",11586
"Clutier, IA",209
"Clyattville, GA",1
"Clyde, KS",684
"Clyde, MO",78
"Clyde, NC",1263
"Clyde, NY",1987
"Clyde, OH",6221
"Clyde, TX",3842
"Clymer, NY",1
"Clymer, PA",1293
"Clyo, GA",1
"Coachella, CA",44953
"Coahoma, MS",343
"Coahoma, TX",876
"Coal Center, PA",137
"Coal City, IL",5434
"Coal City, IN",1
"Coal Hill, AR",1019
"Coal Mountain, WV",1
"Coal Valley, IL",3721
"Coalburg, AL",1
"Coaldale, PA",2187
"Coalgate, OK",1865
"Coalgood, KY",1
"Coalinga, CA",16598
"Coalmont, CO",1
"Coalmont, TN",819
"Coalport, PA",502
"Coalton, WV",1
"Coalville, UT",1457
"Coarsegold, CA",1
"Coast Guard Isla, CA",1
"Coatesville, IN",546
"Coatesville, PA",13064
"Coatopa, AL",1
"Coats, KS",83
"Coats, NC",2432
"Coatsburg, IL",145
"Coatsville, MO",1
"Cobb, GA",1
"Cobb, WI",461
"Cobbtown, GA",348
"Cobden, IL",1124
"Cobham, VA",1
"Cobhill, KY",1
"Cobleskill, NY",4559
"Coburg, OR",1066
"Coburn, PA",1
"Coburn, WV",1
"Cochecton Center, NY",1
"Cochise, AZ",1
"Cochiti Pueblo, NM",1
"Cochran, GA",5036
"Cochranton, PA",1106
"Cochranville, PA",1
"Cockeysville Hun, MD",2
"Cockrell Hill, TX",4280
"Cocoa, FL",18102
"Cocoa Beach, FL",11761
"Cocolalla, ID",1
"Cocolamus, PA",1
"Codell, KS",1
"Coden, AL",1
"Cody, NE",157
"Cody, WY",9836
"Coeburn, VA",1986
"Coeur D Alene, ID",1
"Coeur d'Alene, ID",50285
"Coeymans Hollow, NY",1
"Coffee Creek, MT",1
"Coffee Springs, AL",227
"Coffeen, IL",657
"Coffeeville, AL",334
"Coffeeville, MS",871
"Coffey, MO",162
"Coffeyville, KS",9539
"Cofield, NC",390
"Cogan Station, PA",1
"Cogdell, GA",1
"Coggon, IA",667
"Cohagen, MT",1
"Cohasset, CA",1
"Cohasset, MA",1
"Cohasset, MN",2728
"Cohocton, NY",810
"Cohoes, NY",16883
"Cohutta, GA",635
"Coila, MS",1
"Coin, IA",183
"Coinjock, NC",1
"Cokato, MN",2731
"Cokeburg, PA",614
"Coker, AL",985
"Cokeville, WY",547
"Colbert, GA",609
"Colbert, OK",1198
"Colbert, WA",1
"Colby, KS",5419
"Colby, WI",1831
"Colchester, CT",1
"Colchester, IL",1324
"Colchester, VT",1
"Colcord, OK",815
"Colcord, WV",1
"Cold Brook, NY",320
"Cold Spring, MN",4108
"Cold Spring, NY",1948
"Cold Spring Harb, NY",1
"Cold Springs, CA",1
"Colden, NY",1
"Coldfoot, AK",1
"Coldiron, KY",1
"Coldspring, TX",907
"Coldwater, KS",814
"Coldwater, MI",10776
"Coldwater, MS",1585
"Coldwater, OH",4505
"Cole, CA",1
"Cole Camp, MO",1114
"Colebrook, CT",1
"Colebrook, NH",1
"Coleharbor, ND",85
"Coleman, GA",1
"Coleman, MI",1198
"Coleman, OK",1
"Coleman, TX",4431
"Coleman, WI",702
"Coleman Falls, VA",1
"Colerain, NC",187
"Coleridge, NC",1
"Coleridge, NE",462
"Colesburg, IA",396
"Colesville, MD",2
"Coleville, CA",1
"Colfax, IA",2042
"Colfax, IL",1036
"Colfax, IN",679
"Colfax, LA",1518
"Colfax, NC",1
"Colfax, ND",145
"Colfax, WA",2895
"Colfax, WI",1161
"Colgan, ND",1
"Colgate, ND",1
"Colgate, WI",1
"Collbran, CO",695
"College City, AR",506
"College Corner, OH",411
"College Grove, TN",1
"College Heights, CA",1
"College Hill, OH",1
"College Miserico, PA",1
"College Park, GA",15035
"College Park, MD",32275
"College Parkway, FL",1
"College Place, WA",9142
"College Plaza, FL",1
"College Point, NY",1
"College Springs, IA",207
"College Station, TX",112141
"Collegeville, IN",1
"Collegeville, PA",5254
"Collettsville, NC",1
"Colleyville, TX",26152
"Colliers, WV",1
"Collierville, TN",49177
"Collingdale, PA",8765
"Collingswood, NJ",14010
"Collins, GA",577
"Collins, IA",477
"Collins, MO",153
"Collins, MS",2569
"Collins, NY",1
"Collins, OH",1
"Collinston, LA",264
"Collinston, UT",1
"Collinsville, AL",1963
"Collinsville, CT",1
"Collinsville, IL",24635
"Collinsville, MS",1
"Collinsville, OK",6650
"Collinsville, TX",1730
"Collinsville, VA",1
"Collinwood, TN",965
"Collison, IL",1
"Collyer, KS",105
"Colma, CA",1510
"Colman, SD",579
"Colmar, IL",1
"Colmar, PA",1
"Colo, IA",852
"Cologne, MN",1598
"Cologne, VA",1
"Coloma, MI",1446
"Coloma, WI",438
"Colome, SD",286
"Colon, MI",1153
"Colon, NC",1
"Colon, NE",108
"Colonia, NJ",1
"Colonial Heights, TN",1
"Colonial Heights, VA",17772
"Colonial Park, PA",1
"Colony, KS",404
"Colony, OK",135
"Colora, MD",1
"Colorado City, AZ",4818
"Colorado City, TX",4001
"Colorado Springs, CO",465101
"Colquitt, GA",1910
"Colrain, MA",1
"Colt, AR",345
"Colter Bay, WY",1
"Colton, NY",1
"Colton, OR",1
"Colton, SD",684
"Colton, WA",466
"Coltons Point, MD",1
"Colts Neck, NJ",1
"Columbia, AL",729
"Columbia, CA",1
"Columbia, CT",1
"Columbia, IA",1
"Columbia, IL",10273
"Columbia, MD",3
"Columbia, MO",120612
"Columbia, MS",6143
"Columbia, NC",801
"Columbia, NJ",1
"Columbia, PA",10359
"Columbia, SC",134309
"Columbia, SD",137
"Columbia, TN",37540
"Columbia, VA",80
"Columbia City, IN",8861
"Columbia City, OR",1996
"Columbia Cross R, PA",1
"Columbia Falls, ME",1
"Columbia Falls, MT",5241
"Columbia Heights, MN",19723
"Columbia Station, OH",1
"Columbiana, AL",4539
"Columbiana, OH",6257
"Columbiaville, MI",780
"Columbus, AR",1
"Columbus, GA",197485
"Columbus, IN",46850
"Columbus, KY",160
"Columbus, MS",24561
"Columbus, MT",2028
"Columbus, NC",981
"Columbus, NE",22851
"Columbus, NJ",1
"Columbus, OH",860090
"Columbus, PA",1
"Columbus, TX",3625
"Columbus, WI",5030
"Columbus Grove, OH",2086
"Columbus Junctio, IA",1
"Colusa, CA",5937
"Colver, PA",1
"Colville, WA",4788
"Colwich, KS",1398
"Comanche, OK",1604
"Comanche, TX",4206
"Combined Locks, WI",3577
"Combs, AR",1
"Combs, KY",1
"Comer, GA",1159
"Comer, IL",1
"Comfort, TX",1
"Comfort, WV",1
"Comfrey, MN",373
"Comins, MI",1
"Commack, NY",1
"Commerce, GA",6788
"Commerce, OK",2460
"Commerce, TX",9091
"Commerce City, CO",54869
"Commerce Townshi, MI",1
"Commiskey, IN",1
"Commodore, PA",1
"Community, VA",1
"Como, MS",1240
"Como, NC",88
"Como, TX",709
"Comptche, CA",1
"Compton, AR",1
"Compton, IL",285
"Comstock, MN",93
"Comstock, NE",92
"Comstock, NY",1
"Comstock, TX",1
"Comstock, WI",1
"Comstock Park, MI",1
"Conaway, VA",1
"Concan, TX",1
"Concepcion, TX",1
"Conception, MO",1
"Conception Junct, MO",1
"Conchas Dam, NM",1
"Concho, AZ",1
"Concord, AR",237
"Concord, CA",128726
"Concord, GA",379
"Concord, IL",163
"Concord, MA",1
"Concord, MI",1046
"Concord, NC",89891
"Concord, NE",159
"Concord, NH",42904
"Concord, PA",1
"Concord, TN",1
"Concord, TX",1
"Concord, VA",1
"Concord, VT",1
"Concord Farragut, TN",1
"Concordia, MO",2385
"Concrete, ND",1
"Concrete, WA",724
"Conda, ID",1
"Condon, MT",1
"Condon, OR",678
"Cone, TX",1
"Conehatta, MS",1
"Conestoga, PA",1
"Conesus, NY",1
"Conesville, IA",415
"Conesville, OH",336
"Conewango Valley, NY",1
"Confluence, KY",1
"Conger, MN",141
"Congers, NY",1
"Congerville, IL",499
"Congress, AZ",1
"Conicville, VA",1
"Conifer, CO",1
"Conklin, MI",1
"Conklin, NY",1
"Conley, GA",1
"Conneaut, OH",12708
"Conneaut Lake, PA",633
"Conneautville, PA",753
"Connell, WA",5414
"Connellys Spring, NC",1
"Conner, MT",1
"Connersville, IN",12949
"Conover, NC",8331
"Conover, OH",1
"Conover, WI",1
"Conowingo, MD",1
"Conrad, IA",1086
"Conrad, MT",2550
"Conrath, WI",92
"Conroe, TX",82286
"Conroy, IA",1
"Constable, NY",1
"Constableville, NY",239
"Constantia, NY",1
"Constantine, KY",1
"Constantine, MI",2047
"Continental, OH",1121
"Continental Divi, NM",1
"Convent, LA",1
"Converse, IN",1229
"Converse, TX",22702
"Convoy, OH",1064
"Conway, AR",65300
"Conway, KS",1
"Conway, KY",1
"Conway, MA",1
"Conway, MO",778
"Conway, NC",756
"Conway, NH",1
"Conway, PA",2129
"Conway, SC",22761
"Conway Springs, KS",1224
"Conyers, GA",15919
"Cook, MN",568
"Cook, NE",316
"Cook, WA",1
"Cook Falls, NY",1
"Cook Station, MO",1
"Cooks, MI",1
"Cooksburg, PA",1
"Cookson, OK",1
"Cookstown, NJ",1
"Cooksville, IL",183
"Cooksville, MD",1
"Cookville, TX",1
"Cool, CA",1
"Cool Ridge, WV",1
"Coolidge, AZ",12528
"Coolidge, GA",528
"Coolidge, TX",956
"Coolin, ID",1
"Coolspring, PA",1
"Coolville, OH",492
"Coon Rapids, IA",1261
"Coon Rapids, MN",62359
"Coon Valley, WI",788
"Cooper, IA",1
"Cooper, TX",1957
"Cooper Landing, AK",1
"Coopers Mills, ME",1
"Coopersburg, PA",2478
"Cooperstown, ND",928
"Cooperstown, NY",1770
"Cooperstown, PA",432
"Coopersville, KY",1
"Coopersville, MI",4321
"Coosa Pines, AL",1
"Coosawatchie, SC",1
"Copake, NY",1
"Copake Falls, NY",1
"Copalis Beach, WA",1
"Copalis Crossing, WA",1
"Copan, OK",741
"Cope, CO",1
"Cope, SC",74
"Copeland, KS",300
"Copemish, MI",191
"Copen, WV",1
"Copenhagen, NY",796
"Copiague, NY",1
"Coplay, PA",3232
"Copley, OH",1
"Coppell, TX",41360
"Copper Center, AK",1
"Copper Hill, VA",1
"Copperopolis, CA",1
"Coquille, OR",3905
"Cora, WY",1
"Coral, MI",1
"Coral Gables, FL",50815
"Coral Springs, FL",130059
"Coralville, IA",20397
"Coram, NY",1
"Corapeake, NC",1
"Corbett, OR",1
"Corbin, KS",1
"Corbin, KY",7398
"Corbin City, NJ",499
"Corcoran, CA",22626
"Cord, AR",1
"Cordele, GA",10856
"Cordell, OK",1
"Corder, MO",399
"Cordesville, SC",1
"Cordova, AL",2014
"Cordova, IL",651
"Cordova, MD",1
"Cordova, NE",137
"Cordova, SC",163
"Cordova, TN",1
"Core, WV",1
"Corea, ME",1
"Corfu, NY",714
"Corinna, ME",1
"Corinne, UT",703
"Corinth, KY",233
"Corinth, NY",2481
"Corinth, VT",1
"Corinth, WV",1
"Corley, WV",1
"Corliss, PA",1
"Corn, OK",499
"Cornelia, GA",4267
"Cornelius, NC",28515
"Cornelius, OR",12414
"Cornell, MI",1
"Cornell, WI",1426
"Cornersville, TN",1243
"Corning, AR",3118
"Corning, CA",7535
"Corning, IA",1486
"Corning, KS",157
"Corning, MO",14
"Corning, NY",10812
"Cornish, ME",1
"Cornish, NH",1
"Cornish, UT",315
"Cornishville, KY",1
"Cornucopia, WI",1
"Cornville, AZ",1
"Cornwall, NY",1
"Cornwall On Huds, NY",1
"Cornwallville, NY",1
"Corolla, NC",1
"Corona, CA",166785
"Corona, NM",162
"Corona, NY",1
"Corona, SD",109
"Corona Del Mar, CA",1
"Coronado, CA",25952
"Corpus Christi, TX",325733
"Corral, ID",1
"Corrales, NM",8586
"Correctionville, IA",805
"Correll, MN",32
"Corry, PA",6360
"Corryton, TN",1
"Corsica, PA",349
"Corsica, SD",584
"Corsicana, TX",23987
"Corson, SD",1
"Corte Madera, CA",9858
"Cortez, CO",9007
"Cortez, FL",1
"Cortland, IN",1
"Cortland, NE",472
"Cortland, NY",18795
"Cortland, OH",6880
"Cortlandt Manor, NY",1
"Corunna, IN",255
"Corunna, MI",3401
"Corvallis, MT",1
"Corvallis, OR",57110
"Corwith, IA",265
"Cory, IN",1
"Corydon, IN",3163
"Corydon, KY",702
"Cos Cob, CT",1
"Cosby, MO",125
"Cosby, TN",1
"Coshocton, OH",11189
"Cosmopolis, WA",1601
"Cosmos, MN",455
"Cossayuna, NY",1
"Cost, TX",1
"Costa, WV",1
"Costa Mesa, CA",112822
"Costigan, ME",1
"Costilla, NM",1
"Cotati, CA",7455
"Coteau, ND",1
"Cotesfield, NE",45
"Coto De Caza, CA",1
"Cottage Grove, MN",36029
"Cottage Grove, OR",10109
"Cottage Grove, TN",88
"Cottage Grove, WI",6996
"Cottage Hills, IL",1
"Cottageville, SC",747
"Cottageville, WV",1
"Cottekill, NY",1
"Cotter, AR",948
"Cottle, KY",1
"Cotton Plant, AR",595
"Cotton Valley, LA",965
"Cottondale, AL",1
"Cottondale, FL",896
"Cottonport, LA",1954
"Cottontown, TN",1
"Cottonwood, AL",1255
"Cottonwood, AZ",11990
"Cottonwood, CA",1
"Cottonwood, ID",917
"Cottonwood, MN",1230
"Cottonwood, SD",10
"Cottonwood, UT",1
"Cottonwood Cove, NV",1
"Cottonwood Falls, KS",869
"Cottrellville, MI",1
"Cotuit, MA",1
"Cotulla, TX",4209
"Couch, MO",1
"Cougar, WA",1
"Coulee, ND",1
"Coulee City, WA",569
"Coulee Dam, WA",1090
"Coulterville, CA",1
"Counce, TN",1
"Council, ID",818
"Council, NC",1
"Council, VA",1
"Council Bluffs, IA",62524
"Council Hill, OK",150
"Counselor, NM",1
"Country Club Hil, IL",1
"Countryside, KS",1
"Coupeville, WA",1920
"Coupland, TX",302
"Courtenay, ND",44
"Courtland, AL",599
"Courtland, CA",1
"Courtland, KS",269
"Courtland, MN",670
"Courtland, MS",508
"Courtland, VA",1247
"Cove, AR",372
"Cove, OR",625
"Cove City, NC",393
"Cove Gap, WV",1
"Covelo, CA",1
"Coventry, CT",1
"Coventry, RI",1
"Coventry, VT",1
"Covert, MI",1
"Covesville, VA",1
"Covina, CA",48549
"Covington, IN",2551
"Covington, KY",40797
"Covington, LA",10310
"Covington, MI",1
"Covington, OH",2629
"Covington, OK",544
"Covington, PA",1
"Covington, TN",8924
"Covington, TX",271
"Cowan, TN",1683
"Cowan Heights, CA",1
"Cowansville, PA",1
"Coward, SC",759
"Cowden, IL",578
"Cowen, WV",498
"Coweta, OK",9673
"Cowgill, MO",181
"Cowiche, WA",1
"Cowlesville, NY",1
"Cowpens, SC",2302
"Coxs Mills, WV",1
"Coxsackie, NY",2686
"Coy, AL",1
"Coyanosa, TX",1
"Coyle, OK",361
"Coyote, CA",1
"Coyville, KS",43
"Cozad, NE",3805
"Crab Orchard, KY",831
"Crab Orchard, NE",37
"Crab Orchard, TN",761
"Crab Orchard, WV",1
"Crafton, PA",5820
"Craftsbury, VT",1
"Craftsbury Commo, VT",1
"Cragford, AL",1
"Craig, AK",1231
"Craig, CO",8952
"Craig, NE",190
"Craigmont, ID",499
"Craigsville, PA",1
"Craigsville, VA",935
"Craigsville, WV",1
"Craigville, IN",1
"Cramerton, NC",4420
"Cranberry, PA",1
"Cranbury, NJ",1
"Crandall, GA",1
"Crandall, IN",152
"Crandall, TX",3329
"Crandon, WI",1860
"Crane, MO",1351
"Crane, OR",1
"Crane, TX",3723
"Crane Hill, AL",1
"Crane Lake, MN",1
"Crane Naval Depo, IN",1
"Cranesville, PA",608
"Cranfills Gap, TX",279
"Cranford, NJ",1
"Cranks, KY",1
"Cranston, RI",81034
"Crapo, MD",1
"Craryville, NY",1
"Crawford, CO",413
"Crawford, GA",828
"Crawford, MS",650
"Crawford, NE",961
"Crawford, OK",1
"Crawford, TN",1
"Crawford, TX",741
"Crawford, WV",1
"Crawfordsville, AR",454
"Crawfordsville, IA",270
"Crawfordsville, IN",16001
"Crawfordville, FL",1
"Crawfordville, GA",495
"Crawley, WV",1
"Craynor, KY",1
"Crazy Horse, SD",1
"Creal Springs, IL",532
"Creamridge, NJ",1
"Creede, CO",1
"Creedmoor, NC",4498
"Creedmoor, TX",219
"Creekside, PA",298
"Creighton, MO",346
"Creighton, NE",1117
"Creighton, PA",1
"Creighton, SD",1
"Creola, AL",1961
"Creola, OH",1
"Creole, LA",1
"Cresaptown, MD",1
"Cresbard, SD",103
"Crescent, GA",1
"Crescent, IA",617
"Crescent, MO",1
"Crescent, OK",1542
"Crescent, OR",1
"Crescent Beach, FL",1
"Crescent City, CA",6670
"Crescent City, FL",1548
"Crescent City, IL",592
"Crescent Mills, CA",1
"Cresco, IA",3808
"Cresco, PA",1
"Cresskill, NJ",8777
"Cresson, PA",1613
"Cresson, TX",786
"Cressona, PA",1631
"Crested Butte, CO",1604
"Crestline, KS",1
"Crestline, OH",4439
"Crestline Height, AL",1
"Creston, CA",1
"Creston, NC",1
"Creston, NE",203
"Creston, OH",2184
"Creston, WA",218
"Creston, WV",1
"Crestview, FL",23567
"Crestwood, IL",10891
"Crestwood, KY",4910
"Creswell, NC",257
"Creswell, OR",5292
"Crete, IL",8171
"Crete, ND",1
"Crete, NE",7059
"Creve Coeur, MO",18612
"Crewe, VA",2216
"Criders, VA",1
"Cridersville, OH",1818
"Crimora, VA",1
"Cripple Creek, VA",1
"Crisfield, MD",2630
"Crisp, NC",1
"Crittenden, KY",3876
"Critz, VA",1
"Crocker, MO",1053
"Crockett, CA",1
"Crockett, VA",1
"Crocketts Bluff, AR",1
"Crofton, KY",731
"Crofton, MD",1
"Crofton, NE",689
"Croghan, NY",607
"Cromberg, CA",1
"Cromwell, CT",1
"Cromwell, IN",504
"Cromwell, KY",1
"Cromwell, MN",230
"Crook, CO",109
"Crooked Creek, AK",1
"Crooked River Ra, OR",1
"Crooks, SD",1327
"Crookston, MN",7804
"Crookston, NE",71
"Crooksville, OH",2497
"Cropper, KY",1
"Cropsey, IL",1
"Cropseyville, NY",1
"Cropwell, AL",1
"Crosby, MN",2337
"Crosby, MS",294
"Crosby, ND",1406
"Crosby, PA",1
"Crosbyton, TX",1695
"Cross, SC",1
"Cross Fork, PA",1
"Cross Hill, SC",491
"Cross Lanes, WV",1
"Cross Plains, IN",1
"Cross Plains, TN",1731
"Cross Plains, TX",986
"Cross Plains, WI",4148
"Cross River, NY",1
"Cross Timbers, MO",212
"Crosslake, MN",1
"Crossroads, NM",1
"Crossville, AL",1841
"Crossville, IL",720
"Crosswicks, NJ",1
"Croswell, MI",2301
"Crothersville, IN",1585
"Croton, OH",1
"Croton On Hudson, NY",1
"Crouse, NC",1
"Crow Agency, MT",1
"Crowell, TX",840
"Crowheart, WY",1
"Crowley, LA",13060
"Crowley, TX",14969
"Crowley Lake, CA",1
"Crown, KY",1
"Crown City, OH",405
"Crown King, AZ",1
"Crown Point, IN",29176
"Crown Point, NY",1
"Crownpoint, NM",1
"Crownsville, MD",1
"Crows Landing, CA",1
"Croydon, PA",1
"Croydon, UT",1
"Crozier, VA",1
"Cruger, MS",354
"Crum, WV",1
"Crum Lynne, PA",1
"Crummies, KY",1
"Crump, TN",1395
"Crumpler, NC",1
"Crumpton, MD",1
"Crumrod, AR",1
"Crutchfield, KY",1
"Crystal, MI",1
"Crystal, MN",23028
"Crystal, ND",131
"Crystal Beach, TX",1
"Crystal City, MO",4823
"Crystal City, TX",7359
"Crystal Falls, MI",1392
"Crystal Hill, VA",1
"Crystal Lake, IA",242
"Crystal Lake, IL",40339
"Crystal Spring, PA",1
"Crystal Springs, MS",4889
"Crystalaire, CA",1
"Cub Run, KY",1
"Cuba, AL",317
"Cuba, IL",1213
"Cuba, KS",146
"Cuba, MO",3340
"Cuba, NM",740
"Cuba, NY",1460
"Cuba City, WI",2055
"Cubero, NM",1
"Cuchara, CO",1
"Cuchillo, NM",1
"Cudahy, WI",18200
"Cuddebackville, NY",1
"Cuddy, PA",1
"Cuero, TX",8524
"Cuervo, NM",1
"Culbertson, MT",804
"Culbertson, NE",578
"Culdesac, ID",376
"Cullen, VA",1
"Culleoka, TN",1
"Cullman, AL",15496
"Culloden, GA",179
"Culloden, WV",1
"Cullom, IL",524
"Cullowhee, NC",1
"Culp Creek, OR",1
"Culver, KS",118
"Culver, MN",1
"Culver, OR",1474
"Culver City, CA",39364
"Culver Military, IN",1
"Cumberland, IA",251
"Cumberland, IN",5599
"Cumberland, KY",2059
"Cumberland, OH",356
"Cumberland, RI",1
"Cumberland, VA",1
"Cumberland, WI",2135
"Cumberland Cente, ME",1
"Cumberland City, TN",300
"Cumberland Fores, ME",1
"Cumberland Furna, TN",1
"Cumberland Gap, TN",494
"Cumby, TX",793
"Cumming, GA",6225
"Cumming, IA",408
"Cummings, KS",1
"Cummings, ND",1
"Cummington, MA",1
"Cunard, WV",1
"Cundiff, KY",1
"Cundiyo, NM",1
"Cunningham, KY",1
"Cunningham, TN",1
"Cunningham, WA",1
"Curlew, IA",56
"Curlew, WA",1
"Curran, MI",1
"Currie, MN",226
"Currie, NC",1
"Currituck, NC",1
"Curryville, MO",227
"Curtice, OH",1
"Curtis, MI",1
"Curtis, NE",896
"Curtis, WA",1
"Curtiss, WI",216
"Curwensville, PA",2456
"Cushing, IA",223
"Cushing, ME",1
"Cushing, MN",1
"Cushing, OK",7796
"Cushing, TX",613
"Cushing, WI",1
"Cushing Island, ME",1
"Cushman, AR",453
"Cushman, MA",1
"Cusick, WA",208
"Cusseta, AL",123
"Cusseta, GA",10922
"Custar, OH",185
"Custer, KY",1
"Custer, MI",286
"Custer, MT",1
"Custer, WA",1
"Custer, WI",1
"Custer City, OK",392
"Custer Park, IL",1
"Custer Terrace, GA",1
"Cut And Shoot, TX",1290
"Cut Bank, MT",3012
"Cut Off, LA",1
"Cutchogue, NY",1
"Cuthbert, GA",3664
"Cutler, CA",1
"Cutler, IL",418
"Cutler, IN",1
"Cutler, ME",1
"Cutler, OH",1
"Cutler, WI",1
"Cutshin, KY",1
"Cuttingsville, VT",1
"Cuttyhunk, MA",1
"Cuyahoga Falls, OH",49206
"Cuyama, CA",1
"Cuyler, NY",1
"Cyclone, WV",1
"Cygnet, OH",617
"Cylinder, IA",85
"Cynthiana, IN",538
"Cynthiana, KY",6383
"Cypress, AL",1
"Cypress, CA",48906
"Cypress, IL",238
"Cypress, TX",2
"Cypress Gardens, FL",1
"Cypress Inn, TN",1
"Cypress Mill, TX",1
"Cyril, OK",1054
"Cyrus, MN",283
"D Hanis, TX",1
"Dabneys, VA",1
"Dacoma, OK",112
"Dacono, CO",5090
"Dacula, GA",5632
"Dadeville, AL",3128
"Dadeville, MO",229
"Dafter, MI",1
"Daggett, CA",1
"Daggett, MI",251
"Dagmar, MT",1
"Dagsboro, DE",878
"Dahinda, IL",1
"Dahlen, ND",1
"Dahlgren, IL",497
"Dahlgren, VA",1
"Dahlonega, GA",6437
"Daingerfield, TX",2460
"Dairy, OR",1
"Dairyland, WI",1
"Daisy, KY",1
"Daisy, MO",1
"Daisy, OK",1
"Daisytown, PA",312
"Dakota, IL",475
"Dakota, MN",319
"Dakota City, NE",1880
"Dakota Dunes, SD",1
"Dalbo, MN",1
"Dale, IL",1
"Dale, IN",1532
"Dale, NY",1
"Dale, TX",1
"Dale City, VA",1
"Daleville, AL",5101
"Daleville, IN",1598
"Daleville, MS",1
"Daleville, VA",1
"Dalhart, TX",8307
"Dallas, GA",13108
"Dallas, IA",1
"Dallas, NC",4734
"Dallas, OR",15923
"Dallas, SD",122
"Dallas, TX",1317929
"Dallas, WI",394
"Dallas, WV",1
"Dallas Center, IA",1746
"Dalmatia, PA",1
"Dalton, GA",34077
"Dalton, MA",1
"Dalton, MN",255
"Dalton, MO",16
"Dalton, NE",311
"Dalton, NY",1
"Dalton, OH",1854
"Dalton, PA",1208
"Dalton, WI",1
"Dalton City, IL",520
"Daly City, CA",106472
"Dalzell, IL",673
"Dalzell, SC",1
"Damar, KS",130
"Damariscotta, ME",1
"Damascus, GA",236
"Damascus, MD",1
"Damascus, PA",1
"Damascus, VA",797
"Dameron, MD",1
"Dames Quarter, MD",1
"Dammeron Valley, UT",1
"Damon, TX",1
"Dana, IA",69
"Dana, IL",154
"Dana, IN",578
"Dana, KY",1
"Danburg, GA",1
"Danbury, CT",84992
"Danbury, IA",338
"Danbury, NC",186
"Danbury, NE",97
"Danbury, NH",1
"Danbury, TX",1780
"Danby, VT",1
"Dandridge, TN",2956
"Dane, WI",1125
"Danevang, TX",1
"Danforth, IL",570
"Danforth, ME",1
"Dania, FL",1
"Daniel, WY",1
"Daniels, MD",1
"Daniels, WV",1
"Danielson, CT",3963
"Danielsville, GA",585
"Danielsville, PA",1
"Dannebrog, NE",301
"Dansville, MI",555
"Dansville, NY",4510
"Dante, SD",86
"Dante, VA",1
"Danube, MN",461
"Danvers, IL",1126
"Danvers, MA",1
"Danvers, MN",94
"Danville, AL",1
"Danville, AR",2444
"Danville, CA",44631
"Danville, GA",220
"Danville, IA",926
"Danville, IL",31597
"Danville, IN",9676
"Danville, KS",35
"Danville, KY",16802
"Danville, ME",1
"Danville, NH",1
"Danville, OH",1010
"Danville, PA",4618
"Danville, VA",41898
"Danville, VT",1
"Danville, WA",1
"Danville, WV",640
"Daphne, AL",25913
"Darby, MT",763
"Dardanelle, AR",4601
"Darden, TN",1
"Darfork, KY",1
"Darfur, MN",106
"Darien, CT",1
"Darien, GA",1845
"Darien, WI",1608
"Darien Center, NY",1
"Darlington, ID",1
"Darlington, IN",842
"Darlington, MD",1
"Darlington, MO",120
"Darlington, PA",249
"Darlington, SC",6117
"Darlington, WI",2376
"Darnestown, MD",2
"Darragh, PA",1
"Darrington, WA",1385
"Darrow, LA",1
"Darwin, MN",351
"Dassel, MN",1425
"Dateland, AZ",1
"Datil, NM",1
"Datto, AR",93
"Dauphin, PA",795
"Dauphin Island, AL",1261
"Davella, KY",1
"Davenport, CA",1
"Davenport, FL",3982
"Davenport, IA",102612
"Davenport, ND",257
"Davenport, NE",286
"Davenport, NY",1
"Davenport, VA",1
"Davenport, WA",1688
"Davenport Center, NY",1
"Davey, NE",157
"David, KY",1
"Davidson, OK",296
"Davidsonville, MD",1
"Davidsville, PA",1
"Davie, FL",101871
"Davilla, TX",1
"Davin, WV",1
"Davis, CA",68111
"Davis, IL",639
"Davis, OK",2802
"Davis, SD",87
"Davis, WV",655
"Davis Creek, CA",1
"Davis Junction, IL",2249
"Davis Park, NY",1
"Davisboro, GA",1697
"Davison, MI",4929
"Davisport, KY",1
"Daviston, AL",209
"Davistown, PA",1
"Davisville, MO",1
"Davisville, WV",1
"Dawn, MO",1
"Dawson, AL",1
"Dawson, IA",132
"Dawson, IL",489
"Dawson, MN",1422
"Dawson, ND",61
"Dawson, NE",140
"Dawson, PA",356
"Dawson, TX",798
"Dawson, WV",1
"Dawson Springs, KY",2719
"Day, FL",1
"Day Heights, OH",1
"Day Rural, KY",1
"Dayhoit, KY",1
"Daykin, NE",161
"Days Creek, OR",1
"Daysville, KY",1
"Dayton, IA",802
"Dayton, ID",486
"Dayton, KY",5413
"Dayton, MD",1
"Dayton, MN",5387
"Dayton, MT",1
"Dayton, NJ",1
"Dayton, NV",1
"Dayton, NY",1
"Dayton, OH",140489
"Dayton, OR",2636
"Dayton, PA",524
"Dayton, TN",7248
"Dayton, TX",7734
"Dayton, WA",2427
"Dayton, WY",822
"Daytona Beach, FL",66645
"Dayville, CT",1
"Dayville, OR",145
"De Beque, CO",491
"De Berry, TX",1
"De Forest, WI",9690
"De Funiak Spring, FL",1
"De Graff, MN",128
"De Graff, OH",1266
"De Kalb, IL",1
"De Kalb, MO",219
"De Kalb, MS",1045
"De Kalb, TX",1656
"De Kalb Junction, NY",1
"De Lancey, NY",1
"De Land, IL",428
"De Leon, TX",2177
"De Leon Springs, FL",1
"De Pere, WI",24893
"De Peyster, NY",1
"De Queen, AR",6565
"De Ruyter, NY",1
"De Smet, SD",1077
"De Soto, GA",1
"De Soto, IA",1041
"De Soto, IL",1564
"De Soto, KS",6071
"De Soto, MO",6477
"De Soto, TX",1
"De Tour Village, MI",320
"De Valls Bluff, AR",583
"De Witt, AR",3143
"De Witt, IA",1
"De Witt, MO",120
"De Witt, NE",504
"De Witt, NY",1
"Deadwood, SD",1264
"Deal, NJ",733
"Deal Island, MD",1
"Deale, MD",1
"Deane, KY",1
"Deansboro, NY",1
"Dearborn, MI",94444
"Dearborn, MO",508
"Dearborn Heights, MI",55761
"Dearing, GA",546
"Deary, ID",511
"Death Valley, CA",1
"Deatsville, AL",1157
"Deatsville, KY",1
"Deaver, WY",186
"Debary, FL",20394
"Decatur, AL",55072
"Decatur, AR",1788
"Decatur, GA",22813
"Decatur, IA",1
"Decatur, IL",72706
"Decatur, IN",9524
"Decatur, MI",1762
"Decatur, MS",1788
"Decatur, NE",465
"Decatur, TN",1572
"Decatur, TX",6648
"Decaturville, TN",875
"Decherd, TN",2414
"Decker, IN",245
"Decker, MI",1
"Decker, MT",1
"Deckers, CO",1
"Deckerville, MI",788
"Declo, ID",355
"Decorah, IA",7918
"Decoy, KY",1
"Dedham, IA",262
"Dedham, MA",1
"Deep Gap, NC",1
"Deep River, CT",1
"Deep River, IA",269
"Deep Run, NC",1
"Deepstep, GA",127
"Deepwater, MO",410
"Deer, AR",1
"Deer Creek, IL",675
"Deer Creek, MN",324
"Deer Creek, OK",131
"Deer Grove, IL",46
"Deer Island, OR",1
"Deer Isle, ME",1
"Deer Lodge, MT",2994
"Deer Lodge, TN",1
"Deer Park, AL",1
"Deer Park, MD",380
"Deer Park, NY",1
"Deer Park, TX",33782
"Deer Park, WA",3987
"Deer Park, WI",218
"Deer River, MN",933
"Deer Trail, CO",681
"Deerbrook, WI",1
"Deerfield, IL",19000
"Deerfield, KS",696
"Deerfield, MA",1
"Deerfield, MI",870
"Deerfield, MO",80
"Deerfield, NH",1
"Deerfield, OH",1
"Deerfield, VA",1
"Deerfield, WI",2524
"Deerfield Beach, FL",79764
"Deering, AK",126
"Deering, ND",119
"Deerton, MI",1
"Deerwood, MN",516
"Deeth, NV",1
"Defeated, TN",1
"Defiance, MO",1
"Defiance, OH",16676
"Deford, MI",1
"Degrasse, NY",1
"Dehue, WV",1
"Del City, OK",21950
"Del Mar, CA",4365
"Del Rey, CA",1
"Del Rey Oaks, CA",1684
"Del Rio, TN",1
"Del Valle, TX",1
"Delafield, WI",7494
"Delair, NJ",1
"Delamere, ND",1
"Delanco, NJ",1
"Deland, FL",31569
"Delano, CA",52707
"Delano, MN",5962
"Delano, PA",1
"Delano, TN",1
"Delanson, NY",379
"Delaplaine, AR",117
"Delaplane, VA",1
"Delavan, IL",1634
"Delavan, KS",1
"Delavan, MN",172
"Delavan, WI",8385
"Delaware, AR",1
"Delaware, IA",155
"Delaware, OH",38643
"Delaware, OK",412
"Delaware Water G, PA",1
"Delcambre, LA",1888
"Delco, NC",1
"Delevan, NY",1053
"Delft, MN",1
"Delhi, CA",1
"Delhi, CO",1
"Delhi, IA",471
"Delhi, MN",66
"Delia, KS",166
"Delight, AR",268
"Dell, AR",204
"Dell, MT",1
"Dell City, TX",425
"Dell Rapids, SD",3705
"Dellroy, OH",342
"Delmar, DE",1765
"Delmar, IA",496
"Delmar, MD",3203
"Delmar, NY",1
"Delmita, TX",1
"Delmont, NJ",1
"Delmont, PA",2622
"Delmont, SD",228
"Deloit, IA",261
"Delphi, IN",2877
"Delphia, KY",1
"Delphos, IA",25
"Delphos, KS",340
"Delphos, OH",6995
"Delray, WV",1
"Delray Beach, FL",67371
"Delta, AL",1
"Delta, CO",8914
"Delta, IA",316
"Delta, KY",1
"Delta, MO",440
"Delta, OH",3136
"Delta, PA",721
"Delta, UT",3509
"Delta, WI",1
"Deltaville, VA",1
"Delton, MI",1
"Deltona, FL",90124
"Dema, KY",1
"Demarest, NJ",5000
"Deming, NM",14488
"Demopolis, AL",7019
"Demorest, GA",2061
"Demossville, KY",1
"Demotte, IN",4030
"Dempster, SD",1
"Denair, CA",1
"Denali National, AK",1
"Denby, SD",1
"Dendron, VA",249
"Denhoff, ND",1
"Denio, NV",1
"Denison, IA",8308
"Denison, KS",183
"Denison, TX",23654
"Denmark, IA",1
"Denmark, ME",1
"Denmark, SC",3019
"Denmark, TN",1
"Denmark, WI",2210
"Dennard, AR",1
"Dennehotso, AZ",1
"Dennis, KS",1
"Dennis, MA",1
"Dennis, MS",1
"Dennis Port, MA",1
"Dennison, IL",1
"Dennison, OH",2629
"Denniston, KY",1
"Dennysville, ME",1
"Densmore, KS",1
"Dent, MN",193
"Denton, GA",251
"Denton, KS",144
"Denton, KY",1
"Denton, MD",4388
"Denton, MT",247
"Denton, NC",1659
"Denton, NE",205
"Denton, TX",133808
"Denver, CO",693060
"Denver, IA",1841
"Denver, KY",1
"Denver, MO",37
"Denver, NC",1
"Denver, NY",1
"Denver, PA",3867
"Denver City, TX",4842
"Denville, NJ",1
"Deora, CO",1
"Depauw, IN",1
"Depew, NY",15190
"Depew, OK",481
"Depoe Bay, OR",1448
"Deport, TX",567
"Deposit, NY",1577
"Deptford, NJ",1
"Deputy, IN",1
"Dequincy, LA",3152
"Derby, CT",12631
"Derby, IA",113
"Derby, IN",1
"Derby, KS",23633
"Derby, ME",1
"Derby, NY",1
"Derby, VT",1
"Derby Line, VT",629
"Deridder, LA",11048
"Dermott, AR",2735
"Dermott, TX",1
"Deronda, WI",1
"Derrick City, PA",1
"Derry, LA",1
"Derry, NH",1
"Derry, NM",1
"Derry, PA",2570
"Derwood, MD",1
"Des Allemands, LA",1
"Des Arc, AR",1631
"Des Arc, MO",164
"Des Lacs, ND",199
"Des Moines, IA",215472
"Des Moines, NM",128
"Des Moines, WA",31172
"Des Peres, MO",8540
"Des Plaines, IL",58141
"Descanso, CA",1
"Desdemona, TX",1
"Desert Hills, AZ",1
"Desert Hot Sprin, CA",1
"Desha, AR",1
"Deshler, NE",744
"Deshler, OH",1753
"Desloge, MO",4932
"Desmet, ID",1
"Detour, MD",1
"Detroit, AL",227
"Detroit, IL",81
"Detroit, ME",1
"Detroit, MI",672795
"Detroit, OR",217
"Detroit, TX",690
"Detroit Beach, MI",1
"Detroit Lakes, MN",9165
"Devereux, GA",1
"Devers, TX",486
"Devils Elbow, MO",1
"Devils Lake, ND",1
"Devils Tower, WY",1
"Devine, TX",4776
"Devol, OK",145
"Devon, PA",1
"Devonia, TN",1
"Deweese, NE",63
"Dewey, AZ",1
"Dewey, IL",1
"Dewey, OK",3502
"Dewey Beach, DE",379
"Deweyville, TX",1
"Deweyville, UT",339
"Dewitt, IL",1
"Dewitt, KY",1
"Dewitt, MI",4719
"Dewitt, VA",1
"Dewittville, NY",1
"Dewy Rose, GA",1
"Dexter, GA",568
"Dexter, IA",600
"Dexter, KS",274
"Dexter, KY",1
"Dexter, ME",1
"Dexter, MI",4420
"Dexter, MN",342
"Dexter, MO",7927
"Dexter, NM",1264
"Dexter, NY",1047
"Dexter, OH",1
"Dexter, OR",1
"Dexter City, OH",126
"Di Giorgio, CA",1
"Diablo, CA",1
"Diagonal, IA",326
"Dialville, TX",1
"Diamond, MO",935
"Diamond, OH",1
"Diamond, WV",1
"Diamond Bar, CA",56793
"Diamond Lake, OR",1
"Diamond Point, NY",1
"Diamond Springs, CA",1
"Diamondhead, MS",8217
"Diana, WV",1
"Diboll, TX",5369
"Dice, KY",1
"Dickel, TN",1
"Dickens, IA",179
"Dickens, NE",1
"Dickens, TX",252
"Dickerson, MD",1
"Dickey, ND",41
"Dickinson, AL",1
"Dickinson, ND",22993
"Dickinson Center, NY",1
"Dickson, TN",15492
"Dickson City, PA",5833
"Dierks, AR",1099
"Dieterich, IL",612
"Dietrich, ID",334
"Diggs, VA",1
"Dighton, MA",1
"Dike, IA",1280
"Dike, TX",1
"Dill City, OK",556
"Dille, WV",1
"Diller, NE",256
"Dilley, TX",4248
"Dilliner, PA",1
"Dillon, MT",4257
"Dillon, SC",6604
"Dillonvale, OH",634
"Dillsboro, IN",1317
"Dillsburg, PA",2564
"Dilworth, MN",4397
"Dime Box, TX",1
"Dimmitt, TX",4199
"Dimock, SD",131
"Dimondale, MI",1247
"Dingess, WV",1
"Dingmans Ferry, PA",1
"Dinosaur, CO",315
"Dinuba, CA",23961
"Dinwiddie, VA",1
"Disputanta, VA",1
"District Heights, MD",6017
"Dittmer, MO",1
"Divide, CO",1
"Divide, MT",1
"Dix, IL",459
"Dix, NE",249
"Dix Hills, NY",1
"Dixfield, ME",1
"Dixiana, AL",1
"Dixie, GA",1
"Dixie, ID",1
"Dixie, KY",1
"Dixie, LA",1
"Dixie, WV",1
"Dixmont, ME",1
"Dixon, IL",15135
"Dixon, KY",907
"Dixon, MO",1472
"Dixon, MT",1
"Dixon, NE",83
"Dixon, NM",1
"Dixon, SD",1
"Dixon, WY",95
"Dixon Springs, TN",1
"Dixons Mills, AL",1
"Dizney, KY",1
"Dobbins, CA",1
"Dobbs Ferry, NY",11093
"Dobson, NC",1590
"Dodd City, TX",369
"Doddridge, AR",1
"Doddsville, MS",89
"Dodge, ND",101
"Dodge, NE",598
"Dodge, WI",1
"Dodge Center, MN",2702
"Dodge City, KS",27453
"Dodgeville, MI",1
"Dodgeville, WI",4751
"Dodson, LA",314
"Dodson, MT",124
"Dodson, TX",108
"Doe Hill, VA",1
"Doe Run, MO",1
"Doerun, GA",770
"Dogpatch, AR",1
"Dogwood, TX",1
"Dola, OH",1
"Dolan Springs, AZ",1
"Doland, SD",185
"Dolgeville, NY",2113
"Dollarway, AR",1
"Dolliver, IA",63
"Dollville, IL",1
"Dolomite, AL",1
"Dolores, CO",997
"Dolph, AR",1
"Dolphin, VA",1
"Dolton, IL",22891
"Dolton, SD",36
"Dona Vista, FL",1
"Donahue, IA",368
"Donaldson, AR",299
"Donaldson, MN",40
"Donaldson, PA",1
"Donaldsonville, LA",8218
"Donalsonville, GA",2637
"Donegal, PA",119
"Dongola, IL",704
"Donie, TX",1
"Doniphan, NE",844
"Donna, TX",16518
"Donnellson, IA",885
"Donnellson, IL",201
"Donnelly, ID",152
"Donnelly, MN",238
"Donnybrook, ND",54
"Donora, PA",4622
"Donovan, IL",295
"Doole, TX",1
"Doon, IA",597
"Dora, AL",1946
"Dora, MO",1
"Doran, MN",50
"Doraville, GA",10501
"Dorcas, WV",1
"Dorchester, IA",1
"Dorchester, IL",145
"Dorchester, MA",4
"Dorchester, NE",576
"Dorchester, SC",1
"Dorchester, WI",867
"Dorena, OR",1
"Dormansville, NY",1
"Dornsife, PA",1
"Dorothy, NJ",1
"Dorothy, WV",1
"Dorr, MI",1
"Dorrance, KS",187
"Dorset, OH",1
"Dorset, VT",1
"Dorsey, IL",1
"Dos Palos, CA",5243
"Dos Rios, CA",1
"Doss, TX",1
"Doswell, VA",1
"Dot Lake, AK",1
"Dothan, AL",68468
"Dott, WV",1
"Double Springs, AL",1051
"Doubs, MD",1
"Douds, IA",1
"Dougherty, IA",56
"Douglas, AK",1
"Douglas, AZ",16604
"Douglas, GA",11727
"Douglas, ND",61
"Douglas, NE",175
"Douglas, OK",33
"Douglas, WY",6541
"Douglas City, CA",1
"Douglass, KS",1691
"Douglass, TX",1
"Douglassville, PA",1
"Douglassville, TX",227
"Douglasville, GA",33252
"Dousman, WI",2317
"Dove Creek, CO",724
"Dover, AR",1401
"Dover, DE",37786
"Dover, FL",1
"Dover, KS",1
"Dover, KY",246
"Dover, MA",1
"Dover, MN",747
"Dover, MO",101
"Dover, NC",397
"Dover, NH",31153
"Dover, OH",12843
"Dover, OK",474
"Dover, PA",1986
"Dover, TN",1445
"Dover Afb, DE",1
"Dover Foxcroft, ME",1
"Dover Plains, NY",1
"Dovray, MN",54
"Dow, IL",1
"Dow City, IA",495
"Dowagiac, MI",5826
"Dowelltown, TN",369
"Dowling, MI",1
"Downer, MN",1
"Downers Grove, IL",49473
"Downey, CA",113267
"Downey, ID",615
"Downieville, CA",1
"Downing, MO",334
"Downing, WI",270
"Downingtown, PA",7905
"Downs, KS",844
"Downsville, LA",138
"Downsville, NY",1
"Downtown, PA",1
"Dows, IA",511
"Doyle, CA",1
"Doyle, TN",556
"Doylesburg, PA",1
"Doylestown, OH",3108
"Doyline, LA",790
"Doyon, ND",1
"Dozier, AL",331
"Dracut, MA",1
"Drain, OR",1164
"Drake, CO",1
"Drake, ND",288
"Drakes Branch, VA",511
"Drakesboro, KY",506
"Drakesville, IA",188
"Draper, SD",75
"Draper, UT",47328
"Draper, VA",1
"Drasco, AR",1
"Dravosburg, PA",1746
"Drayden, MD",1
"Drennen, WV",1
"Dresden, KS",40
"Dresden, ME",1
"Dresden, NY",296
"Dresden, TN",2846
"Dresher, PA",1
"Dresser, WI",859
"Drew, MS",1731
"Drewryville, VA",1
"Drewsey, OR",1
"Drexel, MO",959
"Dreyfus, KY",1
"Driftwood, PA",63
"Driftwood, TX",1
"Driggs, ID",1736
"Dripping Springs, TX",3140
"Driscoll, ND",1
"Driver, AR",1
"Droop, WV",1
"Drummond, MT",348
"Drummond, OK",465
"Drummond, WI",1
"Drummond Island, MI",1
"Drummonds, TN",1
"Drumore, PA",1
"Drumright, OK",2876
"Drums, PA",1
"Drury, MO",1
"Dry Branch, GA",1
"Dry Creek, KY",1
"Dry Creek, LA",1
"Dry Creek, WV",1
"Dry Fork, VA",1
"Dry Prong, LA",440
"Dry Ridge, KY",2219
"Dry Run, PA",1
"Dryden, ME",1
"Dryden, MI",937
"Dryden, NY",2081
"Dryden, TX",1
"Dryden, VA",1
"Dryfork, WV",1
"Dryhill, KY",1
"Du Bois, IL",198
"Du Bois, NE",143
"Du Bois, PA",7543
"Du Pont, GA",123
"Du Quoin, IL",5849
"Duanesburg, NY",1
"Dubach, LA",966
"Dubberly, LA",261
"Dublin, CA",59583
"Dublin, NH",1
"Dublin, OH",45568
"Dublin, PA",2157
"Dublin, TX",3626
"Dublin, VA",2683
"Dubois, ID",593
"Dubois, IN",1
"Dubois, WY",985
"Dubre, KY",1
"Dubuque, IA",58531
"Duchesne, UT",1755
"Duck, WV",1
"Duck Hill, MS",1348
"Duck River, TN",1
"Dudley, GA",569
"Dudley, MA",1
"Dudley, MO",229
"Dudley, NC",1
"Dudley, PA",186
"Dudley Hill, MA",1
"Due West, SC",1292
"Duette, FL",1
"Duff, TN",1
"Dugger, IN",891
"Dugginsville, MO",1
"Dugspur, VA",1
"Dugway, UT",1
"Duhring, WV",1
"Duke, MO",1
"Duke, OK",1
"Duke Center, PA",1
"Dukedom, TN",1
"Dulac, LA",1
"Dulce, NM",1
"Duluth, GA",29331
"Duluth, KS",1
"Duluth, MN",86293
"Dulzura, CA",1
"Dumas, AR",4289
"Dumas, MS",467
"Dumas, TX",14916
"Dumfries, VA",5186
"Dumont, IA",623
"Dumont, MN",94
"Dumont, NJ",17871
"Dumont, TX",1
"Dunbar, NE",190
"Dunbar, PA",1008
"Dunbar, WI",1
"Dunbar, WV",7543
"Dunbarton, NH",1
"Duncan, MS",401
"Duncan, OK",22985
"Duncan, SC",3369
"Duncan, WV",1
"Duncan Falls, OH",1
"Duncannon, PA",1490
"Duncansville, PA",1193
"Duncanville, AL",1
"Duncanville, TX",39457
"Duncombe, IA",392
"Dundalk Sparrows, MD",2
"Dundas, IL",1
"Dundas, MN",1490
"Dundas, VA",1
"Dundee, FL",4209
"Dundee, IA",170
"Dundee, IL",1
"Dundee, KY",1
"Dundee, MI",4002
"Dundee, MN",70
"Dundee, MS",1
"Dundee, NY",1654
"Dundee, OH",1
"Dundee, OR",3257
"Dunedin, FL",36381
"Dunfermline, IL",287
"Dungannon, VA",310
"Dunkel, IL",1
"Dunkerton, IA",835
"Dunkirk, IN",2329
"Dunkirk, MD",1
"Dunkirk, OH",858
"Dunlap, CA",1
"Dunlap, IL",1412
"Dunlap, KS",28
"Dunlap, TN",5132
"Dunlawton, FL",1
"Dunlay, TX",1
"Dunlevy, PA",375
"Dunlow, WV",1
"Dunmor, KY",1
"Dunmore, PA",13187
"Dunmore, WV",1
"Dunn, NC",9873
"Dunn Center, ND",186
"Dunn Loring, VA",1
"Dunnegan, MO",1
"Dunnell, MN",154
"Dunnigan, CA",1
"Dunning, NE",106
"Dunnville, KY",1
"Dunsmuir, CA",1579
"Dunstable, MA",1
"Dunwoody, GA",48884
"Dupo, IL",3887
"Dupont, IN",338
"Dupree, SD",527
"Duquesne, PA",5516
"Durand, IL",1404
"Durand, MI",3330
"Durand, WI",1846
"Durango, CO",18503
"Durango, IA",20
"Durant, IA",1823
"Durant, MS",2431
"Durant, OK",17583
"Durants Neck, NC",1
"Durbin, ND",1
"Durbin, WV",287
"Durham, CA",1
"Durham, CT",1
"Durham, KS",107
"Durham, MO",1
"Durham, NC",263016
"Durham, NY",1
"Durham, OK",1
"Durhamville, NY",1
"Duryea, PA",4852
"Dushore, PA",572
"Duson, LA",1754
"Dustin, OK",374
"Dutch Flat, CA",1
"Dutch Harbor, AK",1
"Dutch John, UT",151
"Dutton, AL",308
"Dutton, MI",1
"Dutton, MT",308
"Dutton, VA",1
"Duvall, WA",7701
"Duxbury, MA",1
"Dwight, IL",4032
"Dwight, KS",255
"Dwight, ND",80
"Dwight, NE",195
"Dyer, IN",15941
"Dyer, TN",2236
"Dyersburg, TN",16685
"Dyersville, IA",4196
"Dyess, AR",376
"Dyess Afb, TX",1
"Dysart, IA",1355
"Dysart, PA",1
"E Town, KY",1
"E View, KY",1
"Eads, TN",1
"Eagan, MN",66428
"Eagar, AZ",4988
"Eagle, CO",6739
"Eagle, ID",24785
"Eagle, MI",125
"Eagle, NE",1068
"Eagle, WI",1998
"Eagle Bay, NY",1
"Eagle Bend, MN",506
"Eagle City, OK",1
"Eagle Creek, IN",2
"Eagle Creek, OR",1
"Eagle Grove, IA",3427
"Eagle Harbor, MI",1
"Eagle Lake, FL",2520
"Eagle Lake, MN",2992
"Eagle Lake, TX",3710
"Eagle Mountain, CA",1
"Eagle Nest, NM",257
"Eagle Pass, TX",28834
"Eagle Point, OR",9046
"Eagle River, AK",1
"Eagle River, WI",1419
"Eagle Rock, MO",1
"Eagle Rock, VA",1
"Eagle Springs, NC",1
"Eagletown, OK",1
"Eagleville, MO",303
"Eagleville, PA",1
"Eagleville, TN",663
"Earl, WI",1
"Earl Park, IN",331
"Earle, AR",2276
"Earleton, FL",1
"Earleville, MD",1
"Earlham, IA",1397
"Earlimart, CA",1
"Earling, IA",420
"Earling, WV",1
"Earlington, KY",1385
"Earlsboro, OK",642
"Earlton, NY",1
"Earlville, IA",787
"Earlville, IL",1619
"Earlville, NY",817
"Early, IA",524
"Early, TX",2991
"Early Branch, SC",1
"Earlysville, VA",1
"Earth, TX",1003
"Easley, SC",20953
"East Alton, IL",6141
"East Andover, ME",1
"East Andover, NH",1
"East Arlington, VT",1
"East Aurora, NY",6198
"East Baldwin, ME",1
"East Barre, VT",1
"East Bend, NC",595
"East Berkshire, VT",1
"East Berlin, CT",1
"East Berlin, PA",1529
"East Bernard, TX",2321
"East Berne, NY",1
"East Bethany, NY",1
"East Bethel, MN",11713
"East Boothbay, ME",1
"East Boston, MA",1
"East Brady, PA",907
"East Branch, NY",1
"East Brewton, AL",2415
"East Bridgewater, MA",1
"East Brookfield, MA",1
"East Brunswick, NJ",1
"East Burke, VT",1
"East Calais, VT",1
"East Cambridge, MA",1
"East Camden, AR",851
"East Canaan, CT",1
"East Canton, OH",1589
"East Carbon, UT",1
"East Carondelet, IL",467
"East Cedar Lake, IN",1
"East Charleston, VT",1
"East Chatham, NY",1
"East Chicago, IN",28418
"East Cleveland, OH",17220
"East Concord, NY",1
"East Corinth, ME",1
"East Corinth, VT",1
"East Dorset, VT",1
"East Douglas, MA",1
"East Dover, VT",1
"East Dublin, GA",2381
"East Dubuque, IL",1632
"East Durham, NY",1
"East Earl, PA",1
"East Eddington, ME",1
"East Ellijay, GA",559
"East Elmhurst, NY",2
"East Fairfield, VT",1
"East Fayettevill, NC",1
"East Flat Rock, NC",1
"East Freedom, PA",1
"East Freetown, MA",1
"East Freetown, NY",1
"East Glacier Par, MT",1
"East Granby, CT",1
"East Grand Forks, MN",8699
"East Greenbush, NY",1
"East Greenville, PA",2979
"East Greenwich, NY",1
"East Greenwich, RI",1
"East Gulf, WV",1
"East Gull Lake, MN",1020
"East Haddam, CT",1
"East Hampstead, NH",1
"East Hampton, CT",1
"East Hampton, NY",1114
"East Hanover, NJ",1
"East Hardwick, VT",1
"East Hartford, CT",2
"East Hartland, CT",1
"East Haven, CT",2
"East Haven, VT",1
"East Hebron, NH",1
"East Helena, MT",2074
"East Hickory, PA",1
"East Highland, CA",1
"East Holden, ME",1
"East Islip, NY",1
"East Jewett, NY",1
"East Jordan, MI",2348
"East Killingly, CT",1
"East Lake, NC",1
"East Lansing, MI",48870
"East Lempster, NH",1
"East Leroy, MI",1
"East Liberty, OH",1
"East Liberty, PA",1
"East Livermore, ME",1
"East Longmeadow, MA",1
"East Los Angeles, CA",1
"East Lyme, CT",1
"East Lynn, MA",1
"East Lynn, WV",1
"East Machias, ME",1
"East Marion, NY",1
"East Mc Dowell, KY",1
"East Mc Keesport, PA",1
"East Meadow, NY",1
"East Meredith, NY",1
"East Millinocket, ME",1
"East Millsboro, PA",1
"East Moline, IL",21135
"East Montpelier, VT",1
"East Moriches, NY",1
"East Nassau, NY",567
"East New Market, MD",381
"East Norwich, NY",1
"East Orange, NJ",64789
"East Orland, ME",1
"East Orwell, OH",1
"East Otto, NY",1
"East Palatka, FL",1
"East Palestine, OH",4533
"East Palo Alto, CA",29684
"East Peoria, IL",22939
"East Petersburg, PA",4520
"East Pittsburgh, PA",1776
"East Point, GA",35471
"East Point, KY",1
"East Prairie, MO",3106
"East Providence, RI",47337
"East Quogue, NY",1
"East Rancho Domi, CA",1
"East Randolph, VT",1
"East Ridge, TN",21302
"East Rochester, NH",1
"East Rochester, NY",6611
"East Rochester, OH",1
"East Rockaway, NY",9802
"East Rutherford, NJ",9856
"East Saint Louis, IL",26922
"East Sandwich, MA",1
"East Smithfield, PA",1
"East Sparta, OH",807
"East Springfield, NY",1
"East Springfield, PA",1
"East Stoneham, ME",1
"East Stroudsburg, PA",10189
"East Sullivan, NH",1
"East Swanzey, NH",1
"East Syracuse, NY",2980
"East Taunton, MA",1
"East Tawas, MI",2750
"East Texas Cente, TX",1
"East Thetford, VT",1
"East Troy, WI",4282
"East Wakefield, NH",1
"East Wallingford, VT",1
"East Walpole, MA",1
"East Wareham, MA",1
"East Waterboro, ME",1
"East Waterford, PA",1
"East Watertown, MA",1
"East Wenatchee, WA",13968
"East White Plain, NY",1
"East Windham, NY",1
"East Windsor, CT",1
"East Worcester, NY",1
"East York, PA",1
"Eastaboga, AL",1
"Eastampton Twp, NJ",1
"Eastanollee, GA",1
"Eastborough, KS",761
"Eastchester, NY",1
"Eastern, KY",1
"Eastford, CT",1
"Eastham, MA",1
"Eastland, TX",3889
"Eastman, GA",5157
"Eastman, WI",408
"Easton, CA",1
"Easton, CT",1
"Easton, KS",257
"Easton, MD",16550
"Easton, ME",1
"Easton, MN",194
"Easton, MO",237
"Eastover, SC",809
"Eastpointe, MI",32673
"Eastport, ME",1255
"Eastport, NY",1
"Eastsound, WA",1
"Eaton, CO",5086
"Eaton, IN",1737
"Eaton, NY",1
"Eaton, OH",8211
"Eaton Rapids, MI",5229
"Eatonton, GA",6555
"Eatontown, NJ",12287
"Eatonville, FL",2277
"Eatonville, WA",2959
"Eau Claire, MI",615
"Eau Claire, PA",296
"Eau Claire, WI",68339
"Eau Galle, WI",1
"Eau Gallie, FL",1
"Eben Junction, MI",1
"Ebensburg, PA",3166
"Ebony, VA",1
"Ebro, FL",272
"Echo, MN",265
"Echo, OR",706
"Echo Lake, CA",1
"Echola, AL",1
"Eckard, IL",1
"Eckelson, ND",1
"Eckerman, MI",1
"Eckert, CO",1
"Eckerty, IN",1
"Eckley, CO",251
"Eclectic, AL",1026
"Ecleto, TX",1
"Economy, IN",179
"Ecorse, MI",9181
"Ecru, MS",982
"Ector, TX",701
"Eddy, TX",1
"Eddyville, IA",1005
"Eddyville, IL",95
"Eddyville, KY",2572
"Eddyville, NE",93
"Eddyville, NY",1
"Eddyville, OR",1
"Edelstein, IL",1
"Eden, AZ",1
"Eden, ID",401
"Eden, MD",1
"Eden, NC",15376
"Eden, NY",1
"Eden, SD",96
"Eden, TX",2881
"Eden, UT",1
"Eden, VT",1
"Eden, WI",857
"Eden Mills, VT",1
"Eden Prairie, MN",63914
"Eden Valley, MN",1035
"Edenton, NC",4846
"Edenville, MI",1
"Edgar, NE",470
"Edgar Springs, MO",201
"Edgard, LA",1
"Edgartown, MA",1
"Edgecomb, ME",1
"Edgefield, SC",4752
"Edgemont, AR",1
"Edgemont, SD",736
"Edgemoor, DE",2
"Edgemoor, SC",1
"Edgerton, KS",1756
"Edgerton, MN",1132
"Edgerton, MO",587
"Edgerton, OH",1995
"Edgerton, WI",5552
"Edgewater, CO",5323
"Edgewater, FL",22077
"Edgewater, NJ",12044
"Edgewater, OH",1
"Edgewater Beach, MD",1
"Edgewood, CA",1
"Edgewood, IA",861
"Edgewood, MD",1
"Edgewood, NM",1
"Edgewood, TX",1476
"Edina, MN",51350
"Edina, MO",1112
"Edinboro, PA",6236
"Edinburg, IL",1043
"Edinburg, MS",1
"Edinburg, NY",1
"Edinburg, PA",1
"Edinburg, TX",87650
"Edinburg, VA",1068
"Edinburgh, IN",4577
"Edison, GA",1451
"Edison, NE",129
"Edison, NJ",3
"Edison, OH",446
"Edisto Island, SC",1
"Edmeston, NY",1
"Edmond, KS",47
"Edmond, OK",91191
"Edmond, WV",1
"Edmonds, WA",41840
"Edmondson, AR",404
"Edmore, MI",1195
"Edmore, ND",176
"Edmunds, ND",1
"Edna, KS",414
"Edna, KY",1
"Edna, TX",5817
"Edom, TX",383
"Edon, OH",820
"Edson, KS",1
"Edwall, WA",1
"Edward, NC",1
"Edwards, IL",1
"Edwards, MO",1
"Edwards, MS",1006
"Edwards, NY",1
"Edwardsburg, MI",1222
"Edwardsport, IN",298
"Edwardsville, IL",25071
"Eek, AK",321
"Effie, MN",122
"Effingham, IL",12655
"Effingham, KS",517
"Effingham, SC",1
"Effort, PA",1
"Efland, NC",1
"Egan, IL",1
"Egan, LA",1
"Egan, SD",276
"Egegik, AK",106
"Egeland, ND",28
"Egg Harbor, WI",203
"Egg Harbor City, NJ",4193
"Eggleston, VA",1
"Eglin A F B, FL",1
"Eglon, WV",1
"Egnar, CO",1
"Egypt, MS",1
"Ehrhardt, SC",499
"Eidson, TN",1
"Eielson Afb, AK",1
"Eight Mile, AL",1
"Eighty Eight, KY",1
"Eighty Four, PA",1
"Ekalaka, MT",353
"Ekron, KY",146
"Ekwok, AK",132
"El Cajon, CA",103768
"El Campo, TX",11766
"El Centro, CA",44201
"El Cerrito, CA",25400
"El Dorado, AR",18339
"El Dorado, KS",13141
"El Dorado Hills, CA",1
"El Dorado Spring, MO",1
"El Jobean, FL",1
"El Lago, TX",2751
"El Macero, CA",1
"El Mirage, AZ",35043
"El Monte, CA",115807
"El Nido, CA",1
"El Paso, AR",1
"El Paso, IL",2778
"El Paso, TX",683080
"El Reno, OK",18786
"El Rito, NM",1
"El Segundo, CA",16893
"El Sobrante, CA",1
"El Toro Marine C, CA",1
"Elaine, AR",538
"Eland, WI",200
"Elba, AL",3893
"Elba, ID",1
"Elba, NE",220
"Elba, NY",655
"Elbe, WA",1
"Elberfeld, IN",650
"Elberon, IA",193
"Elberon, VA",1
"Elbert, CO",1
"Elbert, TX",1
"Elberta, AL",1679
"Elberton, GA",4420
"Elbing, KS",228
"Elbow Lake, MN",1152
"Elbridge, NY",1020
"Elburn, IL",5757
"Elcho, WI",1
"Elco, PA",317
"Eldon, IA",916
"Eldon, MO",4643
"Eldora, IA",2661
"Eldorado, IA",1
"Eldorado, IL",4021
"Eldorado, OH",498
"Eldorado, OK",426
"Eldorado, TX",1723
"Eldorado, WI",1
"Eldred, IL",189
"Eldred, MN",1
"Eldred, NY",1
"Eldred, PA",794
"Eldridge, AL",127
"Eldridge, IA",6297
"Eldridge, MO",1
"Eldridge, ND",1
"Electra, TX",2722
"Electric City, WA",1001
"Eleele, HI",1
"Eleva, WI",670
"Eleven Mile Corn, AZ",1
"Elfrida, AZ",1
"Elgin, AZ",1
"Elgin, IA",644
"Elgin, IL",112123
"Elgin, MN",1073
"Elgin, NE",623
"Elgin, OK",3008
"Elgin, OR",1756
"Elgin, SC",1540
"Elgin, TX",9323
"Elgood, WV",1
"Elias, KY",1
"Elida, NM",185
"Elida, OH",1842
"Elim, AK",340
"Eliot, ME",1
"Elizabeth, AR",1
"Elizabeth, CO",1394
"Elizabeth, IL",739
"Elizabeth, IN",193
"Elizabeth, MN",174
"Elizabeth, MS",1
"Elizabeth, NJ",128640
"Elizabeth, PA",1485
"Elizabeth, WV",831
"Elizabeth City, NC",17926
"Elizabeth Lake, CA",1
"Elizabethton, TN",13854
"Elizabethtown, IL",279
"Elizabethtown, IN",515
"Elizabethtown, NC",3544
"Elizabethtown, NY",1
"Elizabethtown, PA",11629
"Elizabethville, PA",1487
"Elizaville, NY",1
"Elk, CA",1
"Elk, WA",1
"Elk City, KS",294
"Elk City, OK",11997
"Elk Creek, CA",1
"Elk Creek, MO",1
"Elk Creek, NE",97
"Elk Creek, VA",1
"Elk Falls, KS",95
"Elk Garden, WV",224
"Elk Grove, CA",169743
"Elk Grove Villag, IL",1
"Elk Horn, IA",637
"Elk Horn, KY",1
"Elk Mound, WI",872
"Elk Park, NC",441
"Elk Point, SD",1851
"Elk Rapids, MI",1614
"Elk River, ID",119
"Elk River, MN",24364
"Elk Springs, CO",1
"Elka Park, NY",1
"Elkader, IA",1213
"Elkfork, KY",1
"Elkhart, IA",783
"Elkhart, IN",52221
"Elkhart, KS",1934
"Elkhart Lake, WI",965
"Elkhorn, NE",1
"Elkhorn, WI",9853
"Elkin, NC",4106
"Elkins, AR",2965
"Elkins, WV",7187
"Elkins Park, PA",1
"Elkland, MO",1
"Elkland, PA",1767
"Elkmont, AL",469
"Elko, GA",1
"Elko, MN",1
"Elko, NV",20442
"Elkport, IA",38
"Elkton, FL",1
"Elkton, KY",2136
"Elkton, MD",15744
"Elkton, MI",769
"Elkton, MN",144
"Elkton, OR",200
"Elkton, SD",723
"Elkton, VA",2850
"Elkville, IL",896
"Elkwood, VA",1
"Ellabell, GA",1
"Ellamore, WV",1
"Ellaville, GA",1850
"Ellenboro, NC",849
"Ellenburg Center, NY",1
"Ellenburg Depot, NY",1
"Ellendale, DE",423
"Ellendale, MN",690
"Ellendale, ND",1286
"Ellensburg, WA",19786
"Ellenton, FL",1
"Ellenville, NY",4047
"Ellenwood, GA",1
"Ellerbe, NC",986
"Ellerslie, GA",1
"Ellery, IL",1
"Ellettsville, IN",6622
"Ellicott City, MD",1
"Ellicottville, NY",388
"Ellijay, GA",1694
"Ellinger, TX",1
"Ellington, CT",1
"Ellington, MO",962
"Ellinwood, KS",2037
"Elliott, IA",326
"Elliott, ND",25
"Elliott, SC",1
"Elliottsburg, PA",1
"Ellis, ID",1
"Ellis, KS",2050
"Ellis Grove, IL",350
"Ellisburg, NY",239
"Ellison Bay, WI",1
"Elliston, OH",1
"Ellisville, IL",92
"Ellisville, MS",4567
"Elloree, SC",671
"Ellport, PA",1132
"Ellsinore, MO",450
"Ellston, IA",43
"Ellsworth, IA",503
"Ellsworth, IL",197
"Ellsworth, KS",3047
"Ellsworth, ME",7911
"Ellsworth, MI",342
"Ellsworth, MN",462
"Ellsworth, NE",1
"Ellsworth, PA",986
"Ellsworth, WI",3229
"Ellsworth Afb, SD",1
"Elm City, NC",1354
"Elm Creek, NE",960
"Elm Grove, LA",1
"Elm Grove, WI",6174
"Elm Grove, WV",1
"Elm Mott, TX",1
"Elm Springs, SD",1
"Elma, IA",535
"Elma, NY",1
"Elma, WA",3053
"Elmaton, TX",1
"Elmdale, KS",53
"Elmendorf, TX",1718
"Elmendorf Afb, AK",1
"Elmer, LA",1
"Elmer, MO",79
"Elmer, NJ",1327
"Elmer, OK",92
"Elmhurst, IL",46387
"Elmira, MI",1
"Elmira, NY",27962
"Elmira, OR",1
"Elmira, WV",1
"Elmira Heights, NY",3935
"Elmo, MO",159
"Elmo, MT",1
"Elmore, AL",1307
"Elmore, MN",631
"Elmore, OH",1380
"Elmore City, OK",707
"Elmrock, KY",1
"Elmsford, NY",5012
"Elmwood, IL",2076
"Elmwood, NE",649
"Elmwood, OK",1
"Elmwood, TN",1
"Elmwood, WI",804
"Elmwood Park, IL",24626
"Elmwood Park, NJ",20295
"Elmwood Place, OH",2180
"Elna, KY",1
"Elnora, IN",657
"Eloise, FL",1
"Elon College, NC",1
"Elora, TN",1
"Eloy, AZ",17442
"Elrod, AL",1
"Elroy, WI",1366
"Elsah, IL",631
"Elsberry, MO",1993
"Elsie, KY",1
"Elsie, NE",104
"Elsmere, DE",6106
"Elsmere, NE",1
"Elsmore, KS",73
"Elton, LA",1130
"Elton, WI",1
"Elton, WV",1
"Eltopia, WA",1
"Elvaston, IL",161
"Elverson, PA",1311
"Elverta, CA",1
"Elwell, MI",1
"Elwood, IA",1
"Elwood, IL",2256
"Elwood, IN",8416
"Elwood, NE",682
"Elwood, NY",1
"Ely, IA",2150
"Ely, MN",3390
"Ely, NV",4042
"Elyria, NE",50
"Elyria, OH",53715
"Elysburg, PA",1
"Elysian, MN",667
"Embarrass, MN",1
"Embden, ND",1
"Embudo, NM",1
"Emden, IL",473
"Emden, MO",1
"Emelle, AL",50
"Emerado, ND",428
"Emerald, PA",1
"Emerald, WI",1
"Emerald Isle, NC",3704
"Emerson, AR",350
"Emerson, GA",1565
"Emerson, IA",437
"Emerson, NE",804
"Emerson, NJ",7669
"Emery, SD",449
"Emeryville, CA",11671
"Emigrant, MT",1
"Emigrant Gap, CA",1
"Emily, MN",832
"Eminence, KY",2566
"Eminence, MO",582
"Emington, IL",112
"Emlenton, PA",592
"Emma, KY",1
"Emmaus, PA",11394
"Emmet, AR",476
"Emmet, ND",1
"Emmet, NE",47
"Emmetsburg, IA",3758
"Emmett, KS",190
"Emmett, MI",263
"Emmitsburg, MD",3038
"Emmonak, AK",804
"Emmons, MN",379
"Emory, TX",1269
"Empire, AL",1
"Empire, MI",375
"Empire, NV",1
"Empire Landing, AZ",1
"Emporia, KS",24816
"Emporia, VA",5305
"Emporium, PA",1912
"Emrick, ND",1
"Encampment, WY",442
"Encinal, TX",586
"Encinitas, CA",63131
"Encino, CA",2
"Encino, NM",77
"Encino, TX",1
"Endeavor, WI",461
"Enderlin, ND",868
"Enders, NE",1
"Endicott, KY",1
"Endicott, NE",126
"Endicott, WA",291
"Endwell, NY",1
"Enfield, CT",1
"Enfield, IL",581
"Enfield, ME",1
"Enfield, NC",2399
"Enfield, NH",1
"Engadine, MI",1
"England, AR",2753
"Engleside, VA",1
"Englevale, ND",1
"Englewood, CO",34050
"Englewood, FL",1
"Englewood, KS",73
"Englewood, NJ",28455
"Englewood, TN",1530
"Englewood Cliffs, NJ",5406
"English, IN",632
"Enid, MS",1
"Enid, OK",51004
"Enigma, GA",1305
"Ennice, NC",1
"Enning, SD",1
"Ennis, MT",890
"Ennis, TX",19221
"Enochs, TX",1
"Enola, AR",343
"Enola, PA",1
"Enon, OH",2386
"Enon Valley, PA",296
"Enoree, SC",1
"Enosburg Falls, VT",1299
"Ensign, KS",182
"Enterprise, AL",28024
"Enterprise, KS",809
"Enterprise, LA",1
"Enterprise, MS",499
"Enterprise, OR",1916
"Enterprise, WV",1
"Entiat, WA",1208
"Enumclaw, WA",11654
"Enville, TN",190
"Eola, LA",1
"Eola, TX",1
"Eolia, KY",1
"Eolia, MO",514
"Epes, AL",181
"Ephraim, UT",7072
"Ephrata, PA",13833
"Ephrata, WA",8032
"Epping, NH",1
"Epps, LA",829
"Epsom, NH",1
"Epworth, GA",1
"Epworth, IA",1950
"Equality, AL",1
"Equality, IL",550
"Equinunk, PA",1
"Era, TX",1
"Erath, LA",2109
"Erbacon, WV",1
"Erhard, MN",149
"Erick, OK",1036
"Ericson, NE",90
"Erie, CO",22803
"Erie, IL",1537
"Erie, KS",1091
"Erie, MI",1
"Erie, ND",1
"Erie, PA",98593
"Erieville, NY",1
"Erin, NY",1
"Erin, TN",1283
"Erlanger, KY",18813
"Ermine, KY",1
"Ernest, PA",441
"Ernul, NC",1
"Eros, LA",148
"Errol, NH",1
"Erskine, MN",487
"Erving, MA",1
"Erwin, NC",4931
"Erwin, SD",43
"Erwin, TN",5920
"Erwinna, PA",1
"Erwinville, LA",1
"Esbon, KS",94
"Escalante, UT",787
"Escalon, CA",7522
"Escanaba, MI",12327
"Escondido, CA",151613
"Esko, MN",1
"Eskridge, KS",505
"Esmond, IL",1
"Esmont, VA",1
"Espanola, NM",10138
"Espanola, WA",1
"Esparto, CA",1
"Esperance, NY",337
"Espyville, PA",1
"Essex, CA",1
"Essex, CT",1
"Essex, IA",762
"Essex, IL",767
"Essex, MA",1
"Essex, MD",1
"Essex, MO",456
"Essex, MT",1
"Essex, NY",1
"Essex Fells, NJ",2125
"Essex Junction, VT",10412
"Essexville, MI",3359
"Essig, MN",1
"Estacada, OR",3313
"Estancia, NM",1584
"Estell Manor, NJ",1718
"Estero, FL",32140
"Estes Park, CO",6362
"Estherville, IA",5942
"Estill, KY",1
"Estill, SC",1932
"Estill Springs, TN",2027
"Estillfork, AL",1
"Ethan, SD",329
"Ethel, AR",1
"Ethel, LA",1
"Ethel, MO",61
"Ethel, MS",404
"Ethel, WA",1
"Ethelsville, AL",73
"Ethete, WY",1
"Ethridge, TN",480
"Etiwanda, CA",1
"Etlan, VA",1
"Etna, ME",1
"Etna, NH",1
"Etna, PA",3368
"Etna, WY",1
"Etna Green, IN",586
"Etoile, KY",1
"Etowah, AR",322
"Etowah, NC",1
"Etowah, TN",3508
"Etta, MS",1
"Etters, PA",1
"Ettrick, VA",1
"Ettrick, WI",517
"Etty, KY",1
"Eucha, OK",1
"Euclid, MN",1
"Euclid, OH",47360
"Eudora, AR",2078
"Eudora, KS",6379
"Eudowood, MD",1
"Eufaula, AL",12404
"Eufaula, OK",2949
"Eugene, MO",1
"Eugene, OR",166575
"Euless, TX",54769
"Eunice, LA",10279
"Eunice, MO",1
"Eunice, NM",3022
"Eure, NC",1
"Eureka, CA",27226
"Eureka, IL",5383
"Eureka, KS",2410
"Eureka, MT",1086
"Eureka, NC",198
"Eureka, NV",1
"Eureka, UT",682
"Eureka Springs, AR",2074
"Eustace, TX",990
"Eustis, FL",20768
"Eustis, ME",1
"Eustis, NE",373
"Eutaw, AL",2749
"Eutawville, SC",302
"Eva, AL",508
"Eva, TN",1
"Evan, MN",83
"Evangeline, LA",1
"Evans, CO",21615
"Evans, GA",1
"Evans, LA",1
"Evans, WA",1
"Evans, WV",1
"Evans City, PA",1755
"Evans Mills, NY",577
"Evansdale, IA",4786
"Evanston, IL",74895
"Evanston, IN",1
"Evanston, WY",12090
"Evansville, AR",1
"Evansville, IL",668
"Evansville, IN",119477
"Evansville, MN",598
"Evansville, PA",1
"Evansville, WI",5265
"Evansville, WY",2953
"Evart, MI",1864
"Eveleth, MN",3647
"Evening Shade, AR",427
"Evensville, TN",1
"Everest, KS",278
"Everett, MA",46340
"Everett, PA",1745
"Everett, WA",109043
"Evergreen, AL",3693
"Evergreen, CO",1
"Evergreen, MT",1
"Evergreen, NC",1
"Evergreen, WI",1
"Evergreen Park, IL",19637
"Everly, IA",571
"Everman, TX",6374
"Everson, PA",769
"Everson, WA",2634
"Everton, AR",134
"Everton, MO",304
"Evington, VA",1
"Ewa Beach, HI",1
"Ewell, MD",1
"Ewen, MI",1
"Ewing, IL",302
"Ewing, KY",264
"Ewing, MO",450
"Ewing, NE",372
"Ewing, VA",1
"Excello, MO",1
"Excello, OH",1
"Excelsior, MN",2316
"Excelsior, PA",1
"Excelsior Spring, MO",1
"Exeland, WI",194
"Exeter, CA",10506
"Exeter, IL",62
"Exeter, ME",1
"Exeter, MO",773
"Exeter, NE",544
"Exeter, RI",1
"Exeter, VA",1
"Exira, IA",795
"Exline, IA",157
"Exmore, VA",1442
"Export, PA",873
"Extension, LA",1
"Exton, PA",1
"Eynon, PA",1
"Ezel, KY",1
"Faber, VA",1
"Fabius, NY",346
"Fackler, AL",1
"Factoryville, PA",1181
"Fahrney Keedy Me, MD",1
"Fair Bluff, NC",905
"Fair Grove, MO",1447
"Fair Haven, NJ",5976
"Fair Haven, VT",1
"Fair Lawn, NJ",33453
"Fair Oaks, AR",1
"Fair Oaks, CA",1
"Fair Oaks, IN",1
"Fair Play, MD",1
"Fair Play, MO",466
"Fair Play, SC",1
"Fairbank, IA",1114
"Fairbanks, AK",32751
"Fairbanks, IN",1
"Fairborn, OH",33780
"Fairburn, GA",14182
"Fairburn, SD",91
"Fairbury, IL",3603
"Fairbury, NE",3714
"Fairchance, PA",1913
"Fairchild, WI",579
"Fairchild Air Fo, WA",1
"Fairdale, KY",1
"Fairdale, ND",37
"Fairdale, WV",1
"Fairdealing, MO",1
"Fairfax, CA",7598
"Fairfax, IA",2563
"Fairfax, MN",1154
"Fairfax, MO",591
"Fairfax, OK",1341
"Fairfax, SC",1745
"Fairfax, SD",112
"Fairfax, VA",24164
"Fairfax, VT",1
"Fairfax Station, VA",1
"Fairfield, AL",10807
"Fairfield, CA",114756
"Fairfield, CT",2
"Fairfield, IA",10206
"Fairfield, ID",389
"Fairfield, IL",5024
"Fairfield, MT",726
"Fairfield, NC",1
"Fairfield, NE",364
"Fairfield, NJ",1
"Fairfield, OH",42617
"Fairfield, TX",2926
"Fairfield, VA",1
"Fairfield, VT",1
"Fairfield, WA",605
"Fairfield Glade, TN",1
"Fairgrove, MI",539
"Fairhaven, MA",1
"Fairhope, AL",19421
"Fairland, IN",584
"Fairland, OK",1052
"Fairlawn, OH",7466
"Fairlawn, VA",1
"Fairlee, VT",1
"Fairless Hills, PA",1
"Fairmont, MN",10115
"Fairmont, NE",564
"Fairmont, OK",139
"Fairmont, WV",18622
"Fairmount, GA",738
"Fairmount, IL",609
"Fairmount, IN",2805
"Fairmount, ND",365
"Fairmount City, PA",1
"Fairoaks, PA",1
"Fairplay, CO",704
"Fairplay, KY",1
"Fairport, NY",5406
"Fairport Harbor, OH",3059
"Fairview, IL",487
"Fairview, KS",253
"Fairview, MI",1
"Fairview, MO",386
"Fairview, MT",922
"Fairview, NC",3708
"Fairview, NJ",14421
"Fairview, PA",195
"Fairview, SD",64
"Fairview, TN",8529
"Fairview, UT",1288
"Fairview, WV",411
"Fairview Heights, IL",16686
"Fairview Park, OH",16332
"Fairvilla, FL",1
"Faison, NC",979
"Faith, SD",419
"Falcon, MO",1
"Falconer, NY",2295
"Falfurrias, TX",4931
"Falkner, MS",510
"Falkville, AL",1260
"Fall Branch, TN",1
"Fall City, WA",1
"Fall Creek, OR",1
"Fall Creek, WI",1306
"Fall River, KS",150
"Fall River, MA",88930
"Fall River, WI",1686
"Fall River Mills, CA",1
"Fallbrook, CA",1
"Fallentimber, PA",1
"Falling Rock, WV",1
"Falling Waters, WV",1
"Fallon, MT",1
"Fallon, NV",8470
"Falls, PA",1
"Falls Church, VA",14014
"Falls City, NE",4214
"Falls City, OR",1000
"Falls City, TX",656
"Falls Creek, PA",1012
"Falls Mill, WV",1
"Falls Mills, VA",1
"Falls Village, CT",1
"Fallsburg, NY",1
"Fallston, MD",1
"Falmouth, IN",1
"Falmouth, KY",2139
"Falmouth, MA",1
"Falmouth, ME",1
"Falmouth, MI",1
"Falmouth, VA",1
"False Pass, AK",42
"Falun, KS",1
"Fancy Farm, KY",1
"Fancy Gap, VA",1
"Fancy Prairie, IL",1
"Fannettsburg, PA",1
"Fanrock, WV",1
"Fanwood, NJ",7700
"Far Hills, NJ",927
"Far Rockaway, NY",5
"Farber, MO",318
"Fargo, GA",320
"Fargo, ND",120762
"Fargo, OK",362
"Faribault, MN",23662
"Farina, IL",505
"Farisita, CO",1
"Farista, CO",1
"Farler, KY",1
"Farley, IA",1688
"Farlington, KS",1
"Farmdale, OH",1
"Farmer, NC",1
"Farmer, SD",10
"Farmer City, IL",2005
"Farmers Branch, TX",34988
"Farmersburg, IA",277
"Farmersburg, IN",1088
"Farmersville, CA",10735
"Farmersville, OH",1001
"Farmersville, TX",3408
"Farmersville Sta, NY",1
"Farmerville, LA",3853
"Farmingdale, IL",1
"Farmingdale, ME",1
"Farmingdale, NJ",1293
"Farmington, AR",6804
"Farmington, CA",1
"Farmington, CT",1
"Farmington, IA",641
"Farmington, KY",1
"Farmington, ME",1
"Farmington, MN",22656
"Farmington, MO",18355
"Farmington, NH",1
"Farmington, NM",41629
"Farmington, PA",1
"Farmington, UT",23140
"Farmington, WA",156
"Farmington, WV",374
"Farmington Hills, MI",81129
"Farmingville, NY",1
"Farmland, IN",1280
"Farmville, NC",4746
"Farmville, VA",8140
"Farnam, NE",165
"Farner, TN",1
"Farnham, VA",1
"Farnhamville, IA",359
"Farragut, IA",441
"Farrell, PA",4736
"Farris, OK",1
"Farwell, MI",853
"Farwell, MN",52
"Farwell, NE",120
"Farwell, TX",1317
"Faucett, MO",1
"Faulkner, MD",1
"Faunsdale, AL",92
"Fawn Grove, PA",456
"Faxon, OK",131
"Fay, OK",1
"Fayette, AL",4432
"Fayette, IA",1477
"Fayette, MO",2695
"Fayette, MS",1527
"Fayette, OH",1267
"Fayette, UT",249
"Fayette City, PA",578
"Fayetteville, AR",83826
"Fayetteville, NC",204759
"Fayetteville, NY",4150
"Fayetteville, OH",324
"Fayetteville, PA",1
"Fayetteville, TN",7051
"Fayetteville, TX",263
"Feasterville Tre, PA",1
"Federal Dam, MN",106
"Federal Heights, CO",12458
"Federal Way, WA",96757
"Federalsburg, MD",2674
"Fedora, SD",1
"Feeding Hills, MA",1
"Felicity, CA",1
"Felicity, OH",824
"Felida, WA",1
"Fellows, CA",1
"Fellsmere, FL",5547
"Felt, ID",1
"Felt, OK",1
"Felton, CA",1
"Felton, DE",1408
"Felton, GA",1
"Felton, MN",178
"Felton, PA",503
"Felts Mills, NY",1
"Fence, WI",1
"Fence Lake, NM",1
"Fenelton, PA",1
"Fennimore, WI",2487
"Fennville, MI",1401
"Fenton, IA",261
"Fenton, IL",1
"Fenton, MI",11367
"Fenton, MO",4032
"Fentress, VA",1
"Fenwick, MI",1
"Fenwick, WV",1
"Fenwood, WI",153
"Ferdinand, ID",161
"Ferdinand, IN",2201
"Ferguson, MO",20846
"Ferguson, NC",1
"Fern Creek, KY",1
"Fern Park, FL",1
"Ferndale, AR",1
"Ferndale, CA",1372
"Ferndale, MI",20099
"Ferndale, WA",13403
"Fernley, NV",19588
"Fernwood, ID",1
"Ferrellsburg, WV",1
"Ferrelview, MO",633
"Ferris, TX",2573
"Ferrisburg, VT",1
"Ferron, UT",1534
"Ferrum, VA",1
"Ferryville, WI",180
"Fertile, IA",375
"Fertile, MN",842
"Fessenden, ND",464
"Festus, MO",12104
"Feura Bush, NY",1
"Fiatt, IL",1
"Fibre, MI",1
"Fiddletown, CA",1
"Fidelity, IL",107
"Fieldale, VA",1
"Fielding, UT",459
"Fieldon, IL",225
"Fields, LA",1
"Fieldton, TX",1
"Fife, TX",1
"Fife, WA",10103
"Fife Lake, MI",469
"Fifield, WI",1
"Fifty Lakes, MN",399
"Fifty Six, AR",1
"Fig Garden Villa, CA",1
"Filer, ID",2723
"Filion, MI",1
"Filley, NE",129
"Fillmore, IL",316
"Fillmore, IN",526
"Fillmore, MO",185
"Fillmore, ND",1
"Fillmore, NY",1
"Fillmore, UT",2491
"Fincastle, VA",339
"Finchville, KY",1
"Findlay, OH",41422
"Findley Lake, NY",1
"Fingal, ND",94
"Finger, TN",295
"Finland, MN",1
"Finlayson, MN",309
"Finley, KY",1
"Finley, ND",437
"Finley, OK",1
"Finley, TN",1
"Finleyville, PA",407
"Fircrest, WA",6780
"Firebaugh, CA",8311
"Firebrick, KY",1
"Firesteel, SD",1
"Firth, ID",466
"Firth, NE",582
"Fischer, TX",1
"Fish Camp, CA",1
"Fish Creek, WI",1
"Fish Haven, ID",1
"Fisher, AR",218
"Fisher, IL",1934
"Fisher, LA",223
"Fisher, MN",435
"Fisher, PA",1
"Fisher, WV",1
"Fishers, IN",90127
"Fishers Island, NY",1
"Fisherville, KY",1
"Fishing Bridge, WY",1
"Fishing Creek, MD",1
"Fishkill, NY",2116
"Fishtail, MT",1
"Fishtrap, KY",1
"Fisk, MO",337
"Fiskdale, MA",1
"Fisty, KY",1
"Fitchburg, MA",40414
"Fitchburg, WI",28875
"Fithian, IL",462
"Fittstown, OK",1
"Fitzgerald, GA",8927
"Fitzhugh, OK",233
"Fitzpatrick, AL",1
"Fitzwilliam, NH",1
"Five Forks, WV",1
"Five Points, AL",140
"Five Points, TN",1
"Flag Pond, TN",1
"Flagler, CO",554
"Flagler Beach, FL",4999
"Flagstaff, AZ",71459
"Flanagan, IL",1075
"Flanders, NJ",1
"Flandreau, SD",2332
"Flat, KY",1
"Flat, TX",1
"Flat Rock, AL",1
"Flat Rock, IL",323
"Flat Rock, IN",1
"Flat Rock, MI",9828
"Flat Rock, NC",3311
"Flat Top, WV",1
"Flatonia, TX",1408
"Flatwoods, KY",7311
"Flatwoods, LA",1
"Flatwoods, TN",1
"Flaxville, MT",71
"Fleet, VA",1
"Fleetwood, NC",1
"Fleming, CO",400
"Fleming, GA",1
"Fleming, OH",1
"Fleming Neon, KY",1
"Flemingsburg, KY",2864
"Flemington, MO",148
"Flemington, NJ",4621
"Flensburg, MN",228
"Fletcher, MO",1
"Fletcher, NC",8079
"Fletcher, OH",479
"Fletcher, OK",1145
"Flint, MI",97386
"Flint, TX",1
"Flint Hill, VA",1
"Flinton, PA",1
"Flintridge, CA",1
"Flintstone, GA",1
"Flintstone, MD",1
"Flintville, TN",1
"Flippin, AR",1340
"Floe, WV",1
"Flomaton, AL",1408
"Flomot, TX",1
"Floodwood, MN",517
"Flora, IL",4898
"Flora, IN",1988
"Flora, MS",1884
"Flora, ND",1
"Flora Vista, NM",1
"Florahome, FL",1
"Floral, AR",1
"Floral Park, NY",15951
"Florala, AL",1952
"Florence, AL",39959
"Florence, AZ",25779
"Florence, CO",3943
"Florence, IN",1
"Florence, KS",441
"Florence, KY",32460
"Florence, MA",1
"Florence, MN",39
"Florence, MO",1
"Florence, MS",4396
"Florence, MT",1
"Florence, NJ",1
"Florence, OR",8800
"Florence, SC",38317
"Florence, SD",369
"Florence, TX",1249
"Florence, VT",1
"Florence, WI",1
"Floresville, TX",7495
"Florham Park, NJ",11766
"Florida, NY",2857
"Florida City, FL",12078
"Florien, LA",618
"Florin, PA",1
"Floris, IA",141
"Florissant, CO",1
"Florissant, MO",51776
"Floriston, CA",1
"Flossmoor, IL",9362
"Flourtown, PA",1
"Flovilla, GA",640
"Flower, WV",1
"Flower Mound, TX",73547
"Floweree, MT",1
"Flowery Branch, GA",7073
"Floyd, IA",324
"Floyd, NM",114
"Floydada, TX",2786
"Floyds Knobs, IN",1
"Fluker, LA",1
"Flushing, MI",8029
"Flushing, NY",6
"Flushing, OH",861
"Fluvanna, TX",1
"Fly Creek, NY",1
"Fogelsville, PA",1
"Fola, WV",1
"Folcroft, PA",6621
"Foley, AL",17607
"Foley, MN",2652
"Foley, MO",168
"Folkston, GA",4788
"Follansbee, WV",2838
"Follett, TX",482
"Folsom, LA",810
"Folsom, NM",54
"Folsom, PA",1
"Folsom, WV",1
"Fombell, PA",1
"Fonda, IA",592
"Fonda, NY",759
"Fonde, KY",1
"Fontana, CA",209665
"Fontana, KS",220
"Fontana, WI",1
"Fontana Dam, NC",1
"Fontanelle, IA",630
"Foosland, IL",100
"Foothill Ranch, CA",1
"Foraker, IN",1
"Foraker, OK",19
"Forbes, ND",53
"Forbestown, CA",1
"Forbing, LA",1
"Ford, KS",215
"Ford, WA",1
"Ford City, PA",2847
"Fordland, MO",825
"Fordoche, LA",902
"Fords, NJ",1
"Fordsville, KY",532
"Fordville, ND",204
"Fordyce, AR",3955
"Fordyce, NE",137
"Foreman, AR",947
"Forest, IN",1
"Forest, MS",5672
"Forest, TX",1
"Forest, VA",1
"Forest City, FL",1
"Forest City, IA",4013
"Forest City, IL",229
"Forest City, MO",252
"Forest Falls, CA",1
"Forest Hill, LA",803
"Forest Hill, MD",1
"Forest Hills, GA",1
"Forest Hills, KY",462
"Forest Hills, NY",1
"Forest Home, AL",1
"Forest Junction, WI",1
"Forest Knolls, CA",1
"Forest Lake, MN",19600
"Forest Lakes, FL",1
"Forest Park, GA",19731
"Forest Park, IL",13982
"Forest River, ND",123
"Forestburg, SD",1
"Forestburg, TX",1
"Forestburgh, NY",1
"Forestdale, MA",1
"Forestgrove, MT",1
"Foresthill, CA",1
"Foreston, MN",517
"Forestport, NY",1
"Forestville, CA",1
"Forestville, NY",663
"Forestville, WI",409
"Forgan, OK",524
"Foristell, MO",554
"Fork, MD",1
"Fork, SC",1
"Fork Union, VA",1
"Forked Island, LA",1
"Forked River, NJ",1
"Forkland, AL",597
"Forks, WA",3783
"Forks Of Salmon, CA",1
"Forks Township, PA",1
"Forksville, PA",140
"Forman, ND",528
"Formoso, KS",88
"Forney, TX",19122
"Forrest, IL",1167
"Forrest City, AR",14480
"Forreston, IL",1366
"Forreston, TX",1
"Forsyth, GA",4125
"Forsyth, MO",2413
"Forsyth, MT",1869
"Fort Ann, NY",470
"Fort Ashby, WV",1
"Fort Atkinson, IA",330
"Fort Atkinson, WI",12541
"Fort Belvoir, VA",1
"Fort Benjamin Ha, IN",1
"Fort Benton, MT",1456
"Fort Bidwell, CA",1
"Fort Blackmore, VA",1
"Fort Bliss, TX",3
"Fort Bragg, CA",7287
"Fort Bragg, NC",1
"Fort Branch, IN",2797
"Fort Bridger, WY",1
"Fort Calhoun, NE",935
"Fort Campbell, KY",1
"Fort Campbell, TN",1
"Fort Carson, CO",1
"Fort Chaffee, AR",1
"Fort Clark, ND",1
"Fort Cobb, OK",630
"Fort Collins, CO",164207
"Fort Covington, NY",1
"Fort Davis, AL",1
"Fort Davis, TX",1
"Fort Defiance, VA",1
"Fort Deposit, AL",1228
"Fort Detrick, MD",1
"Fort Dix, NJ",1
"Fort Dodge, IA",24441
"Fort Dodge, KS",1
"Fort Drum, NY",2
"Fort Duchesne, UT",1
"Fort Edward, NY",3296
"Fort Fairfield, ME",1
"Fort Gaines, GA",1046
"Fort Garland, CO",1
"Fort Gay, WV",671
"Fort George G Me, MD",1
"Fort Gibson, OK",4061
"Fort Gordon, GA",1
"Fort Hall, ID",1
"Fort Hancock, NJ",1
"Fort Hancock, TX",1
"Fort Hill, PA",1
"Fort Hood, TX",1
"Fort Huachuca, AZ",1
"Fort Irwin, CA",1
"Fort Jennings, OH",484
"Fort Johnson, NY",464
"Fort Jones, CA",688
"Fort Kent, ME",1
"Fort Knox, KY",1
"Fort Laramie, WY",222
"Fort Lauderdale, FL",178752
"Fort Lawn, SC",864
"Fort Leavenworth, KS",1
"Fort Lee, NJ",37577
"Fort Lee, VA",1
"Fort Leonard Woo, MO",1
"Fort Lewis, WA",1
"Fort Littleton, PA",1
"Fort Loramie, OH",1497
"Fort Loudon, PA",1
"Fort Madison, IA",10597
"Fort Mc Clellan, AL",1
"Fort Mc Kavett, TX",1
"Fort Mcdowell, AZ",1
"Fort Meade, FL",6035
"Fort Meade, SD",1
"Fort Monmouth, NJ",1
"Fort Morgan, AL",1
"Fort Morgan, CO",11348
"Fort Motte, SC",1
"Fort Myers, FL",77146
"Fort Myers Beach, FL",7085
"Fort Necessity, LA",1
"Fort Oglethorpe, GA",9839
"Fort Ord, CA",1
"Fort Payne, AL",14099
"Fort Peck, MT",247
"Fort Pierce, FL",45295
"Fort Pierre, SD",2148
"Fort Pillow, TN",1
"Fort Plain, NY",2229
"Fort Polk, LA",1
"Fort Recovery, OH",1437
"Fort Richardson, AK",1
"Fort Riley, KS",1
"Fort Ripley, MN",70
"Fort Ritchie, MD",1
"Fort Rock, OR",1
"Fort Rucker, AL",1
"Fort Sam Houston, TX",1
"Fort Seybert, WV",1
"Fort Shaw, MT",1
"Fort Sheridan, IL",1
"Fort Sill, OK",1
"Fort Smith, AR",88133
"Fort Snelling, MN",1
"Fort Spring, WV",1
"Fort Stewart, GA",1
"Fort Stockton, TX",8515
"Fort Sumner, NM",915
"Fort Supply, OK",338
"Fort Thomas, KY",16445
"Fort Thompson, SD",1
"Fort Totten, NY",1
"Fort Towson, OK",493
"Fort Valley, GA",8643
"Fort Wainwright, AK",1
"Fort Walton Beac, FL",2
"Fort Washakie, WY",1
"Fort Washington, MD",1
"Fort Washington, PA",1
"Fort Wayne, IN",264488
"Fort White, FL",576
"Fort Worth, TX",854113
"Fort Yates, ND",210
"Fort Yukon, AK",554
"Fortescue, MO",29
"Fortson, GA",1
"Fortuna, CA",12122
"Fortuna, MO",1
"Fortville, IN",3998
"Foss, OK",149
"Fosston, MN",1499
"Foster, KY",1
"Foster, MO",113
"Foster, NE",50
"Foster, OK",162
"Foster, OR",1
"Foster, RI",1
"Foster, WV",1
"Foster City, CA",34175
"Foster City, MI",1
"Foster Falls, VA",1
"Fosterdale, NY",1
"Fosters, AL",1
"Fostoria, IA",235
"Fostoria, MI",1
"Fostoria, OH",13279
"Fouke, AR",870
"Fountain, CO",28753
"Fountain, FL",1
"Fountain, MI",194
"Fountain, MN",413
"Fountain, NC",435
"Fountain City, IN",772
"Fountain City, WI",849
"Fountain Hill, AR",165
"Fountain Hills, AZ",24482
"Fountain Inn, SC",8513
"Fountain Run, KY",209
"Fountain Valley, CA",56529
"Fountaintown, IN",1
"Fountainville, PA",1
"Four Corners, WY",1
"Four Oaks, NC",2090
"Four Seasons, MO",2239
"Fowbelsburg, MD",1
"Fowler, CA",6348
"Fowler, CO",1145
"Fowler, IL",1
"Fowler, IN",2265
"Fowler, KS",544
"Fowler, MI",1223
"Fowler, OH",1
"Fowlerton, TX",1
"Fowlerville, MI",2916
"Fox, AR",1
"Fox, OR",1
"Fox Island, WA",1
"Fox Lake, IL",10459
"Fox Lake, WI",1469
"Fox River Grove, IL",4651
"Foxboro, MA",1
"Foxboro, WI",1
"Foxburg, PA",177
"Foxholm, ND",1
"Foxhome, MN",112
"Foxton, CO",1
"Foxworth, MS",1
"Frackville, PA",3672
"Frame, WV",1
"Framingham, MA",1
"Francestown, NH",1
"Francesville, IN",822
"Francis Creek, WI",648
"Francisco, IN",470
"Franconia, NH",1
"Franconia, VA",1
"Frank, NC",1
"Frankenmuth, MI",5131
"Frankewing, TN",1
"Frankford, DE",951
"Frankford, MO",321
"Frankfort, IL",18857
"Frankfort, ME",1
"Frankfort, MI",1290
"Frankfort, NY",2484
"Frankfort, OH",1061
"Frankfort, SD",154
"Frankfort Height, IL",1
"Franklin, AL",132
"Franklin, AR",191
"Franklin, AZ",1
"Franklin, ID",810
"Franklin, IN",24867
"Franklin, KY",8823
"Franklin, LA",7182
"Franklin, MA",1
"Franklin, ME",1
"Franklin, MI",3244
"Franklin, MN",469
"Franklin, MO",95
"Franklin, NC",3993
"Franklin, NE",929
"Franklin, NH",8447
"Franklin, NJ",4813
"Franklin, NY",344
"Franklin, PA",6231
"Franklin, TN",74794
"Franklin, TX",1594
"Franklin, VA",8306
"Franklin, VT",1
"Franklin, WI",36131
"Franklin, WV",662
"Franklin Furnace, OH",1
"Franklin Grove, IL",958
"Franklin Lakes, NJ",10852
"Franklin Park, IL",18110
"Franklin Park, NJ",1
"Franklin Square, NY",1
"Franklinton, LA",3781
"Franklinton, NC",2133
"Franklinville, NC",1162
"Franklinville, NJ",1
"Franklinville, NY",1672
"Frankston, TX",1203
"Franksville, WI",1
"Frankton, IN",1820
"Franktown, CO",1
"Franktown, VA",1
"Frankville, AL",1
"Fraser, MI",14622
"Frazee, MN",1376
"Frazer, PA",1
"Frazeysburg, OH",1296
"Frazier Park, CA",1
"Fraziers Bottom, WV",1
"Fred, TX",1
"Frederic, MI",1
"Frederica, DE",828
"Frederick, IL",1
"Frederick, MD",70060
"Frederick, OK",3665
"Frederick, PA",1
"Frederick, SD",204
"Fredericksburg, IA",923
"Fredericksburg, IN",1
"Fredericksburg, OH",420
"Fredericksburg, PA",1
"Fredericksburg, TX",11382
"Fredericksburg, VA",28297
"Fredericktown, OH",2466
"Fredericktown, PA",1
"Fredon Township, NJ",1
"Fredonia, AZ",1323
"Fredonia, KY",389
"Fredonia, ND",44
"Fredonia, NY",10639
"Fredonia, PA",476
"Fredonia, TX",1
"Free Soil, MI",145
"Freeborn, MN",288
"Freeburg, IL",4234
"Freeburg, MO",432
"Freeburg, PA",570
"Freeburn, KY",1
"Freedom, CA",1
"Freedom, IN",1
"Freedom, ME",1
"Freedom, NH",1
"Freedom, NY",1
"Freedom, OK",304
"Freedom, PA",1512
"Freedom, WY",1
"Freehold, NJ",11891
"Freehold, NY",1
"Freeland, MD",1
"Freeland, MI",1
"Freeland, PA",3438
"Freeland, WA",1
"Freeman, MO",487
"Freeman, SD",1308
"Freeman, VA",1
"Freeport, FL",2119
"Freeport, IL",24392
"Freeport, KS",5
"Freeport, ME",1
"Freeport, MI",484
"Freeport, MN",657
"Freeport, NY",43279
"Freeport, OH",351
"Freeport, PA",1724
"Freer, TX",2748
"Freestone, CA",1
"Freestone, TX",1
"Freetown, IN",1
"Freeville, NY",516
"Freistatt, MO",163
"Fremont, CA",233136
"Fremont, IA",724
"Fremont, IN",2135
"Fremont, MI",4029
"Fremont, MO",1
"Fremont, NE",26519
"Fremont, NH",1
"Fremont, OH",16309
"Fremont, UT",1
"Fremont, WI",662
"Fremont Center, NY",1
"French Camp, CA",1
"French Camp, MS",169
"French Gulch, CA",1
"French Lick, IN",1769
"French Settlemen, LA",1
"French Village, MO",1
"Frenchmans Bayou, AR",1
"Frenchtown, MT",1
"Frenchtown, NJ",1395
"Frenchville, PA",1
"Fresh Meadows, NY",2
"Fresno, CA",522053
"Fresno, OH",1
"Fresno, TX",1
"Frew, KY",1
"Frewsburg, NY",1
"Friant, CA",1
"Friday Harbor, WA",2338
"Fridley, MN",27476
"Friedens, PA",1
"Friedheim, MO",1
"Friend, KS",1
"Friend, NE",992
"Friend, OR",1
"Friendly, WV",129
"Friendship, AR",188
"Friendship, IN",1
"Friendship, MD",1
"Friendship, ME",1
"Friendship, NY",1
"Friendship, TN",659
"Friendship, WI",659
"Friendsville, MD",474
"Friendsville, PA",106
"Friendsville, TN",926
"Friendswood, TX",39396
"Frierson, LA",1
"Fries, VA",467
"Frisco, TX",163656
"Frisco City, AL",1212
"Fritch, TX",2032
"Frogmore, LA",1
"Frohna, MO",259
"Froid, MT",201
"Fromberg, MT",445
"Front Royal, VA",15153
"Frontenac, MN",1
"Frontenac, NY",1
"Frost, MN",191
"Frost, TX",648
"Frostburg, MD",8676
"Frostproof, FL",3179
"Fruita, CO",12924
"Fruitdale, AL",1
"Fruitdale, SD",63
"Fruithurst, AL",280
"Fruitland, ID",5136
"Fruitland, MD",5234
"Fruitland, NM",1
"Fruitland, WA",1
"Fruitland Park, FL",6018
"Fruitport, MI",1130
"Fruitvale, CO",1
"Fruitvale, TX",418
"Fryburg, ND",1
"Fryburg, PA",1
"Frye, ME",1
"Fryeburg, ME",1
"Ft Devens, MA",1
"Fuget, KY",2
"Fulda, MN",1231
"Fulks Run, VA",1
"Fullerton, CA",140721
"Fullerton, ND",52
"Fullerton, NE",1259
"Fulshear, TX",7925
"Fulton, AL",258
"Fulton, AR",194
"Fulton, CA",1
"Fulton, IL",3333
"Fulton, KS",159
"Fulton, MD",1
"Fulton, MI",1
"Fulton, MO",13103
"Fulton, MS",4066
"Fulton, NY",11402
"Fulton, OH",261
"Fulton, SD",92
"Fulton, TX",1577
"Fultonham, NY",1
"Fultonville, NY",782
"Fults, IL",26
"Fultz, KY",1
"Funk, NE",193
"Fuquay Varina, NC",1
"Furlong, PA",1
"Fyffe, AL",1017
"Gaastra, MI",328
"Gabbs, NV",1
"Gable, SC",1
"Gackle, ND",291
"Gadsden, AL",35837
"Gadsden, SC",1
"Gadsden, TN",462
"Gaffney, SC",12920
"Gage, OK",426
"Gages Lake, IL",1
"Gagetown, MI",376
"Gahanna, OH",34956
"Gail, TX",1
"Gaines, MI",367
"Gaines, PA",1
"Gainesboro, TN",945
"Gainestown, AL",1
"Gainesville, AL",195
"Gainesville, FL",131591
"Gainesville, GA",40000
"Gainesville, MO",744
"Gainesville, NY",224
"Gainesville, VA",1
"Gaithersburg, MD",67776
"Galata, MT",1
"Galatia, IL",908
"Galatia, KS",38
"Galax, VA",6775
"Gale, IL",1
"Galena, AK",488
"Galena, IL",3255
"Galena, KS",2886
"Galena, MD",594
"Galena, MO",422
"Galena, OH",665
"Galena Park, TX",11067
"Gales Creek, OR",1
"Gales Ferry, CT",1
"Galesburg, IL",30960
"Galesburg, KS",120
"Galesburg, MI",2049
"Galesburg, ND",106
"Galesville, WI",1537
"Galeton, CO",1
"Galeton, PA",1109
"Galien, MI",531
"Galion, OH",10143
"Galivants Ferry, SC",1
"Gallant, AL",1
"Gallatin, MO",1731
"Gallatin, TN",35734
"Gallatin Gateway, MT",1
"Galliano, LA",1
"Gallina, NM",1
"Gallion, AL",1
"Gallipolis, OH",3462
"Gallipolis Ferry, WV",1
"Gallitzin, PA",1587
"Galloway, OH",1
"Gallup, NM",22670
"Galt, CA",25633
"Galt, IA",31
"Galt, MO",252
"Galva, IA",424
"Galva, IL",2502
"Galva, KS",873
"Galveston, IN",1270
"Galveston, KY",1
"Galveston, TX",50550
"Galvez, LA",1
"Galway, NY",196
"Gamaliel, AR",1
"Gamaliel, KY",363
"Gambell, AK",701
"Gambier, OH",2423
"Gambrills, MD",1
"Ganado, AZ",1
"Ganado, TX",2102
"Gandeeville, WV",1
"Ganister, PA",1
"Gann Valley, SD",1
"Gansevoort, NY",1
"Gantt, AL",221
"Gap, PA",1
"Gap Mills, WV",1
"Garber, IA",85
"Garber, OK",836
"Garciasville, TX",1
"Gardar, ND",1
"Garden, MI",216
"Garden City, CO",267
"Garden City, GA",8900
"Garden City, IA",1
"Garden City, ID",11602
"Garden City, KS",26747
"Garden City, MI",26719
"Garden City, MN",1
"Garden City, MO",1630
"Garden City, NY",22545
"Garden City, SD",55
"Garden City, TX",1
"Garden City, UT",587
"Garden Grove, CA",174858
"Garden Grove, IA",207
"Garden Home, OR",1
"Garden Plain, KS",894
"Garden Prairie, IL",1
"Garden Ridge, TX",3957
"Garden Valley, CA",1
"Garden Valley, ID",1
"Gardena, CA",60048
"Gardena, ND",29
"Gardendale, AL",13783
"Gardendale, TX",1
"Gardiner, ME",5620
"Gardiner, MT",1
"Gardiner, NY",1
"Gardiner, OR",1
"Gardner, IL",1419
"Gardner, KS",21110
"Gardner, MA",20430
"Gardner, ND",75
"Gardners, PA",1
"Gardnerville, NV",1
"Garfield, AR",533
"Garfield, GA",203
"Garfield, KS",183
"Garfield, KY",1
"Garfield, MN",345
"Garfield, NJ",31876
"Garfield, NM",1
"Garfield, WA",611
"Garfield Heights, OH",27905
"Garita, NM",1
"Garland, KS",1
"Garland, NC",622
"Garland, NE",220
"Garland, TX",234943
"Garland, UT",2492
"Garland City, AR",1
"Garnavillo, IA",723
"Garner, AR",284
"Garner, IA",3075
"Garner, NC",28776
"Garnerville, NY",1
"Garnett, KS",3264
"Garnett, SC",1
"Garrattsville, NY",1
"Garretson, SD",1193
"Garrett, IN",6360
"Garrett, KY",1
"Garrett, PA",431
"Garrett, WY",1
"Garrettsville, OH",2323
"Garrison, IA",361
"Garrison, KY",1
"Garrison, MN",201
"Garrison, MO",1
"Garrison, MT",1
"Garrison, NE",52
"Garrison, NY",1
"Garrison, TX",893
"Garrison, UT",1
"Garrison, WV",1
"Garryowen, MT",1
"Garvin, MN",135
"Garvin, OK",250
"Garwin, IA",508
"Garwood, NJ",4347
"Garwood, TX",1
"Gary, IN",76424
"Gary, MN",206
"Gary, SD",225
"Gary, TX",1
"Garysburg, NC",956
"Garyville, LA",1
"Gas City, IN",5874
"Gas Hills, WY",1
"Gasburg, VA",1
"Gascoyne, ND",16
"Gasport, NY",1
"Gasquet, CA",1
"Gassaway, TN",1
"Gassaway, WV",902
"Gassville, AR",2131
"Gaston, IN",863
"Gaston, NC",1046
"Gaston, OR",695
"Gaston, SC",1657
"Gastonia, NC",75536
"Gate, OK",89
"Gate City, VA",1930
"Gates, NC",1
"Gates, OR",489
"Gates, TN",614
"Gates Mills, OH",2231
"Gatesville, NC",305
"Gateway, AR",450
"Gateway, CO",1
"Gatewood, MO",1
"Gatlinburg, TN",4206
"Gattman, MS",87
"Gatzke, MN",1
"Gauley Bridge, WV",585
"Gauley Mills, WV",1
"Gautier, MS",18471
"Gay, MI",1
"Gay, WV",1
"Gaylesville, AL",143
"Gaylord, KS",107
"Gaylord, MI",3690
"Gaylord, MN",2233
"Gaylordsville, CT",1
"Gays, IL",274
"Gays Creek, KY",1
"Gays Mills, WI",525
"Gaysville, VT",1
"Gayville, SD",409
"Gazelle, CA",1
"Gearhart, OR",1562
"Geary, OK",1286
"Geddes, SD",214
"Geer, VA",1
"Geff, IL",1
"Geismar, LA",1
"Gem, KS",87
"Gem, WV",1
"Genesee, ID",958
"Genesee, PA",1
"Geneseo, IL",6526
"Geneseo, KS",264
"Geneseo, ND",1
"Geneseo, NY",8158
"Geneva, AL",4424
"Geneva, FL",1
"Geneva, IA",157
"Geneva, ID",1
"Geneva, IL",21880
"Geneva, IN",1331
"Geneva, MN",538
"Geneva, NE",2162
"Geneva, NY",12988
"Geneva, OH",6016
"Genoa, CO",147
"Genoa, IL",5194
"Genoa, NE",954
"Genoa, NY",1
"Genoa, OH",2284
"Genoa, WI",270
"Genoa City, WI",3022
"Genola, UT",1484
"Gentry, AR",3726
"Gentry, MO",71
"Gentryville, IN",268
"George, IA",1068
"George, NC",1
"George Afb, CA",1
"George School, PA",1
"George West, TX",2579
"Georgetown, AR",127
"Georgetown, CA",1
"Georgetown, DE",7206
"Georgetown, FL",1
"Georgetown, GA",1
"Georgetown, IL",3312
"Georgetown, IN",3222
"Georgetown, KY",33440
"Georgetown, LA",326
"Georgetown, MA",1
"Georgetown, MN",129
"Georgetown, MS",281
"Georgetown, NY",1
"Georgetown, OH",4376
"Georgetown, PA",171
"Georgetown, SC",9024
"Georgetown, TN",1
"Georgetown, TX",67140
"Georgia Southwes, GA",1
"Georgiana, AL",1653
"Gepp, AR",1
"Gerald, MO",1312
"Geraldine, AL",898
"Geraldine, MT",261
"Gerber, CA",1
"Gering, NE",8360
"Gerlach, NV",1
"Gerlaw, IL",1
"German Valley, IL",449
"Germansville, PA",1
"Germanton, NC",1
"Germantown, IL",1286
"Germantown, KY",153
"Germantown, MD",1
"Germantown, NY",1
"Germantown, OH",5486
"Germantown, TN",39056
"Germantown, WI",20027
"Germfask, MI",1
"Geronimo, OK",1204
"Gerrardstown, WV",1
"Gerry, NY",1
"Gerton, NC",1
"Gervais, OR",2675
"Gettysburg, PA",7700
"Gettysburg, SD",1155
"Getzville, NY",1
"Geuda Springs, KS",183
"Geyser, MT",1
"Geyserville, CA",1
"Gheen, MN",1
"Gheens, LA",1
"Ghent, KY",320
"Ghent, MN",367
"Ghent, NY",1
"Ghent, WV",1
"Giant Forest, CA",1
"Gibbon, MN",747
"Gibbon, NE",1909
"Gibbon Glade, PA",1
"Gibbonsville, ID",1
"Gibbs, MO",105
"Gibbsboro, NJ",2248
"Gibbstown, NJ",1
"Gibraltar, MI",4496
"Gibsland, LA",947
"Gibson, GA",646
"Gibson, IA",59
"Gibson, LA",1
"Gibson, NC",515
"Gibson City, IL",3378
"Gibson Island, MD",1
"Gibsonburg, OH",2542
"Gibsonia, PA",1
"Gibsonton, FL",1
"Gibsonville, NC",7029
"Giddings, TX",5113
"Gideon, MO",1022
"Gifford, IL",1078
"Gifford, PA",1
"Gifford, WA",1
"Gig Harbor, WA",9110
"Gila Bend, AZ",2071
"Gilbert, AZ",237133
"Gilbert, LA",565
"Gilbert, MN",1790
"Gilbert, PA",1
"Gilbert, SC",614
"Gilbert, WV",412
"Gilbertown, AL",203
"Gilberts, IL",7724
"Gilbertsville, KY",1
"Gilbertsville, NY",372
"Gilbertsville, PA",1
"Gilbertville, MA",1
"Gilboa, NY",1
"Gilboa, OH",184
"Gilboa, WV",1
"Gilchrist, OR",1
"Gildford, MT",1
"Gilead, NE",38
"Gilford, NH",1
"Gill, CO",1
"Gillett, AR",686
"Gillett, PA",1
"Gillett, TX",1
"Gillett, WI",1336
"Gillette, NJ",1
"Gillette, WY",32398
"Gillham, AR",159
"Gilliam, LA",158
"Gilliam, MO",195
"Gillingham, WI",1
"Gillmore, KY",1
"Gillsville, GA",249
"Gilly, KY",1
"Gilman, CT",1
"Gilman, IA",498
"Gilman, IL",1731
"Gilman, MN",223
"Gilman, VT",1
"Gilman, WI",395
"Gilman City, MO",364
"Gilman Hot Sprin, CA",1
"Gilmanton, NH",1
"Gilmanton Iron W, NH",1
"Gilmer, TX",5216
"Gilmore, AR",252
"Gilmore City, IA",485
"Gilroy, CA",55069
"Gilson, IL",1
"Gilsum, NH",1
"Giltner, NE",347
"Gipsy, MO",1
"Girard, GA",151
"Girard, KS",2748
"Girard, OH",9477
"Girard, PA",2996
"Girard, TX",1
"Girardville, PA",1462
"Girdler, KY",1
"Girdletree, MD",1
"Given, WV",1
"Glace, WV",1
"Glacier, WA",1
"Glad Valley, SD",1
"Gladbrook, IA",889
"Glade, KS",91
"Glade Spring, VA",1448
"Glade Valley, NC",1
"Gladehill, VA",1
"Gladewater, TX",6427
"Gladstone, IL",275
"Gladstone, MO",27114
"Gladstone, ND",357
"Gladstone, NJ",1
"Gladstone, NM",1
"Gladstone, OR",12116
"Gladstone, VA",1
"Gladwin, MI",2875
"Gladwyne, PA",1
"Glady, WV",1
"Gladys, VA",1
"Glasco, KS",473
"Glasford, IL",995
"Glasgow, IL",134
"Glasgow, KY",14594
"Glasgow, MO",1091
"Glasgow, MT",3364
"Glasgow, VA",1116
"Glassboro, NJ",19835
"Glassport, PA",4377
"Glastonbury, CT",1
"Glazier, TX",1
"Gleason, TN",1390
"Gleason, WI",1
"Glen, MS",1
"Glen, NH",1
"Glen, WV",1
"Glen Allan, MS",1
"Glen Allen, VA",1
"Glen Arbor, MI",1
"Glen Arm, MD",1
"Glen Aubrey, NY",1
"Glen Burnie, MD",1
"Glen Campbell, PA",236
"Glen Carbon, IL",12978
"Glen Cove, NY",27341
"Glen Dale, WV",1
"Glen Daniel, WV",1
"Glen Dean, KY",1
"Glen Easton, WV",1
"Glen Echo, MD",269
"Glen Elder, KS",431
"Glen Ellen, CA",1
"Glen Ellyn, IL",28042
"Glen Fork, WV",1
"Glen Gardner, NJ",1915
"Glen Haven, WI",1
"Glen Head, NY",1
"Glen Hope, PA",139
"Glen Lyn, VA",118
"Glen Lyon, PA",1
"Glen Mills, PA",1
"Glen Oaks, NY",1
"Glen Raven, NC",1
"Glen Richey, PA",1
"Glen Riddle Lima, PA",1
"Glen Ridge, FL",235
"Glen Ridge, NJ",7642
"Glen Rock, NJ",11946
"Glen Rock, PA",2041
"Glen Rogers, WV",1
"Glen Rose, TX",2594
"Glen Saint Mary, FL",444
"Glen Spey, NY",1
"Glen Ullin, ND",741
"Glen Wild, NY",1
"Glenallen, MO",84
"Glenarm, IL",1
"Glenbeulah, WI",456
"Glenbrook, NV",1
"Glencoe, AL",5135
"Glencoe, AR",1
"Glencoe, CA",1
"Glencoe, IL",8894
"Glencoe, KY",358
"Glencoe, MD",1
"Glencoe, MN",5503
"Glencoe, MO",1
"Glencoe, NM",1
"Glencoe, OK",601
"Glencoe, PA",1
"Glencross, SD",1
"Glendale, AZ",245895
"Glendale, CA",200831
"Glendale, CO",5197
"Glendale, KY",1
"Glendale, OH",2157
"Glendale, OR",887
"Glendale, UT",373
"Glendale Heights, IL",34145
"Glendive, MT",5332
"Glendo, WY",203
"Glendon, WV",1
"Glendora, CA",51851
"Glendora, NJ",1
"Glenelg, MD",1
"Glenfield, NY",1
"Glenford, NY",1
"Glenford, OH",176
"Glenham, SD",108
"Glenhaven, CA",1
"Glenmont, NY",1
"Glenmont, OH",290
"Glenmoore, PA",1
"Glenn, CA",1
"Glenn, GA",1
"Glenn Dale, MD",1
"Glenn Springs, SC",1
"Glennallen, AK",1
"Glennie, MI",1
"Glenns Ferry, ID",1235
"Glennville, CA",1
"Glennville, GA",5098
"Glenolden, PA",7153
"Glenoma, WA",1
"Glenpool, OK",13479
"Glenrock, WY",2595
"Glens Fork, KY",1
"Glenshaw, PA",1
"Glenside, PA",1
"Glenview, IL",47475
"Glenview Nas, IL",1
"Glenvil, NE",288
"Glenville, MN",623
"Glenville, NC",1
"Glenwood, AL",188
"Glenwood, AR",2141
"Glenwood, GA",742
"Glenwood, IA",5309
"Glenwood, IL",8911
"Glenwood, IN",241
"Glenwood, MD",1
"Glenwood, MN",2562
"Glenwood, MO",197
"Glenwood, NJ",1
"Glenwood, NM",1
"Glenwood, NY",1
"Glenwood, OR",1
"Glenwood, WA",1
"Glenwood, WV",1
"Glenwood City, WI",1219
"Glenwood Springs, CO",9997
"Glidden, IA",1121
"Glidden, WI",1
"Glide, OR",1
"Globe, AZ",7376
"Glorieta, NM",1
"Gloster, LA",1
"Gloster, MS",898
"Gloucester, MA",29798
"Gloucester, NC",1
"Gloucester City, NJ",11339
"Gloucester Point, VA",1
"Glouster, OH",1793
"Glover, VT",1
"Gloversville, NY",14940
"Glynco, GA",1
"Glyndon, MD",1
"Glyndon, MN",1371
"Glynn, LA",1
"Gnadenhutten, OH",1283
"Gobler, MO",1
"Gobles, MI",805
"Goddard, KS",4710
"Godeffroy, NY",1
"Godfrey, IL",17733
"Godley, TX",1111
"Godwin, NC",145
"Goehner, NE",158
"Goessel, KS",508
"Goetzville, MI",1
"Goff, KS",126
"Golconda, NV",1
"Gold Canyon, AZ",1
"Gold Creek, MT",1
"Gold Hill, NC",1
"Gold Hill, OR",1280
"Gold River, CA",1
"Gold Run, CA",1
"Goldbond, VA",1
"Golden, CO",20696
"Golden, IL",635
"Golden, MO",1
"Golden, MS",189
"Golden City, MO",731
"Golden Eagle, IL",1
"Golden Gate, IL",67
"Golden Meadow, LA",2038
"Golden Pond, KY",1
"Golden Valley, MN",21376
"Golden Valley, ND",178
"Goldendale, WA",3449
"Goldfield, IA",607
"Goldfield, NV",1
"Goldonna, LA",425
"Goldsboro, MD",238
"Goldsboro, NC",35792
"Goldsboro, TX",1
"Goldsmith, TX",272
"Goldston, NC",299
"Goldthwaite, TX",1867
"Goldvein, VA",1
"Goleta, CA",30850
"Goliad, TX",1981
"Golovin, AK",160
"Goltry, OK",261
"Golts, MD",1
"Golva, ND",70
"Gonic, NH",1
"Gonvick, MN",287
"Gonzales, CA",8460
"Gonzales, LA",10832
"Gonzales, TX",7660
"Goochland, VA",1
"Good Hope, GA",291
"Good Hope, IL",377
"Good Thunder, MN",571
"Goode, VA",1
"Goodell, IA",134
"Goodhue, MN",1185
"Gooding, ID",3495
"Goodland, IN",1004
"Goodland, KS",4441
"Goodland, MN",1
"Goodlettsville, TN",16950
"Goodman, MO",1229
"Goodman, MS",1313
"Goodman, WI",1
"Goodnews Bay, AK",272
"Goodrich, MI",1846
"Goodrich, ND",97
"Goodrich, TX",293
"Goodridge, MN",132
"Goodson, MO",1
"Goodspring, TN",1
"Goodsprings, NV",1
"Goodview, MN",4099
"Goodview, VA",1
"Goodwater, AL",1324
"Goodwell, OK",1309
"Goodwin, AR",1
"Goodyear, AZ",77258
"Goodyears Bar, CA",1
"Goose Creek, SC",42039
"Goose Lake, IA",231
"Gordo, AL",1672
"Gordon, AL",327
"Gordon, NE",1535
"Gordon, TX",467
"Gordon, WI",1
"Gordon, WV",1
"Gordonsville, TN",1209
"Gordonville, PA",1
"Gordonville, TX",1
"Gore, OK",944
"Gore, VA",1
"Gore Springs, MS",1
"Goree, TX",208
"Goreville, IL",1069
"Gorham, IL",231
"Gorham, KS",338
"Gorham, ME",1
"Gorham, ND",1
"Gorham, NH",1
"Gorin, MO",1
"Gorman, CA",1
"Gorman, TX",1032
"Gormania, WV",1
"Goshen, AL",255
"Goshen, AR",1667
"Goshen, CT",1
"Goshen, KY",985
"Goshen, MA",1
"Goshen, NH",1
"Goshen, NY",5368
"Goshen, OH",1
"Goshen, VA",354
"Gosport, IN",802
"Gotebo, OK",219
"Gothenburg, NE",3475
"Goudeau, LA",1
"Gould, AR",767
"Gould, OK",130
"Gould City, MI",1
"Gouldbusk, TX",1
"Gouldsboro, ME",1
"Gouldsboro, PA",1
"Gouverneur, NY",3747
"Gove, KS",1
"Governors Island, NY",1
"Gowanda, NY",2633
"Gowen, MI",1
"Gowen City, PA",1
"Gower, MO",1498
"Gowrie, IA",981
"Grabill, IN",1106
"Grace, ID",910
"Grace City, ND",62
"Graceham, MD",1
"Gracemont, OK",316
"Graceton, PA",1
"Graceville, FL",2212
"Graceville, MN",555
"Gracey, KY",1
"Grady, AL",1
"Grady, NM",106
"Grady, OK",1
"Gradyville, KY",1
"Graettinger, IA",806
"Graff, MO",1
"Graford, TX",577
"Grafton, IA",253
"Grafton, IL",640
"Grafton, MA",1
"Grafton, NE",122
"Grafton, NH",1
"Grafton, OH",6223
"Grafton, VA",1
"Grafton, VT",1
"Grafton, WI",11568
"Grafton, WV",5127
"Graham, AL",1
"Graham, KY",1
"Graham, MO",162
"Graham, NC",14707
"Graham, OK",1
"Graham, TX",8792
"Graham, WA",1
"Grahamsville, NY",1
"Grain Valley, MO",13684
"Grainfield, KS",255
"Grambling, LA",5217
"Gramercy, LA",3449
"Grammer, IN",1
"Grampian, PA",328
"Granada, CO",483
"Granada, MN",290
"Granada Hills, CA",1
"Granbury, TX",9755
"Granby, CO",1916
"Granby, CT",1
"Granby, MA",1
"Granby, MO",2124
"Grand Bay, AL",1
"Grand Beach, MI",278
"Grand Blanc, MI",7954
"Grand Cane, LA",244
"Grand Chain, IL",1
"Grand Chenier, LA",1
"Grand Coulee, WA",1044
"Grand Forks, ND",57339
"Grand Gorge, NY",1
"Grand Haven, MI",10911
"Grand Island, FL",1
"Grand Island, NE",51517
"Grand Island, NY",1
"Grand Isle, LA",1416
"Grand Isle, ME",1
"Grand Isle, VT",1
"Grand Junction, CO",61881
"Grand Junction, IA",792
"Grand Junction, MI",1
"Grand Junction, TN",279
"Grand Lake, CO",495
"Grand Ledge, MI",7807
"Grand Marais, MI",1
"Grand Marais, MN",1339
"Grand Marsh, WI",1
"Grand Meadow, MN",1160
"Grand Mound, IA",611
"Grand Pass, MO",66
"Grand Portage, MN",1
"Grand Prairie, TX",190682
"Grand Rapids, MI",196445
"Grand Rapids, ND",1
"Grand Rapids, OH",998
"Grand Ridge, FL",868
"Grand Ridge, IL",530
"Grand River, IA",223
"Grand Ronde, OR",1
"Grand Saline, TX",3149
"Grand Terrace, CA",12509
"Grand Tower, IL",581
"Grand Valley, PA",1
"Grand View, ID",441
"Grand View, WI",1
"Grandfalls, TX",384
"Grandfield, OK",966
"Grandin, MO",241
"Grandin, ND",174
"Grandview, IL",1423
"Grandview, IN",723
"Grandview, MO",25190
"Grandview, TN",1
"Grandview, TX",1656
"Grandview, WA",11159
"Grandville, MI",16002
"Grandy, NC",1
"Granger, IA",1402
"Granger, IN",1
"Granger, MN",1
"Granger, TX",1514
"Granger, WA",3720
"Grangerland, TX",1
"Grangeville, ID",3139
"Granite, CO",1
"Granite, MD",1
"Granite, OK",2015
"Granite Falls, MN",2757
"Granite Falls, NC",4685
"Granite Falls, WA",3525
"Granite Springs, NY",1
"Graniteville, MA",1
"Graniteville, SC",1
"Graniteville, VT",1
"Grannis, AR",558
"Grant, AL",907
"Grant, IA",88
"Grant, MI",881
"Grant, NE",1115
"Grant, OK",1
"Grant City, MO",799
"Grant Park, IL",1276
"Grant Township, MI",1
"Grantham, NC",1
"Grantham, NH",1
"Granton, WI",347
"Grants, NM",9298
"Grants Pass, OR",37779
"Grantsboro, NC",658
"Grantsburg, IL",1
"Grantsburg, IN",1
"Grantsville, UT",10459
"Grantsville, WV",538
"Grantville, GA",3202
"Grantville, KS",1
"Grantville, PA",1
"Granville, IA",315
"Granville, IL",1305
"Granville, ND",273
"Granville, NY",2466
"Granville, OH",5771
"Granville, PA",1
"Granville, TN",1
"Granville, VT",1
"Granville Summit, PA",1
"Grapeland, TX",1419
"Grapeview, WA",1
"Grapeville, PA",1
"Grapevine, AR",1
"Grapevine, TX",51971
"Grasmere, ID",1
"Grasonville, MD",1
"Grass Creek, WY",1
"Grass Lake, MI",1164
"Grass Range, MT",108
"Grass Valley, CA",12934
"Grass Valley, OR",160
"Grassflat, PA",1
"Grasston, MN",155
"Grassy, MO",1
"Grassy Butte, ND",1
"Grassy Creek, KY",1
"Grassy Creek, NC",1
"Grassy Meadows, WV",1
"Gratiot, WI",235
"Graton, CA",1
"Gratz, KY",77
"Gratz, PA",751
"Gravel Ridge, AR",1
"Gravel Switch, KY",1
"Gravelly, AR",1
"Graves, GA",1
"Gravette, AR",3271
"Gravity, IA",187
"Gravois Mills, MO",143
"Grawn, MI",1
"Gray, GA",3268
"Gray, IA",59
"Gray, KY",1
"Gray, LA",1
"Gray, ME",1
"Gray, TN",1
"Gray Summit, MO",1
"Grayland, WA",1
"Grayling, AK",213
"Grayling, MI",1837
"Graymont, IL",1
"Grays Knob, KY",1
"Grays Landing, PA",1
"Grays River, WA",1
"Grayson, GA",3742
"Grayson, LA",529
"Graysville, PA",1
"Graysville, TN",1523
"Grayville, IL",1623
"Great Barrington, MA",1
"Great Bend, ND",58
"Great Bend, PA",678
"Great Cacapon, WV",1
"Great Falls, MT",59178
"Great Falls, SC",1928
"Great Falls, VA",1
"Great Lakes, IL",1
"Great Meadows, NJ",1
"Great Mills, MD",1
"Great Neck, NY",10218
"Great Valley, NY",1
"Greece, NY",1
"Greeley, CO",103990
"Greeley, IA",250
"Greeley, KS",293
"Greeley, NE",1
"Greeley, PA",1
"Greeleyville, SC",404
"Green, KS",125
"Green Bank, WV",1
"Green Bay, VA",1
"Green Bay, WI",105139
"Green Brook, NJ",1
"Green Castle, MO",1
"Green City, MO",608
"Green Cove Sprin, FL",1
"Green Forest, AR",2782
"Green Hall, KY",1
"Green Island, NY",2598
"Green Isle, MN",533
"Green Lake, WI",934
"Green Lane, PA",498
"Green Park, PA",1
"Green Pond, SC",1
"Green Ridge, MO",498
"Green River, UT",943
"Green River, WY",12305
"Green Road, KY",1
"Green Rock, IL",1
"Green Sea, SC",1
"Green Spring, WV",1
"Green Springs, OH",1315
"Green Sulphur Sp, WV",1
"Green Valley, AZ",1
"Green Valley, IL",679
"Green Village, NJ",1
"Greenacres, CA",1
"Greenacres, FL",1
"Greenacres, WA",1
"Greenback, TN",1119
"Greenbackville, VA",1
"Greenbank, WA",1
"Greenbelt, MD",23909
"Greenbrier, AR",5370
"Greenbrier, TN",6796
"Greenbush, MI",1
"Greenbush, MN",726
"Greenbush, VA",1
"Greencastle, IN",10508
"Greencastle, PA",4035
"Greencreek, ID",1
"Greendale, WI",14211
"Greene, IA",1103
"Greene, ME",1
"Greene, NY",1478
"Greene, RI",1
"Greenehaven, AZ",1
"Greenfield, CA",17428
"Greenfield, IA",1843
"Greenfield, IL",994
"Greenfield, IN",21709
"Greenfield, MO",1319
"Greenfield, NH",1
"Greenfield, OH",4589
"Greenfield, OK",91
"Greenfield, TN",2091
"Greenfield, WI",36858
"Greenfield Cente, NY",1
"Greenfield Park, NY",1
"Greenhills, OH",3588
"Greenland, NH",1
"Greenlawn, NY",1
"Greenleaf, KS",308
"Greenleaf, OR",1
"Greenleaf, WI",1
"Greenmount, MD",1
"Greenmountain, NC",1
"Greenough, MT",1
"Greenport, NY",2204
"Greens Fork, IN",408
"Greensboro, AL",2365
"Greensboro, GA",3384
"Greensboro, MD",1882
"Greensboro, NC",287027
"Greensboro, PA",256
"Greensboro, VT",1
"Greensboro Bend, VT",1
"Greensburg, KS",771
"Greensburg, KY",2128
"Greensburg, LA",681
"Greensburg, PA",14430
"Greenstone, PA",1
"Greentop, MO",438
"Greentown, IN",2375
"Greentown, PA",1
"Greenvale, NY",1
"Greenville, AL",7781
"Greenville, CA",1
"Greenville, DE",1
"Greenville, FL",796
"Greenville, IA",72
"Greenville, IL",6758
"Greenville, IN",807
"Greenville, KY",4366
"Greenville, ME",1
"Greenville, MI",8426
"Greenville, MO",482
"Greenville, MS",31517
"Greenville, NC",91495
"Greenville, NY",1
"Greenville, OH",12836
"Greenville, RI",1
"Greenville, SC",67453
"Greenville, TX",27172
"Greenville, UT",1
"Greenville, VA",1
"Greenville, WI",1
"Greenville, WV",1
"Greenville Junct, ME",1
"Greenway, AR",194
"Greenwell Spring, LA",1
"Greenwich, CT",1
"Greenwich, OH",1425
"Greenwood, AR",9362
"Greenwood, CA",1
"Greenwood, DE",1085
"Greenwood, FL",654
"Greenwood, IN",56545
"Greenwood, LA",3157
"Greenwood, MI",1
"Greenwood, MS",14415
"Greenwood, NE",579
"Greenwood, NY",1
"Greenwood, SC",23320
"Greenwood, VA",1
"Greenwood, WI",1015
"Greenwood, WV",1
"Greenwood Lake, NY",3101
"Greenwood Spring, MS",1
"Greenwood Villag, CO",1
"Greer, SC",29000
"Greers Ferry, AR",864
"Gregory, MI",1
"Greig, NY",1
"Grenada, CA",1
"Grenada, MS",12708
"Grenelefe, FL",1
"Grenola, KS",192
"Grenville, NM",34
"Grenville, SD",53
"Gresham, NE",222
"Gresham, OR",111523
"Gresham, SC",1
"Gresham, WI",567
"Grethel, KY",1
"Gretna, LA",17897
"Gretna, NE",5060
"Gretna, VA",1237
"Grey Eagle, MN",331
"Grey Forest, TX",532
"Greybull, WY",1872
"Greycliff, MT",1
"Greystone Park, NJ",1
"Gridley, CA",6586
"Gridley, IL",1427
"Gridley, KS",340
"Griffin, GA",22928
"Griffin, IN",166
"Griffith, IN",16252
"Griffithsville, WV",1
"Griffithville, AR",225
"Grifton, NC",2661
"Griggsville, IL",1170
"Grimes, IA",11909
"Grimesland, NC",444
"Grimsley, TN",1
"Grindstone, PA",1
"Grinnell, IA",9151
"Grinnell, KS",238
"Grissom Air Forc, IN",1
"Griswold, IA",977
"Grizzly Flats, CA",1
"Groesbeck, OH",3
"Groesbeck, TX",4321
"Groom, TX",565
"Groom Creek, AZ",1
"Grosse Ile, MI",1
"Grosse Pointe, MI",5187
"Grosse Tete, LA",625
"Grossinger, NY",1
"Groton, CT",9134
"Groton, MA",1
"Groton, NY",2372
"Groton, SD",1509
"Groton, VT",1
"Grottoes, VA",2799
"Grouse Creek, UT",1
"Grove, OK",6835
"Grove City, FL",1
"Grove City, MN",611
"Grove City, OH",39721
"Grove City, PA",8069
"Grove Hill, AL",1478
"Groveland, CA",1
"Groveland, FL",12493
"Groveland, MA",1
"Groveland, NY",1
"Groveoak, AL",1
"Groveport, OH",5552
"Grover, CO",150
"Grover, MO",1
"Grover, NC",706
"Grover, WY",1
"Grover Beach, CA",13641
"Grover Hill, OH",381
"Grovertown, IN",1
"Groves, TX",15758
"Grovespring, MO",1
"Groveton, NH",1
"Groveton, TX",1026
"Grovetown, GA",13463
"Gruetli Laager, TN",1
"Grulla, TX",1
"Grundy, VA",958
"Grundy Center, IA",2686
"Gruver, TX",1172
"Grygla, MN",210
"Guadalupe, CA",7321
"Guadalupita, NM",1
"Gualala, CA",1
"Guelph, ND",1
"Guerneville, CA",1
"Guernsey, IA",61
"Guernsey, OH",1
"Guernsey, WY",1171
"Guerra, TX",1
"Gueydan, LA",1404
"Guffey, CO",1
"Guide Rock, NE",207
"Guild, TN",1
"Guilderland, NY",1
"Guildhall, VT",1
"Guilford, CT",1
"Guilford, IN",1
"Guilford, ME",1
"Guilford, MO",80
"Guilford, NY",1
"Guin, AL",2305
"Guinda, CA",1
"Guion, AR",83
"Gulf Breeze, FL",6466
"Gulfport, MS",72076
"Gulliver, MI",1
"Gully, MN",66
"Gulston, KY",1
"Gum Spring, VA",1
"Gun Barrel City, TX",6006
"Gunnison, CO",6261
"Gunnison, MS",422
"Gunnison, UT",3325
"Gunpowder, MD",1
"Gunter, TX",1417
"Gunter Afs, AL",1
"Guntersville, AL",8437
"Guntown, MS",2720
"Gurdon, AR",2137
"Gurley, AL",786
"Gurley, NE",211
"Gurnee, IL",30957
"Gustavus, AK",428
"Gustine, CA",5817
"Gustine, TX",456
"Guston, KY",1
"Guthrie, OK",11492
"Guthrie Center, IA",1507
"Guttenberg, IA",1840
"Guttenberg, NJ",11618
"Guy, AR",772
"Guy, TX",1
"Guymon, OK",11703
"Guys, TN",462
"Guys Mills, PA",1
"Guysville, OH",1
"Guyton, GA",1892
"Gwynedd, PA",1
"Gwynn, VA",1
"Gwynn Oak, MD",1
"Gypsum, CO",6969
"Gypsum, KS",391
"Hacienda Heights, CA",1
"Hackberry, LA",1
"Hackensack, MN",312
"Hackensack, NJ",44756
"Hackett, AR",816
"Hackettstown, NJ",9549
"Hackleburg, AL",1477
"Haddam, CT",1
"Haddam, KS",100
"Haddix, KY",1
"Haddock, GA",1
"Haddon Heights, NJ",7544
"Haddonfield, NJ",11424
"Hadley, MA",1
"Hadley, MN",58
"Hadley, NY",1
"Hadley, PA",1
"Hagaman, IL",1
"Hagaman, NY",1290
"Hagarville, AR",1
"Hager City, WI",1
"Hagerhill, KY",1
"Hagerman, ID",880
"Hagerman, NM",1244
"Hagerstown, IN",1713
"Hagerstown, MD",40452
"Hague, ND",66
"Hague, NY",1
"Hague, VA",1
"Hahira, GA",2937
"Hahnville, LA",1
"Haigler, NE",150
"Haiku, HI",1
"Hailey, ID",8218
"Haines, AK",1
"Haines, OR",420
"Haines Creek, FL",1
"Hakalau, HI",1
"Halbur, IA",249
"Halcott Center, NY",1
"Halcyon, CA",1
"Hale, CO",1
"Hale, MI",1
"Hale, MO",404
"Hale Center, TX",2104
"Haledon, NJ",8395
"Haleiwa, HI",1
"Hales Corners, WI",7674
"Halesite, NY",1
"Halethorpe, MD",1
"Haleyville, AL",4074
"Half Moon Bay, CA",12697
"Half Way, MO",1
"Halfway, OR",293
"Halifax, MA",1
"Halifax, NC",216
"Halifax, PA",830
"Halifax, VA",1246
"Hall, MT",1
"Hall Summit, LA",281
"Hallam, NE",236
"Hallandale, FL",1
"Hallettsville, TX",2585
"Hallock, MN",930
"Hallowell, KS",1
"Hallowell, ME",2326
"Halls, TN",2162
"Hallsboro, NC",1
"Hallstead, PA",1219
"Hallsville, MO",1536
"Hallsville, TX",4153
"Hallwood, VA",204
"Halma, MN",58
"Halo, KY",1
"Halsey, NE",81
"Halsey, OR",956
"Halstad, MN",568
"Halstead, KS",2081
"Haltom City, TX",44361
"Ham Lake, MN",16221
"Hamar, ND",1
"Hamberg, ND",20
"Hambleton, WV",225
"Hamburg, AR",2743
"Hamburg, IA",1087
"Hamburg, IL",123
"Hamburg, LA",1
"Hamburg, MN",527
"Hamburg, NJ",3149
"Hamburg, NY",9590
"Hamburg, PA",4379
"Hamburg, WI",1
"Hamden, CT",3
"Hamden, NY",1
"Hamden, OH",855
"Hamel, IL",813
"Hamel, MN",1
"Hamer, ID",91
"Hamersville, OH",520
"Hamill, SD",1
"Hamilton, AL",6739
"Hamilton, CO",1
"Hamilton, GA",1077
"Hamilton, IA",129
"Hamilton, IL",2843
"Hamilton, IN",1530
"Hamilton, KS",247
"Hamilton, MI",1
"Hamilton, MO",1724
"Hamilton, MS",1
"Hamilton, MT",4674
"Hamilton, NC",382
"Hamilton, ND",59
"Hamilton, NJ",6
"Hamilton, NY",4122
"Hamilton, OH",62127
"Hamilton, PA",1
"Hamilton, TX",2970
"Hamilton, VA",625
"Hamler, OH",570
"Hamlet, IN",769
"Hamlet, NC",6391
"Hamlet, ND",1
"Hamlet, NE",53
"Hamlin, IA",1
"Hamlin, NY",1
"Hamlin, PA",1
"Hamlin, TX",2038
"Hamlin, WV",1114
"Hammett, ID",1
"Hammon, OK",571
"Hammond, IL",488
"Hammond, IN",77134
"Hammond, LA",20609
"Hammond, MN",134
"Hammond, MT",1
"Hammond, NY",272
"Hammond, OR",1
"Hammond, WI",1891
"Hammondsport, NY",638
"Hammondsville, OH",1
"Hampden, MA",1
"Hampden, ME",1
"Hampden, ND",47
"Hampden, PA",1
"Hampden, WV",1
"Hampshire, IL",6247
"Hampshire, TN",1
"Hampstead, NC",1
"Hampstead, NH",1
"Hampton, AR",1258
"Hampton, CT",1
"Hampton, FL",488
"Hampton, GA",7532
"Hampton, IA",4239
"Hampton, IL",1819
"Hampton, KY",1
"Hampton, MN",685
"Hampton, NE",432
"Hampton, NH",1
"Hampton, NJ",1330
"Hampton, NY",1
"Hampton, SC",2639
"Hampton, TN",1
"Hampton, VA",135410
"Hampton Bays, NY",1
"Hampton Falls, NH",1
"Hamptonville, NC",1
"Hamshire, TX",1
"Hamtramck, MI",21752
"Hana, HI",1
"Hanapepe, HI",1
"Hanceville, AL",3288
"Hancock, IA",195
"Hancock, MA",1
"Hancock, MD",1553
"Hancock, ME",1
"Hancock, MI",4586
"Hancock, MN",746
"Hancock, NH",1
"Hancock, VT",1
"Hancock, WI",402
"Hancock, WV",1
"Handsom, VA",1
"Hanford, CA",55547
"Hankamer, TX",1
"Hankinson, ND",899
"Hanksville, UT",214
"Hanley Falls, MN",290
"Hanlontown, IA",230
"Hanna, IN",1
"Hanna, LA",1
"Hanna, UT",1
"Hanna, WY",812
"Hanna City, IL",1225
"Hannacroix, NY",1
"Hannah, ND",14
"Hannibal, MO",17808
"Hannibal, NY",531
"Hannover, ND",1
"Hanover, AR",1
"Hanover, IL",800
"Hanover, IN",3543
"Hanover, KS",660
"Hanover, MA",1
"Hanover, MD",1
"Hanover, ME",1
"Hanover, MI",427
"Hanover, NH",1
"Hanover, PA",15561
"Hanover, VA",1
"Hanover, WV",1
"Hanover Park, IL",38044
"Hanover Township, PA",1
"Hanoverton, OH",397
"Hansboro, ND",12
"Hansell, IA",94
"Hansen, ID",1245
"Hansford, WV",1
"Hanska, MN",376
"Hanson, KY",729
"Hanson, MA",1
"Hanston, KS",202
"Hansville, WA",1
"Hapeville, GA",6627
"Happy, KY",1
"Happy, TX",651
"Happy Camp, CA",1
"Harahan, LA",9360
"Harbeson, DE",1
"Harbinger, NC",1
"Harbor, OR",1
"Harbor Beach, MI",1616
"Harbor City, CA",1
"Harbor Point, MI",1
"Harborcreek, PA",1
"Harborside, ME",1
"Harcourt, IA",292
"Hardaway, AL",1
"Hardeeville, SC",5721
"Harden City, OK",1
"Hardenville, MO",1
"Hardesty, OK",218
"Hardin, IL",933
"Hardin, KY",612
"Hardin, MO",539
"Hardin, MT",3829
"Hardinsburg, IN",243
"Hardshell, KY",1
"Hardtner, KS",168
"Hardwick, MN",195
"Hardwick, VT",1
"Hardwood, MI",1
"Hardy, AR",769
"Hardy, IA",45
"Hardy, KY",1
"Hardy, NE",152
"Hardy, VA",1
"Hardyville, KY",1
"Hardyville, VA",1
"Harford, PA",1
"Hargill, TX",1
"Harker Heights, TX",29757
"Harkers Island, NC",1
"Harlan, IA",4932
"Harlan, IN",1
"Harlan, KS",1
"Harlem, GA",3018
"Harlem, MT",823
"Harleton, TX",1
"Harleysville, PA",1
"Harleyville, SC",690
"Harlingen, TX",65539
"Harlow, ND",1
"Harman, WV",142
"Harmon, IL",114
"Harmon, OK",1
"Harmony, MN",998
"Harmony, NC",563
"Harmony, PA",856
"Harmony, WV",1
"Harold, KY",1
"Harper, IA",109
"Harper, KS",1376
"Harper, OR",1
"Harper, TX",1
"Harper Woods, MI",13730
"Harpers Ferry, IA",318
"Harpers Ferry, WV",291
"Harpersfield, NY",1
"Harpersville, AL",1680
"Harpster, OH",199
"Harpursville, NY",1
"Harrah, OK",6044
"Harrah, WA",624
"Harrell, AR",244
"Harrells, NC",201
"Harrellsville, NC",104
"Harriet, AR",1
"Harrietta, MI",145
"Harriman, NY",2462
"Harriman, TN",6218
"Harrington, DE",3679
"Harrington, ME",1
"Harrington, WA",401
"Harrington Park, NJ",4806
"Harris, IA",163
"Harris, MN",1146
"Harris, MO",57
"Harris, NY",1
"Harrisburg, AR",2312
"Harrisburg, IL",8811
"Harrisburg, MO",276
"Harrisburg, NC",15349
"Harrisburg, NE",1
"Harrisburg, OR",3754
"Harrisburg, PA",48904
"Harrisburg, SD",5734
"Harrison, AR",13170
"Harrison, GA",461
"Harrison, ID",219
"Harrison, ME",1
"Harrison, MI",2076
"Harrison, MT",1
"Harrison, NE",238
"Harrison, NY",28340
"Harrison, OH",11048
"Harrison, SD",1
"Harrison, TN",1
"Harrison, WV",1
"Harrison City, PA",1
"Harrison Valley, PA",1
"Harrisonburg, LA",331
"Harrisonburg, VA",53078
"Harrisonville, MO",10042
"Harrisonville, PA",1
"Harrisville, MI",469
"Harrisville, MS",1
"Harrisville, NH",1
"Harrisville, NY",619
"Harrisville, PA",874
"Harrisville, RI",1
"Harrod, OH",412
"Harrogate, TN",4388
"Harrold, SD",123
"Harrold, TX",1
"Harsens Island, MI",1
"Harshaw, WI",1
"Hart, MI",2086
"Hart, TX",1046
"Hartfield, VA",1
"Hartford, AL",2638
"Hartford, AR",638
"Hartford, CT",123243
"Hartford, IA",767
"Hartford, IL",1378
"Hartford, KS",368
"Hartford, KY",2771
"Hartford, MI",2614
"Hartford, NY",1
"Hartford, SD",3140
"Hartford, TN",1
"Hartford, WI",14605
"Hartford City, IN",5920
"Hartington, NE",1523
"Hartland, ME",1
"Hartland, MI",1
"Hartland, MN",305
"Hartland, VT",1
"Hartland, WI",9212
"Hartley, IA",1618
"Hartley, TX",1
"Hartline, WA",155
"Hartly, DE",71
"Hartman, AR",528
"Hartman, CO",73
"Hartsburg, IL",310
"Hartsburg, MO",105
"Hartsdale, NY",1
"Hartselle, AL",14471
"Hartsfield, GA",1
"Hartshorn, MO",1
"Hartshorne, OK",1987
"Hartstown, PA",1
"Hartsville, IN",390
"Hartsville, SC",7768
"Hartsville, TN",1
"Hartville, MO",595
"Hartville, OH",3020
"Hartville, WY",61
"Hartwell, GA",4505
"Hartwick, IA",81
"Hartwick, NY",1
"Harvard, ID",1
"Harvard, IL",9119
"Harvard, MA",1
"Harvard, NE",954
"Harvel, IL",213
"Harvest, AL",1
"Harvey, AR",1
"Harvey, IA",238
"Harvey, LA",1
"Harvey, WV",1
"Harvey Cedars, NJ",340
"Harveys Lake, PA",2773
"Harveyville, KS",241
"Harviell, MO",1
"Harwich, MA",1
"Harwich Port, MA",1
"Harwick, PA",1
"Harwinton, CT",1
"Harwood, MD",1
"Harwood, MO",46
"Harwood, TX",1
"Harwood Heights, IL",8549
"Hasbrouck Height, NJ",1
"Haskell, NJ",1
"Haskell, OK",1966
"Haskell, TX",3192
"Haskins, OH",1227
"Haslet, TX",1817
"Haslett, MI",1
"Hastings, FL",644
"Hastings, IA",152
"Hastings, MI",7281
"Hastings, ND",1
"Hastings, NE",24991
"Hastings, NY",1
"Hastings, OK",137
"Hastings, PA",1207
"Hastings, WV",1
"Hastings On Huds, NY",1
"Hasty, AR",1
"Haswell, CO",67
"Hat Creek, CA",1
"Hatboro, PA",7434
"Hatch, NM",1590
"Hatchechubbee, AL",1
"Hatfield, AR",402
"Hatfield, MA",1
"Hatfield, MN",57
"Hatfield, MO",1
"Hatfield, PA",3318
"Hatley, WI",605
"Hattiesburg, MS",46926
"Hattieville, AR",1
"Hatton, KY",1
"Hatton, ND",765
"Haubstadt, IN",1685
"Haughton, LA",3325
"Hauppauge, NY",1
"Hauula, HI",1
"Havana, FL",1689
"Havana, KS",97
"Havana, ND",71
"Havelock, IA",132
"Havelock, NC",20244
"Haven, KS",1212
"Havensville, KS",150
"Haverford, PA",1
"Haverhill, FL",2094
"Haverhill, IA",173
"Haverhill, MA",62873
"Haverhill, NH",1
"Haverstraw, NY",12129
"Havertown, PA",1
"Havilah, CA",1
"Haviland, KS",677
"Haviland, OH",211
"Havre, MT",9846
"Havre De Grace, MD",13527
"Haw River, NC",2445
"Hawaii National, HI",1
"Hawaiian Gardens, CA",14473
"Hawarden, IA",2527
"Hawesville, KY",1015
"Hawi, HI",1
"Hawick, MN",1
"Hawk Point, MO",684
"Hawk Run, PA",1
"Hawk Springs, WY",1
"Hawkeye, IA",416
"Hawkins, TX",1299
"Hawkins, WI",282
"Hawkinsville, GA",5409
"Hawks, MI",1
"Hawley, MA",1
"Hawley, PA",1138
"Hawley, TX",614
"Haworth, NJ",3464
"Hawthorne, FL",1525
"Hawthorne, NJ",18941
"Hawthorne, NV",1
"Hawthorne, NY",1
"Haxtun, CO",917
"Hay Springs, NE",551
"Hayden, AL",1338
"Hayden, CO",1874
"Hayden Lake, ID",614
"Haydenville, MA",1
"Hayes, SD",1
"Hayes, VA",1
"Hayes Center, NE",200
"Hayesville, NC",377
"Hayfield, MN",1323
"Hayfork, CA",1
"Haymarket, VA",1970
"Haynes, AR",131
"Haynesville, LA",2148
"Haynesville, ME",1
"Hayneville, AL",853
"Hays, MT",1
"Hays, NC",1
"Haysi, VA",474
"Haysville, IN",1
"Haysville, KS",11245
"Hayt Corners, NY",1
"Hayti, SD",378
"Hayti Heights, MO",574
"Hayward, CA",158937
"Hayward, MN",242
"Haywood, OK",1
"Haywood, VA",1
"Hazard, CA",1
"Hazard, NE",68
"Hazel, KY",406
"Hazel, SD",90
"Hazel Crest, IL",13892
"Hazel Dell, IL",1
"Hazel Dell, WA",1
"Hazel Green, AL",1
"Hazel Green, WI",1243
"Hazel Park, MI",16530
"Hazel Run, MN",60
"Hazelgreen, WV",1
"Hazelhurst, WI",1
"Hazelton, ID",793
"Hazelton, KS",91
"Hazelton, ND",221
"Hazelwood, MO",25443
"Hazelwood, NC",1
"Hazelwood, PA",1
"Hazen, AR",1399
"Hazen, ND",2422
"Hazen, PA",1
"Hazlehurst, GA",4186
"Hazlehurst, MS",3883
"Hazlet, NJ",1
"Hazleton, IA",815
"Hazleton, IN",254
"Head Of Grassy, KY",1
"Head Waters, VA",1
"Headland, AL",4741
"Headrick, OK",90
"Healdsburg, CA",11827
"Healdton, OK",2761
"Healy, AK",1
"Healy, KS",1
"Hearne, TX",4483
"Heart Butte, MT",1
"Heartwell, NE",70
"Heaters, WV",1
"Heath, MA",1
"Heath, OH",10625
"Heath, TX",8440
"Heath Springs, SC",944
"Heathcote, NY",1
"Heathrow, FL",1
"Heathsville, VA",1
"Heaton, ND",1
"Heavener, OK",3343
"Hebbronville, TX",1
"Heber, AZ",1
"Heber, CA",1
"Heber City, UT",1
"Heber Springs, AR",7092
"Hebert, LA",1
"Hebo, OR",1
"Hebron, CT",1
"Hebron, IL",1194
"Hebron, IN",3694
"Hebron, KY",1
"Hebron, MD",1095
"Hebron, ME",1
"Hebron, ND",692
"Hebron, NE",1537
"Hebron, NH",1
"Hebron, OH",2402
"Hecker, IL",489
"Hecla, SD",229
"Hector, AR",454
"Hector, MN",1061
"Hector, NY",1
"Hedley, TX",308
"Hedrick, IA",740
"Heflin, AL",3474
"Heflin, LA",230
"Hegins, PA",1
"Heidelberg, MS",684
"Heidrick, KY",1
"Heil, ND",1
"Heimdal, ND",1
"Heiskell, TN",1
"Heislerville, NJ",1
"Heizer, KS",1
"Helen, GA",542
"Helena, AL",18673
"Helena, AR",1
"Helena, CA",1
"Helena, GA",1
"Helena, MO",1
"Helena, MT",31169
"Helena, OK",1422
"Helendale, CA",1
"Helenville, WI",1
"Helenwood, TN",1
"Helix, OR",181
"Hellam, PA",1
"Hellertown, PA",5830
"Helm, CA",1
"Helmer, IN",1
"Helmetta, NJ",2213
"Helmville, MT",1
"Helper, UT",2095
"Heltonville, IN",1
"Helvetia, WV",1
"Heman, IL",1
"Hemet, CA",84281
"Hemingford, NE",796
"Hemingway, SC",426
"Hemlock, MI",1
"Hemlock, NY",1
"Hemlock, OH",156
"Hemphill, TX",1229
"Hemple, MO",1
"Hempstead, NY",55555
"Hempstead, TX",7457
"Henagar, AL",2339
"Henderson, AR",1
"Henderson, CO",1
"Henderson, IA",185
"Henderson, KY",28841
"Henderson, LA",1750
"Henderson, MD",145
"Henderson, MI",1
"Henderson, MN",900
"Henderson, NC",15166
"Henderson, NE",995
"Henderson, NV",292969
"Henderson, NY",1
"Henderson, TN",6551
"Henderson, TX",13416
"Henderson, WV",266
"Hendersonville, NC",13840
"Hendersonville, TN",57050
"Hendley, NE",23
"Hendricks, KY",1
"Hendricks, MN",692
"Hendricks, WV",265
"Hendrix, OK",83
"Hendrum, MN",298
"Henley, MO",1
"Hennepin, IL",692
"Hennepin, OK",1
"Hennessey, OK",2207
"Henniker, NH",1
"Henning, MN",799
"Henrico, NC",1
"Henrietta, MO",360
"Henrietta, NY",1
"Henrietta, TX",2958
"Henry, IL",2314
"Henry, NE",105
"Henry, SD",264
"Henry, TN",462
"Henry, VA",1
"Henryville, IN",1
"Henryville, PA",1
"Hensel, ND",1
"Henshaw, KY",1
"Hensley, AR",1
"Hephzibah, GA",3898
"Hepler, KS",131
"Heppner, OR",1297
"Herald, CA",1
"Herald, IL",1
"Herbster, WI",1
"Herculaneum, MO",3965
"Hercules, CA",25360
"Hereford, AZ",1
"Hereford, MD",1
"Hereford, OR",1
"Hereford, PA",1
"Hereford, SD",1
"Hereford, TX",14915
"Herkimer, KS",1
"Herkimer, NY",7455
"Herlong, CA",1
"Herman, MN",435
"Herman, NE",268
"Hermansville, MI",1
"Hermantown, MN",9451
"Hermanville, MS",1
"Herminie, PA",1
"Hermiston, OR",17295
"Hermitage, MO",461
"Hermitage, PA",15867
"Hermitage, TN",1
"Hermleigh, TX",1
"Hermon, NY",405
"Hermosa, SD",392
"Hermosa Beach, CA",19789
"Hernandez, NM",1
"Hernando, MS",15631
"Herndon, KS",130
"Herndon, KY",1
"Herndon, PA",304
"Herndon, VA",24393
"Herndon, WV",1
"Hernshaw, WV",1
"Herod, IL",1
"Herold, WV",1
"Heron, MT",1
"Heron Lake, MN",660
"Herreid, SD",416
"Herrick, IL",424
"Herrick, SD",102
"Herrick Center, PA",1
"Herrin, IL",12950
"Herron, MI",1
"Herscher, IL",1544
"Hersey, MI",347
"Hershey, NE",663
"Hershey, PA",1
"Hertel, WI",1
"Hervey City, IL",1
"Hesperia, CA",93724
"Hesperia, MI",935
"Hesperus, CO",1
"Hessmer, LA",781
"Hesston, KS",3803
"Hesston, PA",1
"Hestand, KY",1
"Heth, AR",1
"Hetland, SD",44
"Hettick, IL",174
"Heuvelton, NY",734
"Hewett, WV",1
"Hewitt, MN",247
"Hewitt, NJ",1
"Hewitt, TX",14322
"Hewitt, WI",807
"Hewittsville, IL",1
"Hewlett, NY",1
"Hext, TX",1
"Heyburn, ID",3275
"Heyworth, IL",2881
"Hi Vista, CA",1
"Hialeah, FL",236387
"Hiattville, KS",1
"Hiawassee, GA",916
"Hiawatha, IA",7212
"Hibbing, MN",16093
"Hickman, CA",1
"Hickman, KY",2183
"Hickman, TN",1
"Hickory, KY",1
"Hickory, MS",526
"Hickory, NC",40567
"Hickory, PA",1
"Hickory Corners, MI",1
"Hickory Flat, MS",562
"Hickory Grove, SC",502
"Hickory Hill, TN",1
"Hickory Hills, IL",13992
"Hickory Plains, AR",1
"Hickory Ridge, AR",258
"Hickory Valley, TN",95
"Hicks, LA",1
"Hickson, ND",1
"Hicksville, NY",1
"Hicksville, OH",3442
"Hico, TX",1360
"Hico, WV",1
"Hidalgo, IL",105
"Hidalgo, TX",13831
"Hiddenite, NC",1
"Hide A Way Hills, OH",1
"Higbee, MO",551
"Higdon, AL",1
"Higganum, CT",1
"Higgins, TX",419
"Higginson, AR",661
"Higginsville, MO",4651
"High Bridge, KY",1
"High Bridge, NJ",3541
"High Bridge, WI",1
"High Falls, NY",1
"High Hill, MO",184
"High Point, MO",1
"High Point, NC",111223
"High Ridge, MO",1
"High Springs, FL",5941
"High View, WV",1
"Highgate Center, VT",1
"Highland, IL",9830
"Highland, IN",22737
"Highland, KS",1000
"Highland, MD",1
"Highland, MI",2
"Highland, NY",1
"Highland, WI",837
"Highland, WV",1
"Highland Beach, FL",3760
"Highland Center, IA",1
"Highland Falls, NY",3817
"Highland Home, AL",1
"Highland Lake, NY",1
"Highland Lakes, NJ",1
"Highland Mills, NY",1
"Highland Park, IL",29641
"Highland Park, MI",10883
"Highland Park, NJ",14195
"Highland Springs, VA",1
"Highland Village, TX",16624
"Highlands, NC",941
"Highlands, TX",1
"Highlands Ranch, CO",1
"Highlandville, MO",985
"Highmore, SD",754
"Highspire, PA",2370
"Hightown, VA",1
"Hightstown, NJ",5503
"Highwood, IL",5324
"Highwood, MT",1
"Higley, AZ",1
"Hiko, NV",1
"Hilbert, WI",1079
"Hildreth, NE",344
"Hilger, MT",1
"Hilham, TN",1
"Hill, NH",1
"Hill Air Force B, UT",1
"Hill City, GA",1
"Hill City, KS",1455
"Hill City, MN",588
"Hill City, SD",1008
"Hillburn, NY",989
"Hiller, PA",1
"Hilliard, FL",3143
"Hilliard, OH",34905
"Hilliards, PA",1
"Hillisburg, IN",1
"Hillister, TX",1
"Hillman, MI",664
"Hillman, MN",37
"Hillpoint, WI",1
"Hillrose, CO",250
"Hills, MN",669
"Hillsboro, AL",521
"Hillsboro, IA",178
"Hillsboro, IL",6071
"Hillsboro, IN",517
"Hillsboro, KS",2887
"Hillsboro, KY",1
"Hillsboro, MO",3131
"Hillsboro, NH",1
"Hillsboro, NM",1
"Hillsboro, OH",6580
"Hillsboro, OR",105164
"Hillsboro, TN",1
"Hillsboro, TX",8362
"Hillsboro, VA",98
"Hillsborough, CA",11431
"Hillsborough, NC",6568
"Hillsdale, IL",505
"Hillsdale, IN",1
"Hillsdale, KS",1
"Hillsdale, MI",8167
"Hillsdale, NJ",10510
"Hillsdale, NY",1
"Hillsdale, WI",1
"Hillsgrove, PA",1
"Hillside, IL",8081
"Hillside, NJ",1
"Hillside Manor, NY",1
"Hillsville, VA",2655
"Hilltop Lakes, TX",1
"Hilltown, PA",1
"Hillview, IL",182
"Hilmar, CA",1
"Hilo, HI",1
"Hilton, NY",5876
"Hilton Head Isla, SC",2
"Hilton Head Island, SC",40500
"Hiltonia, GA",323
"Hiltons, VA",1
"Himrod, NY",1
"Hinckley, IL",2057
"Hinckley, MN",1830
"Hinckley, OH",1
"Hinckley, UT",698
"Hindman, KY",733
"Hindsboro, IL",304
"Hindsville, AR",62
"Hines, IL",1
"Hines, MN",1
"Hinesburg, VT",1
"Hinesville, GA",33577
"Hingham, MA",1
"Hingham, MT",122
"Hinkle, KY",1
"Hinkley, CA",1
"Hinsdale, MT",1
"Hinsdale, NH",1
"Hinton, IA",955
"Hinton, OK",3263
"Hinton, VA",1
"Hinton, WV",2469
"Hiram, GA",3898
"Hiram, ME",1
"Hiram, MO",1
"Hiram, OH",1195
"Hitchcock, OK",119
"Hitchcock, SD",94
"Hitchcock, TX",7805
"Hitchins, KY",1
"Hite, KY",1
"Hitterdal, MN",204
"Hiwasse, AR",1
"Hiwassee College, TN",1
"Hixson, TN",1
"Ho Ho Kus, NJ",1
"Hoagland, IN",1
"Hobart, IN",28248
"Hobart, NY",403
"Hobart, OK",3592
"Hobbs, NM",38143
"Hobbsville, NC",1
"Hobe Sound, FL",1
"Hobgood, NC",331
"Hoboken, GA",526
"Hoboken, NJ",54379
"Hobson, TX",1
"Hobucken, NC",1
"Hockessin, DE",1
"Hockley, TX",1
"Hode, KY",1
"Hodgen, OK",1
"Hodgenville, KY",3226
"Hodges, AL",284
"Hodges, SC",154
"Hodgkins, IL",1848
"Hoffman, MN",676
"Hoffman, NC",560
"Hoffman, OK",125
"Hoffman Estates, IL",51738
"Hoffmeister, NY",1
"Hogansburg, NY",1
"Hogansville, GA",3139
"Hogeland, MT",1
"Hokah, MN",559
"Hokendauqua, PA",1
"Hokes Bluff, AL",4277
"Holabird, SD",1
"Holbrook, AZ",5074
"Holbrook, ID",1
"Holbrook, MA",1
"Holbrook, NE",199
"Holbrook, NY",1
"Holbrook, PA",1
"Holcomb, KS",2145
"Holcomb, MO",599
"Holcomb, MS",1
"Holcombe, WI",1
"Holden, LA",1
"Holden, MA",1
"Holden, MO",2242
"Holden Beach, NC",644
"Holdenville, OK",5680
"Holder, IL",1
"Holdingford, MN",711
"Holdrege, NE",5555
"Holgate, OH",1094
"Holiday, FL",2
"Holladay, TN",1
"Holladay, UT",30831
"Holland, IA",277
"Holland, IN",626
"Holland, KY",1
"Holland, MA",1
"Holland, MI",33543
"Holland, MN",169
"Holland, NE",1
"Holland, NY",1
"Holland, OH",1668
"Holland, PA",1
"Holland, TX",1133
"Holland Patent, NY",451
"Hollandale, MN",294
"Hollandale, WI",288
"Hollansburg, OH",221
"Hollenberg, KS",20
"Holliday, MO",133
"Holliday, TX",1703
"Hollidaysburg, PA",5757
"Hollins, VA",1
"Hollis, NH",1
"Hollis, NY",1
"Hollis, OK",1909
"Hollis Center, ME",1
"Hollister, CA",37833
"Hollister, MO",4486
"Hollister, NC",1
"Hollister, OK",47
"Holliston, MA",1
"Holloman Air For, NM",1
"Hollow Rock, TN",688
"Holloway, MN",89
"Hollsopple, PA",1
"Holly, CO",757
"Holly, MI",6146
"Holly Bluff, MS",1
"Holly Grove, AR",531
"Holly Hill, FL",12142
"Holly Hill, SC",1220
"Holly Park, CA",1
"Holly Pond, AL",815
"Holly Springs, MS",7682
"Holly Springs, NC",33260
"Hollybush, KY",1
"Hollyhill, KY",1
"Hollytree, AL",1
"Hollywood, AL",970
"Hollywood, FL",151998
"Hollywood, MD",1
"Hollywood Park, TX",3331
"Holmdel, NJ",1
"Holmen, WI",9628
"Holmes, NY",1
"Holmes, PA",1
"Holmes City, MN",1
"Holmes Mill, KY",1
"Holmesville, NE",1
"Holmesville, OH",406
"Holstein, IA",1389
"Holstein, NE",230
"Holt, AL",1
"Holt, FL",1
"Holt, MI",1
"Holt, MO",477
"Holton, IN",471
"Holton, KS",3285
"Holton, MI",1
"Holts Summit, MO",3704
"Holtsville, NY",1
"Holtville, CA",6435
"Holtwood, PA",1
"Holualoa, HI",1
"Holy Cross, AK",173
"Holy Cross, IA",378
"Holyoke, CO",2213
"Holyoke, MA",40280
"Holyoke, MN",1
"Holyrood, KS",436
"Home, KS",1
"Home, PA",1
"Home, WA",1
"Homedale, ID",2584
"Homeland, CA",1
"Homer, GA",1136
"Homer, IL",1179
"Homer, LA",2964
"Homer, MI",1631
"Homer, NY",3143
"Homerville, OH",1
"Homestead, FL",67996
"Homestead, IA",1
"Homestead, MT",1
"Homestead Air Fo, FL",1
"Homestown, MO",142
"Hometown, IL",4298
"Homewood, AL",25613
"Homewood, CA",1
"Homewood, IL",19175
"Homewood, PA",107
"Homeworth, OH",1
"Hominy, OK",3495
"Honaker, KY",1
"Honaunau, HI",1
"Hondo, NM",1
"Honea Path, SC",3747
"Honeoye, NY",1
"Honeoye Falls, NY",2820
"Honesdale, PA",4180
"Honey Brook, PA",1746
"Honey Creek, IA",1
"Honey Grove, PA",1
"Honey Grove, TX",1679
"Honeyford, ND",1
"Honeyville, UT",1501
"Honobia, OK",1
"Honokaa, HI",1
"Honolulu, HI",351792
"Honomu, HI",1
"Honor, MI",327
"Honoraville, AL",1
"Hood River, OR",7702
"Hoodsport, WA",1
"Hookerton, NC",398
"Hooksett, NH",1
"Hookstown, PA",144
"Hoolehua, HI",1
"Hoonah, AK",745
"Hoopa, CA",1
"Hooper, CO",103
"Hooper, NE",834
"Hooper, UT",8466
"Hooper Bay, AK",1180
"Hoopeston, IL",5140
"Hoople, ND",233
"Hoosick Falls, NY",3420
"Hoover, AL",84978
"Hooversville, PA",612
"Hop Bottom, PA",306
"Hopatcong, NJ",14384
"Hope, ID",90
"Hope, IN",2158
"Hope, KS",339
"Hope, ME",1
"Hope, MI",1
"Hope, MN",1
"Hope, NM",107
"Hope, RI",1
"Hope Hull, AL",1
"Hope Mills, NC",16227
"Hope Valley, CA",1
"Hopedale, IL",836
"Hopedale, MA",1
"Hopedale, OH",926
"Hopemont, WV",1
"Hopewell, NJ",1926
"Hopewell, OH",1
"Hopewell, PA",244
"Hopewell, VA",22735
"Hopewell Junctio, NY",1
"Hopkins, MI",609
"Hopkins, MO",496
"Hopkins, SC",1
"Hopkinsville, KY",31811
"Hopkinton, IA",610
"Hopkinton, MA",1
"Hopkinton, NH",1
"Hopland, CA",1
"Hopwood, PA",1
"Hoquiam, WA",8434
"Horatio, AR",1033
"Hordville, NE",146
"Horicon, WI",3656
"Horizon City, TX",19266
"Horn Lake, MS",27042
"Hornbeak, TN",389
"Hornbeck, LA",463
"Hornbrook, CA",1
"Hornell, NY",8264
"Horner, WV",1
"Hornersville, MO",627
"Hornick, IA",224
"Hornitos, CA",1
"Hornsby, TN",275
"Horntown, VA",1
"Horse Branch, KY",1
"Horse Cave, KY",2364
"Horse Creek, CA",1
"Horse Shoe, NC",1
"Horse Shoe Run, WV",1
"Horseheads, NY",6541
"Horseshoe Beach, FL",169
"Horseshoe Bend, AR",2084
"Horseshoe Bend, ID",692
"Horsey, VA",1
"Horsham, PA",1
"Hortense, GA",1
"Horton, AL",1
"Horton, KS",1702
"Horton, MI",1
"Horton, MO",1
"Hortonville, NY",1
"Hortonville, WI",2734
"Hoschton, GA",1495
"Hosford, FL",1
"Hoskins, NE",288
"Hosmer, SD",200
"Hospers, IA",709
"Hosston, LA",305
"Hot Springs, MT",557
"Hot Springs, NC",567
"Hot Springs, SD",3564
"Hot Springs, VA",1
"Hot Springs Vill, AR",1
"Hotchkiss, CO",916
"Hotevilla, AZ",1
"Houghton, IA",143
"Houghton, MI",7987
"Houghton, NY",1
"Houghton, SD",1
"Houghton Lake, MI",1
"Houlka, MS",1
"Houlton, ME",1
"Houma, LA",34024
"Housatonic, MA",1
"House, NM",63
"House Springs, MO",1
"Houston, AL",1
"Houston, AR",168
"Houston, DE",393
"Houston, MN",978
"Houston, MO",2093
"Houston, MS",3524
"Houston, OH",1
"Houston, PA",1247
"Houston, TX",2303482
"Houstonia, MO",221
"Houtzdale, PA",769
"Hoven, SD",399
"Hovland, MN",1
"Howard, CO",1
"Howard, KS",607
"Howard, OH",1
"Howard, PA",730
"Howard, WI",19410
"Howard City, MI",1803
"Howard Lake, MN",2045
"Howards Grove, WI",3261
"Howardstown, KY",1
"Howardsville, VA",1
"Howe, IN",1
"Howe, OK",792
"Howe, TX",2858
"Howell, MI",9527
"Howell, NJ",1
"Howells, NE",547
"Howertons, VA",1
"Howes Cave, NY",1
"Howey In The Hil, FL",1
"Hoxie, AR",2678
"Hoxie, KS",1174
"Hoyleton, IL",504
"Hoyt, CO",1
"Hoyt, KS",644
"Hoyt, OK",1
"Hoyt Lakes, MN",1989
"Huachuca City, AZ",1744
"Hualapai, AZ",1
"Hubbard, IA",834
"Hubbard, NE",231
"Hubbard, OH",7579
"Hubbard, OR",3386
"Hubbard, TX",1376
"Hubbard Lake, MI",1
"Hubbardston, MA",1
"Hubbardston, MI",401
"Hubbardsville, NY",1
"Hubbardton, VT",1
"Hubbell, NE",66
"Huber, GA",1
"Huber Heights, OH",38019
"Hubert, NC",1
"Hubertus, WI",1
"Hubly, IL",1
"Huddleston, VA",1
"Huddy, KY",1
"Hudson, CO",1585
"Hudson, FL",2
"Hudson, IA",2358
"Hudson, IL",1837
"Hudson, KS",123
"Hudson, KY",1
"Hudson, MA",1
"Hudson, ME",1
"Hudson, MI",2236
"Hudson, NC",3725
"Hudson, NH",1
"Hudson, NY",6404
"Hudson, OH",22251
"Hudson, SD",320
"Hudson, WI",13631
"Hudson Falls, NY",7121
"Hudsonville, MI",7285
"Huey, PA",1
"Hueytown, AL",15561
"Huff, KY",1
"Huff, ND",1
"Huffman, TX",1
"Huger, SC",1
"Huggins, MO",1
"Hughes, AK",88
"Hughes, AR",1299
"Hughes Springs, TX",1774
"Hughesville, MD",1
"Hughesville, MO",184
"Hughesville, PA",2084
"Hughson, CA",7417
"Hugo, CO",745
"Hugo, OK",5221
"Hugoton, KS",3835
"Huguenot, NY",1
"Hulbert, OK",605
"Hulberton, NY",1
"Hulen, KY",1
"Hulett, WY",409
"Hull, GA",203
"Hull, IA",2266
"Hull, IL",437
"Hull, MA",1
"Hull, TX",1
"Humansville, MO",1035
"Humbird, WI",1
"Humble, TX",15561
"Humboldt, IA",4558
"Humboldt, IL",429
"Humboldt, KS",1847
"Humboldt, NE",838
"Humboldt, SD",580
"Humboldt, TN",8235
"Hume, IL",360
"Hume, VA",1
"Humeston, IA",496
"Hummelstown, PA",4609
"Humnoke, AR",280
"Humphrey, AR",514
"Humphrey, NE",794
"Humphreys, MO",111
"Humptulips, WA",1
"Hundred, WV",276
"Hunker, PA",288
"Hunlock Creek, PA",1
"Hunnewell, MO",177
"Hunt, NY",1
"Hunt, TX",1
"Hunt, WV",1
"Hunt Club, FL",1
"Hunter, KS",56
"Hunter, ND",260
"Hunter, NY",480
"Hunter, OK",171
"Hunters, WA",1
"Huntertown, IN",5286
"Huntingburg, IN",6130
"Huntingdon, PA",6990
"Huntingdon, TN",3913
"Huntingdon Valle, PA",1
"Huntington, AR",624
"Huntington, IN",17176
"Huntington, MA",1
"Huntington, OR",440
"Huntington, TX",2106
"Huntington, UT",1975
"Huntington, VT",1
"Huntington, WV",48113
"Huntington Beach, CA",200652
"Huntington Mills, PA",1
"Huntington Park, CA",58879
"Huntington Woods, MI",6328
"Huntingtown, MD",1
"Huntland, TN",855
"Huntley, IL",26611
"Huntley, MN",1
"Huntley, MT",1
"Huntley, NE",44
"Huntly, VA",1
"Huntsburg, OH",1
"Huntsville, AL",193079
"Huntsville, AR",2418
"Huntsville, IL",1
"Huntsville, MO",1516
"Huntsville, OH",431
"Huntsville, TN",1234
"Huntsville, TX",41208
"Huntsville, UT",632
"Hurdland, MO",157
"Hurdle Mills, NC",1
"Hurdsfield, ND",81
"Hurley, MO",169
"Hurley, NM",1240
"Hurley, NY",1
"Hurley, SD",405
"Hurley, VA",1
"Hurley, WI",1461
"Hurleyville, NY",1
"Huron, CA",6941
"Huron, KS",73
"Huron, SD",13117
"Huron, TN",1
"Hurricane, UT",16159
"Hurricane, WV",6604
"Hurricane Mills, TN",1
"Hurst, TX",39160
"Hurt, VA",1265
"Hurtsboro, AL",593
"Huslia, AK",275
"Huson, MT",1
"Hustle, VA",1
"Hustontown, PA",1
"Hustonville, KY",397
"Hutchins, TX",5639
"Hutchinson, KS",41310
"Hutchinson, MN",13888
"Hutsonville, IL",543
"Huttig, AR",556
"Hutto, TX",23832
"Huttonsville, WV",218
"Huxley, IA",3604
"Hyannis, NE",190
"Hyattsville, MD",18449
"Hyattville, WY",1
"Hydaburg, AK",400
"Hyde Park, MA",1
"Hyde Park, NY",1
"Hyde Park, PA",475
"Hyde Park, VT",494
"Hyder, AK",1
"Hydes, MD",1
"Hydesville, CA",1
"Hydro, OK",961
"Hye, TX",1
"Hyndman, PA",875
"Hyrum, UT",8027
"Hysham, MT",301
"Hytop, AL",346
"Iaeger, WV",267
"Iantha, MO",1
"Iberia, MO",743
"Iberville, LA",1
"Ickesburg, PA",1
"Ida, AR",1
"Ida, LA",212
"Ida, MI",1
"Ida Grove, IA",2121
"Idabel, OK",6950
"Idaho, OH",1
"Idaho City, ID",442
"Idaho Falls, ID",60211
"Idaho Springs, CO",1746
"Idalou, TX",2342
"Idanha, OR",144
"Idaville, IN",1
"Ideal, GA",456
"Ideal, SD",1
"Ider, AL",711
"Idlewild, MI",1
"Idleyld Park, OR",1
"Idyllwild, CA",1
"Igiugig, AK",1
"Ignacio, CO",725
"Igo, CA",1
"Ijamsville, MD",1
"Iliff, CO",258
"Ilion, NY",7853
"Illinois City, IL",1
"Illiopolis, IL",871
"Ilwaco, WA",929
"Imbler, OR",310
"Imboden, AR",639
"Imlay City, MI",3579
"Imlaystown, NJ",1
"Imler, PA",1
"Immokalee, FL",1
"Imnaha, OR",1
"Imogene, IA",67
"Imperial, CA",17203
"Imperial, NE",2047
"Imperial, PA",1
"Imperial, TX",1
"Imperial Beach, CA",27418
"Ina, IL",2335
"Inavale, NE",1
"Inchelium, WA",1
"Incline Village, NV",1
"Independence, CA",1
"Independence, IA",6018
"Independence, KS",8799
"Independence, KY",27024
"Independence, LA",1888
"Independence, MI",2
"Independence, MO",117030
"Independence, OH",7114
"Independence, OR",9666
"Independence, VA",923
"Independence, WI",1337
"Independence, WV",1
"Indiahoma, OK",334
"Indialantic, FL",2890
"Indian Harbor Be, FL",1
"Indian Head, PA",1
"Indian Lake, NY",1
"Indian Mills, WV",1
"Indian Mound, TN",1
"Indian Neck, VA",1
"Indian Orchard, MA",1
"Indian River, MI",1
"Indian River Sho, FL",1
"Indian Springs, AL",1
"Indian Springs, NV",1
"Indian Trail, NC",38222
"Indian Valley, ID",1
"Indian Valley, VA",1
"Indian Wells, CA",5345
"Indiana, PA",13981
"Indianapolis, IN",855164
"Indianola, IL",267
"Indianola, NE",553
"Indianola, OK",153
"Indianola, PA",1
"Indiantown, FL",1
"Indore, WV",1
"Industrial Airpo, KS",1
"Industry, CA",205
"Industry, IL",456
"Industry, PA",1773
"Industry, TX",325
"Inez, TX",1
"Ingalls, AR",1
"Ingalls, IN",2418
"Ingalls, KS",303
"Ingalls, MI",1
"Ingleside, IL",1
"Ingleside, MD",1
"Ingleside, TX",10488
"Inglewood, CA",110654
"Ingomar, MT",1
"Ingraham, IL",1
"Ingram, TX",1835
"Ingram, VA",1
"Ingram, WI",73
"Inkom, ID",877
"Inkster, MI",24462
"Inland, NE",1
"Inlet, NY",1
"Inman, KS",1353
"Inman, NE",126
"Inman, SC",2292
"Inola, OK",1846
"Interior, SD",104
"Interlachen, FL",1361
"Interlaken, NY",619
"Interlochen, MI",1
"International Fa, MN",1
"Intervale, NH",1
"Inver Grove Heig, MN",2
"Inverness, CA",1
"Inverness, MS",927
"Inverness, MT",1
"Inwood, IA",831
"Inwood, IN",1
"Inwood, NY",1
"Inwood, WV",1
"Iola, TX",416
"Iola, WI",1264
"Iona, ID",2213
"Iona, MN",132
"Iona, SD",1
"Ione, CA",7027
"Ione, OR",333
"Ione, WA",450
"Ionia, IA",284
"Ionia, KS",1
"Ionia, MI",11300
"Ionia, MO",88
"Ionia, NY",1
"Iota, LA",1473
"Iowa, LA",3291
"Iowa City, IA",74398
"Iowa Falls, IA",5128
"Iowa Hill, CA",1
"Iowa Park, TX",6363
"Ipava, IL",440
"Ipswich, MA",1
"Ipswich, SD",951
"Ira, IA",1
"Ira, MI",1
"Ira, TX",1
"Iraan, TX",1268
"Irasburg, VT",1
"Iredell, TX",336
"Irene, SD",421
"Ireton, IA",601
"Irma, WI",1
"Irmo, SC",12177
"Iron, MN",1
"Iron Belt, WI",1
"Iron City, GA",303
"Iron City, TN",1
"Iron Mountain, MI",7428
"Iron Mountain, MO",1
"Iron Ridge, WI",898
"Iron River, MI",2864
"Iron River, WI",1
"Iron Station, NC",1
"Irondale, AL",12359
"Irondale, MO",441
"Irondale, OH",359
"Irons, MI",1
"Ironside, OR",1
"Ironto, VA",1
"Ironton, MN",558
"Ironton, OH",10891
"Ironwood, MI",4955
"Iroquois, SD",261
"Irrigon, OR",1807
"Irvine, CA",266122
"Irvine, PA",1
"Irving, IL",475
"Irving, NY",1
"Irving, TX",238289
"Irvington, AL",1
"Irvington, KY",1178
"Irvington, NJ",1
"Irvington, NY",6587
"Irvington, VA",415
"Irvona, PA",619
"Irwin, IA",330
"Irwin, OH",1
"Irwindale, CA",1434
"Irwinton, GA",568
"Irwinville, GA",1
"Isabel, KS",88
"Isabel, SD",152
"Isabella, MN",1
"Isabella, MO",1
"Isabella, OK",1
"Isanti, MN",5594
"Ischua, NY",1
"Iselin, NJ",1
"Islamorada, FL",1
"Island, KY",457
"Island City, KY",1
"Island Falls, ME",1
"Island Heights, NJ",1647
"Island Lake, IL",8077
"Island Park, ID",272
"Island Park, NY",4799
"Island Pond, VT",1
"Islandton, SC",1
"Isle, MN",796
"Isle Au Haut, ME",1
"Isle La Motte, VT",1
"Isle Of Palms, SC",4395
"Isle Saint Georg, OH",1
"Islesboro, ME",1
"Isleton, CA",836
"Islip, NY",1
"Islip Terrace, NY",1
"Ismay, MT",21
"Isola, MS",652
"Isom, KY",1
"Isonville, KY",1
"Issaquah, WA",37322
"Issue, MD",1
"Italy, TX",1918
"Itasca, IL",8728
"Itasca, TX",1649
"Ithaca, MI",2823
"Ithaca, NE",150
"Ithaca, NY",30756
"Ithaca College, NY",1
"Itta Bena, MS",1931
"Iuka, IL",467
"Iuka, KS",163
"Iuka, KY",1
"Iuka, MS",2989
"Iva, SC",1286
"Ivan, AR",1
"Ivanhoe, CA",1
"Ivanhoe, MN",550
"Ivanhoe, NC",1
"Ivanhoe, TX",1
"Ivanhoe, VA",1
"Ivel, KY",1
"Ivesdale, IL",265
"Ivor, VA",327
"Ivoryton, CT",1
"Ixonia, WI",1
"Izoro, TX",1
"Jabez, KY",1
"Jachin, AL",1
"Jacinto City, TX",10696
"Jack, AL",1
"Jackhorn, KY",1
"Jackman, ME",1
"Jackpot, NV",1
"Jacks Creek, TN",1
"Jacksboro, TN",1944
"Jacksboro, TX",4347
"Jackson, AL",4907
"Jackson, CA",4678
"Jackson, GA",5071
"Jackson, MI",32918
"Jackson, MN",3238
"Jackson, MO",15036
"Jackson, MS",169148
"Jackson, MT",1
"Jackson, NC",472
"Jackson, NE",214
"Jackson, NH",1
"Jackson, NJ",1
"Jackson, OH",6320
"Jackson, PA",1
"Jackson, SC",1781
"Jackson, TN",67005
"Jackson, WI",6933
"Jackson, WY",10529
"Jackson Belden, OH",1
"Jackson Center, OH",1456
"Jackson Center, PA",217
"Jackson Heights, NY",2
"Jackson Junction, IA",55
"Jackson Springs, NC",1
"Jacksonburg, WV",1
"Jacksons Gap, AL",801
"Jacksonville, AL",12657
"Jacksonville, FL",880619
"Jacksonville, GA",136
"Jacksonville, MD",1
"Jacksonville, MO",148
"Jacksonville, NC",67784
"Jacksonville, TX",14898
"Jacksonville, VT",216
"Jacksonville Bea, FL",2
"Jacksonville N A, FL",1
"Jacob, IL",1
"Jacobson, MN",1
"Jacobus, PA",1848
"Jacumba, CA",1
"Jadwin, MO",1
"Jaffrey, NH",1
"Jakin, GA",149
"Jal, NM",2121
"Jamaica, IA",218
"Jamaica, NY",6
"Jamaica, VA",1
"Jamaica, VT",1
"Jamaica Plain, MA",1
"Jamboree, KY",1
"James City, PA",1
"James Creek, PA",1
"James Store, VA",1
"Jamesburg, NJ",6040
"Jameson, MO",130
"Jamesport, MO",504
"Jamestown, CA",1
"Jamestown, CO",273
"Jamestown, IN",945
"Jamestown, KS",277
"Jamestown, KY",1806
"Jamestown, LA",134
"Jamestown, MO",395
"Jamestown, NC",3814
"Jamestown, ND",15440
"Jamestown, NY",29775
"Jamestown, OH",2030
"Jamestown, RI",1
"Jamestown, TN",1963
"Jamesville, NC",464
"Jamesville, NY",1
"Jamieson, OR",1
"Jamison, PA",1
"Jamul, CA",1
"Jane, MO",295
"Jane Lew, WV",404
"Janesville, CA",1
"Janesville, IA",969
"Janesville, MN",2272
"Janesville, WI",64159
"Jansen, CO",1
"Jansen, NE",113
"Jarales, NM",1
"Jarratt, VA",614
"Jarreau, LA",1
"Jarrell, TX",1346
"Jarrettsville, MD",1
"Jarvisburg, NC",1
"Jasonville, IN",2147
"Jasper, AL",14003
"Jasper, AR",450
"Jasper, FL",4196
"Jasper, GA",3819
"Jasper, MI",1
"Jasper, MN",610
"Jasper, MO",937
"Jasper, NY",1
"Java, SD",134
"Java, VA",1
"Java Center, NY",1
"Java Village, NY",1
"Jay, FL",590
"Jay, ME",1
"Jay, NY",1
"Jay, OK",2517
"Jay Em, WY",1
"Jay Peak, VT",1
"Jayess, MS",1
"Jayton, TX",507
"Jeanerette, LA",5447
"Jeannette, PA",9245
"Jeffers, MN",352
"Jefferson, AR",1
"Jefferson, CO",1
"Jefferson, GA",10486
"Jefferson, IA",4169
"Jefferson, LA",1
"Jefferson, MA",1
"Jefferson, MD",1
"Jefferson, ME",1
"Jefferson, NC",1551
"Jefferson, NH",1
"Jefferson, NY",1
"Jefferson, OH",3023
"Jefferson, OR",3289
"Jefferson, PA",734
"Jefferson, SC",742
"Jefferson, SD",507
"Jefferson, WI",8024
"Jefferson City, MO",43013
"Jefferson City, TN",8335
"Jefferson Manor, VA",1
"Jefferson Valley, NY",1
"Jeffersonton, VA",1
"Jeffersontown, KY",27352
"Jeffersonville, GA",950
"Jeffersonville, IN",47124
"Jeffersonville, KY",1715
"Jeffersonville, NY",336
"Jeffersonville, OH",1184
"Jeffrey City, WY",1
"Jekyll Island, GA",1
"Jellico, TN",1
"Jelm, WY",1
"Jemez Pueblo, NM",1
"Jemez Springs, NM",255
"Jemison, AL",2616
"Jena, LA",3435
"Jenera, OH",220
"Jenison, MI",1
"Jenkins, MN",449
"Jenkins, MO",1
"Jenkins Bridge, VA",1
"Jenkinsburg, GA",371
"Jenkinsville, SC",43
"Jenks, OK",21812
"Jenner, CA",1
"Jenners, PA",1
"Jennings, FL",873
"Jennings, KS",93
"Jennings, LA",10118
"Jennings, MD",1
"Jennings, MO",14755
"Jennings, OK",359
"Jensen, UT",1
"Jensen Beach, FL",1
"Jeremiah, KY",1
"Jericho, NY",1
"Jericho, SC",1
"Jericho Center, VT",1
"Jerico Springs, MO",230
"Jermyn, TX",1
"Jerome, ID",11317
"Jerome, IL",1634
"Jerome, MI",1
"Jerome, MO",1
"Jeromesville, OH",550
"Jersey, AR",1
"Jersey City, NJ",264152
"Jersey Village, TX",7892
"Jerseyville, IL",8336
"Jerusalem, AR",1
"Jerusalem, OH",159
"Jesse, WV",1
"Jessieville, AR",1
"Jessup, MD",1
"Jessup, PA",4458
"Jesup, GA",10170
"Jesup, IA",2667
"Jet, OK",223
"Jetersville, VA",1
"Jetmore, KS",842
"Jetson, KY",1
"Jewell, GA",1
"Jewell, IA",1
"Jewell Valley, VA",1
"Jewett, IL",221
"Jewett, NY",1
"Jewett, OH",668
"Jewett, TX",1215
"Jewett City, CT",3406
"Jiggs, NV",1
"Jim Falls, WI",1
"Jim Thorpe, PA",4607
"Jinks, KY",1
"Joanna, SC",1
"Joaquin, TX",822
"Job, KY",1
"Job, WV",1
"Jobstown, NJ",1
"Jodie, WV",1
"Joelton, TN",1
"Joes, CO",1
"Joffre, PA",1
"Johannesburg, CA",1
"Johannesburg, MI",1
"John Day, OR",1674
"Johns Creek, GA",83873
"Johns Island, SC",1
"Johnsburg, NY",1
"Johnson, KS",1
"Johnson, MN",28
"Johnson, NE",326
"Johnson, VT",1462
"Johnson City, NY",14673
"Johnson City, TN",66677
"Johnson City, TX",2003
"Johnson Creek, WI",2939
"Johnsonburg, PA",2335
"Johnsonville, IL",76
"Johnsonville, NC",1
"Johnsonville, NY",1
"Johnsonville, SC",1504
"Johnston, IA",21114
"Johnston, SC",2345
"Johnston City, IL",3488
"Johnstown, CO",15389
"Johnstown, NE",61
"Johnstown, NY",8309
"Johnstown, OH",4970
"Johnstown, PA",19712
"Joice, IA",223
"Joiner, AR",528
"Joliet, IL",148262
"Joliette, ND",1
"Jolley, IA",27
"Jolo, WV",1
"Jones, AL",1
"Jones, LA",1
"Jones, MI",1
"Jones, OK",3012
"Jones Mills, AR",1
"Jones Mills, PA",1
"Jonesboro, AR",74889
"Jonesboro, GA",4729
"Jonesboro, IL",1749
"Jonesboro, IN",1665
"Jonesboro, LA",4571
"Jonesboro, ME",1
"Jonesboro, TX",1
"Jonesborough, TN",5333
"Jonesburg, MO",723
"Jonesport, ME",1
"Jonestown, PA",1985
"Jonestown, TX",2028
"Jonesville, KY",1
"Jonesville, MI",2215
"Jonesville, NC",2247
"Jonesville, VA",956
"Joplin, MO",52195
"Joplin, MT",1
"Joppa, AL",1
"Joppa, IL",341
"Joppa, MD",1
"Jordan, AR",1
"Jordan, MN",6143
"Jordan, MT",399
"Jordan, NY",1317
"Jordan Valley, OR",175
"Jordanville, NY",1
"Joseph, OR",1089
"Joseph, UT",346
"Josephine, WV",1
"Joshua, TX",6846
"Joshua Tree, CA",1
"Jourdanton, TX",4327
"Joy, IL",385
"Juanita, ND",1
"Juda, WI",1
"Judith Gap, MT",123
"Judsonia, AR",2002
"Julesburg, CO",1241
"Juliaetta, ID",582
"Julian, CA",1
"Julian, NC",1
"Julian, NE",57
"Julian, PA",1
"Julian, WV",1
"Juliette, GA",1
"Junction, IL",121
"Junction, TX",2461
"Junction, WV",1
"Junction City, AR",540
"Junction City, GA",162
"Junction City, KS",24180
"Junction City, KY",2299
"Junction City, OH",805
"Junction City, OR",6052
"Junction City, WI",429
"June Lake, CA",1
"Juneau, AK",32468
"Juneau, WI",2718
"Juniata, NE",823
"Juniper, GA",1
"Juniper Hills, CA",2
"Juno, GA",1
"Juntura, OR",1
"Jupiter, FL",63813
"Justice, IL",12844
"Justin, TX",3710
"K I Sawyer A F B, MI",1
"Kaaawa, HI",1
"Kadoka, SD",707
"Kahoka, MO",2007
"Kahului, HI",1
"Kaibito, AZ",1
"Kailua, HI",1
"Kailua Kona, HI",1
"Kaiser, MO",1
"Kaktovik, AK",241
"Kalama, WA",2484
"Kalamazoo, MI",75984
"Kalaupapa, HI",1
"Kaleva, MI",463
"Kalispell, MT",22761
"Kalkaska, MI",2039
"Kalona, IA",2534
"Kalskag, AK",231
"Kaltag, AK",185
"Kalvesta, KS",1
"Kamas, UT",2109
"Kamiah, ID",1292
"Kampsville, IL",314
"Kamrar, IA",199
"Kamuela, HI",1
"Kanaranzi, MN",1
"Kanawha, IA",617
"Kanawha Falls, WV",1
"Kanawha Head, WV",1
"Kandiyohi, MN",488
"Kane, IL",409
"Kane, PA",3548
"Kaneohe, HI",1
"Kankakee, IL",26445
"Kannapolis, NC",47839
"Kanopolis, KS",471
"Kanorado, KS",154
"Kansas, IL",737
"Kansas, OH",1
"Kansas, OK",783
"Kansas City, KS",151709
"Kansas City, MO",481420
"Kansasville, WI",1
"Kapaa, HI",1
"Kapaau, HI",1
"Kaplan, LA",4619
"Kapolei, HI",1
"Karbers Ridge, IL",1
"Karlin, MI",1
"Karlsruhe, ND",91
"Karlstad, MN",724
"Karnack, TX",1
"Karnak, IL",456
"Karnes City, TX",3350
"Karns, TN",1
"Karns City, PA",207
"Karthaus, PA",1
"Karval, CO",1
"Kasilof, AK",1
"Kaska, PA",1
"Kasota, MN",652
"Kasson, MN",6264
"Kasson, WV",1
"Kathleen, FL",1
"Kathleen, GA",1
"Katonah, NY",1
"Kaufman, TX",7181
"Kaukauna, WI",15900
"Kaumakani, HI",1
"Kaunakakai, HI",1
"Kaw City, OK",375
"Kawkawlin, MI",1
"Kaycee, WY",263
"Kayenta, AZ",1
"Kaylor, SD",1
"Kaysville, UT",31243
"Keaau, HI",1
"Kealakekua, HI",1
"Keams Canyon, AZ",1
"Keansburg, NJ",9826
"Kearney, MO",9790
"Kearney, NE",33520
"Kearneysville, WV",1
"Kearns, UT",1
"Kearny, AZ",2075
"Kearny, NJ",42126
"Keasbey, NJ",1
"Keatchie, LA",1
"Keaton, KY",1
"Keavy, KY",1
"Keedysville, MD",1161
"Keeline, WY",1
"Keeling, VA",1
"Keene, CA",1
"Keene, KY",1
"Keene, ND",1
"Keene, NH",23406
"Keene, NY",1
"Keene, TX",6293
"Keene, VA",1
"Keenes, IL",82
"Keenesburg, CO",1200
"Keeseville, NY",1743
"Keezletown, VA",1
"Kegley, WV",1
"Keiser, AR",687
"Keith, KY",1
"Keithsburg, IL",573
"Keithville, LA",1
"Keizer, OR",38980
"Kekaha, HI",1
"Keldron, SD",1
"Kelford, NC",230
"Kell, IL",214
"Keller, TX",46646
"Keller, WA",1
"Kellerton, IA",313
"Kellerville, TX",1
"Kelley, IA",307
"Kelleys Island, OH",310
"Kelliher, MN",268
"Kellnersville, WI",320
"Kellogg, IA",590
"Kellogg, ID",2081
"Kelly, KS",1
"Kelly, LA",1
"Kelly, NC",1
"Kelly, WY",1
"Kelly A F B, TX",1
"Kelly Corners, NY",1
"Kellyton, AL",197
"Kellyville, OK",1147
"Kelsey, CA",1
"Kelsey, MN",1
"Kelseyville, CA",1
"Kelso, CA",1
"Kelso, ND",1
"Kelso, TN",1
"Kelso, WA",12047
"Kelton, PA",1
"Kelton, SC",1
"Keltys, TX",1
"Kemmerer, WY",2771
"Kempner, TX",1084
"Kempton, IL",221
"Kempton, IN",311
"Kempton, ND",1
"Kempton, PA",1
"Kenai, AK",7745
"Kenansville, FL",1
"Kenansville, NC",866
"Kenbridge, VA",1221
"Kendalia, TX",1
"Kendall, FL",1
"Kendall, KS",1
"Kendall, NY",1
"Kendall, WI",473
"Kendall Park, NJ",1
"Kendallville, IN",9906
"Kendrick, ID",299
"Kendrick, OK",142
"Kenduskeag, ME",1
"Kenedy, TX",3388
"Kenefic, OK",206
"Kenesaw, NE",945
"Kenilworth, IL",2520
"Kenilworth, NJ",8194
"Kenly, NC",1493
"Kenmore, NY",15143
"Kennan, WI",129
"Kennard, NE",363
"Kennard, TX",324
"Kennebec, SD",261
"Kennebunk, ME",1
"Kennebunkport, ME",1
"Kennedale, TX",7840
"Kennedy, AL",429
"Kennedy, MN",181
"Kennedy, NY",1
"Kennedy Space Ce, FL",1
"Kennedyville, MD",1
"Kenner, LA",67089
"Kennerdell, PA",1
"Kennesaw, GA",33627
"Kenneth, MN",67
"Kenneth City, FL",5101
"Kennett, MO",10564
"Kennett Square, PA",6160
"Kennewick, WA",80454
"Kenney, IL",320
"Keno, OR",1
"Kenosha, WI",99631
"Kenova, WV",3055
"Kenoza Lake, NY",1
"Kensal, ND",159
"Kensett, AR",1649
"Kensett, IA",268
"Kensington, CA",2
"Kensington, KS",443
"Kensington, MD",2379
"Kensington, MN",296
"Kensington, OH",1
"Kent, CT",1
"Kent, IA",1
"Kent, IL",1
"Kent, MN",78
"Kent, NY",1
"Kent, OH",30071
"Kent, OR",1
"Kent, TX",1
"Kent, WA",127514
"Kent City, MI",1108
"Kentfield, CA",1
"Kentland, IN",1683
"Kenton, MI",1
"Kenton, OH",8202
"Kenton, OK",1
"Kenton, TN",1219
"Kents Hill, ME",1
"Kents Store, VA",1
"Kentuck, WV",1
"Kentwood, LA",2377
"Kentwood, MI",51689
"Kenvil, NJ",1
"Kenvir, KY",1
"Kenwood, CA",1
"Kenyon, MN",1828
"Keo, AR",259
"Keokee, VA",1
"Keokuk, IA",10431
"Keosauqua, IA",936
"Keota, IA",966
"Keota, OK",559
"Kerby, OR",1
"Kerens, TX",1556
"Kerens, WV",1
"Kerhonkson, NY",1
"Kerkhoven, MN",722
"Kerman, CA",14594
"Kermit, TX",6341
"Kermit, WV",371
"Kernersville, NC",24066
"Kernville, CA",1
"Kerrick, MN",63
"Kerrville, TX",23434
"Kersey, CO",1593
"Kersey, PA",1
"Kershaw, SC",2151
"Keshena, WI",1
"Keslers Cross La, WV",1
"Kesley, IA",1
"Kessler, WV",1
"Keswick, IA",240
"Ketchikan, AK",8208
"Kettering, OH",55306
"Kettle, KY",1
"Kettle Falls, WA",1604
"Kettle Island, KY",1
"Kettle River, MN",180
"Kettleman City, CA",1
"Keuterville, ID",1
"Kevil, KY",605
"Kevin, MT",138
"Kew Gardens, NY",3
"Kewadin, MI",1
"Kewanee, IL",12458
"Kewanna, IN",597
"Kewaskum, WI",4103
"Kewaunee, WI",2869
"Keweenaw Bay, MI",1
"Key Biscayne, FL",13019
"Keyapaha, SD",1
"Keyes, OK",281
"Keyesport, IL",399
"Keymar, MD",1
"Keyport, NJ",7085
"Keystone, AL",1
"Keystone, CO",1
"Keystone, IA",610
"Keystone, IN",1
"Keystone, NE",1
"Keystone, SD",340
"Keystone Heights, FL",1461
"Keysville, GA",304
"Keysville, VA",808
"Keytesville, MO",452
"Kezar Falls, ME",1
"Kiamesha Lake, NY",1
"Kiana, AK",371
"Kidder, MO",310
"Kief, ND",14
"Kieffer, WV",1
"Kiel, WI",3700
"Kiester, MN",473
"Kihei, HI",1
"Kila, MT",1
"Kilbourne, IL",281
"Kilbuck, PA",1
"Kilgore, NE",79
"Kilgore, TX",14836
"Kilkenny, MN",132
"Kill Buck, NY",1
"Kill Devil Hills, NC",7121
"Killbuck, OH",925
"Killdeer, ND",1173
"Killeen, TX",143400
"Killen, AL",977
"Killington, VT",1
"Killingworth, CT",1
"Kilmarnock, VA",1438
"Kilmichael, MS",595
"Kimball, MI",1
"Kimball, MN",779
"Kimball, NE",2400
"Kimball, SD",679
"Kimball, TN",1391
"Kimballton, IA",295
"Kimberlin Height, TN",1
"Kimberling City, MO",2312
"Kimberly, AL",2964
"Kimberly, ID",3736
"Kimberly, OR",1
"Kimberly, WI",6739
"Kimberly, WV",1
"Kimmell, IN",1
"Kimmins, TN",1
"Kimper, KY",1
"Kinard, FL",1
"Kinards, SC",1
"Kincaid, WV",1
"Kincheloe, MI",1
"Kinde, MI",426
"Kinder, LA",2436
"Kinderhook, IL",210
"Kinderhook, NY",1162
"Kindred, ND",755
"King, NC",7025
"King, WI",1
"King And Queen C, VA",1
"King City, CA",13869
"King City, MO",1002
"King Cove, AK",989
"King Ferry, NY",1
"King George, VA",1
"King Hill, ID",1
"King Of Prussia, PA",1
"King William, VA",1
"Kingdom City, MO",130
"Kingfield, ME",1
"Kingfisher, OK",4888
"Kingman, AZ",29029
"Kingman, ME",1
"Kings, IL",1
"Kings Beach, CA",1
"Kings Canyon Nat, CA",1
"Kings Mountain, KY",1
"Kings Mountain, NC",10797
"Kings Park, NY",1
"Kings Point Cont, NY",1
"Kingsburg, CA",11807
"Kingsbury, TX",1
"Kingsdown, KS",1
"Kingsland, AR",414
"Kingsland, GA",16720
"Kingsland, TX",1
"Kingsley, IA",1427
"Kingsley, MI",1567
"Kingsley, PA",1
"Kingsport, TN",52806
"Kingston, AR",1
"Kingston, GA",654
"Kingston, ID",1
"Kingston, IL",1161
"Kingston, MA",1
"Kingston, MI",426
"Kingston, MO",339
"Kingston, NH",1
"Kingston, NJ",1
"Kingston, OH",1023
"Kingston, OK",1629
"Kingston, PA",12861
"Kingston, RI",1
"Kingston, TN",5840
"Kingston, UT",158
"Kingston, WA",1
"Kingston, WI",325
"Kingston Mines, IL",298
"Kingston Springs, TN",2763
"Kingstown, NC",677
"Kingstree, SC",3221
"Kingsville, MD",1
"Kingsville, MO",267
"Kingsville, OH",1
"Kingsville Naval, TX",1
"Kingwood, WV",2956
"Kinmundy, IL",769
"Kinnear, WY",1
"Kinnelon, NJ",10219
"Kinross, IA",71
"Kinross, MI",1
"Kinsale, VA",1
"Kinsey, MT",1
"Kinsley, KS",1407
"Kinsman, IL",97
"Kinsman, OH",1
"Kinston, AL",539
"Kinston, NC",20923
"Kinta, OK",294
"Kintnersville, PA",1
"Kintyre, ND",1
"Kinzers, PA",1
"Kinzua, OR",1
"Kiowa, CO",742
"Kiowa, KS",980
"Kiowa, OK",683
"Kipnuk, AK",1
"Kirby, AR",1
"Kirby, TX",8640
"Kirby, WV",1
"Kirbyville, MO",218
"Kirk, CO",1
"Kirkland, AZ",1
"Kirkland, IL",1732
"Kirkland, TX",1
"Kirkland, WA",87701
"Kirklin, IN",784
"Kirkman, IA",62
"Kirksey, KY",1
"Kirksville, MO",17519
"Kirkville, IA",174
"Kirkville, NY",1
"Kirkwood, IL",696
"Kirkwood, MO",27609
"Kirkwood, NY",1
"Kirkwood, PA",1
"Kiron, IA",273
"Kirtland, NM",564
"Kirtland A F B E, NM",1
"Kirwin, KS",162
"Kismet, KS",450
"Kismet, NY",1
"Kissee Mills, MO",1
"Kissimmee, FL",69369
"Kit Carson, CO",230
"Kite, GA",223
"Kittanning, PA",3846
"Kittery, ME",1
"Kittery Point, ME",1
"Kittrell, NC",163
"Kitts Hill, OH",1
"Kivalina, AK",383
"Klamath, CA",1
"Klamath Falls, OR",21524
"Klamath River, CA",1
"Klawock, AK",796
"Klein, TX",1
"Klemme, IA",476
"Klickitat, WA",1
"Klingerstown, PA",1
"Klondike, TX",1
"Kloten, ND",1
"Knapp, WI",457
"Kneeland, CA",1
"Knierim, IA",60
"Knifley, KY",1
"Knightdale, NC",14794
"Knights Ferry, CA",1
"Knights Landing, CA",1
"Knightsen, CA",1
"Knightstown, IN",2112
"Knippa, TX",1
"Knob Lick, KY",1
"Knob Noster, MO",2734
"Knobel, AR",266
"Knoke, IA",1
"Knott, TX",1
"Knotts Island, NC",1
"Knowles, OK",11
"Knowles, WI",1
"Knox, ND",25
"Knox, PA",1086
"Knox City, MO",208
"Knox City, TX",1162
"Knoxville, AL",1
"Knoxville, AR",743
"Knoxville, GA",1
"Knoxville, IA",7241
"Knoxville, IL",2811
"Knoxville, MD",1
"Knoxville, PA",617
"Knoxville, TN",186239
"Kobuk, AK",156
"Kodak, TN",1
"Kodiak, AK",6191
"Koeltztown, MO",1
"Kohler, WI",2104
"Kokhanok, AK",1
"Kokomo, IN",57799
"Kokomo, MS",1
"Koliganek, AK",1
"Kolin, LA",1
"Koloa, HI",1
"Kona, KY",1
"Konawa, OK",1271
"Kopperl, TX",1
"Korbel, CA",1
"Korea, KY",1
"Kosciusko, MS",7139
"Koshkonong, MO",210
"Kosse, TX",464
"Kossuth, MS",208
"Kossuth, PA",1
"Kotlik, AK",620
"Kotzebue, AK",3245
"Kountze, TX",2099
"Kouts, IN",1962
"Koyuk, AK",369
"Krakow, WI",1
"Kramer, ND",29
"Kranzburg, SD",177
"Kremlin, MT",1
"Kremlin, OK",263
"Kremmling, CO",1492
"Kreole, MS",1
"Kresgeville, PA",1
"Kress, TX",681
"Krotz Springs, LA",1204
"Krum, TX",5000
"Krumville, NY",1
"Kualapuu, HI",1
"Kula, HI",1
"Kulm, ND",343
"Kulpmont, PA",2827
"Kuna, ID",17902
"Kunkletown, PA",1
"Kure Beach, NC",2109
"Kurtistown, HI",1
"Kuttawa, KY",660
"Kutztown, PA",5017
"Kwethluk, AK",753
"Kwigillingok, AK",1
"Kyana, IN",1
"Kyburz, CA",1
"Kykotsmovi Villa, AZ",1
"Kyle, SD",1
"Kyles Ford, TN",1
"Kyrock, KY",1
"La Barge, WY",558
"La Belle, MO",651
"La Belle, PA",1
"La Center, KY",986
"La Center, WA",3144
"La Conner, WA",936
"La Coste, TX",1206
"La Crescent, MN",4822
"La Crescenta, CA",1
"La Crosse, IN",531
"La Crosse, KS",1231
"La Crosse, WI",52109
"La Cygne, KS",1112
"La Fargeville, NY",1
"La Fayette, GA",1
"La Fayette, IL",1
"La Fayette, KY",1
"La Fayette, NY",1
"La Feria, TX",7271
"La Fontaine, IN",852
"La Garita, CO",1
"La Grande, OR",13229
"La Grange, CA",1
"La Grange, GA",30771
"La Grange, KY",8722
"La Grange, MO",929
"La Grange, NC",2682
"La Grange, TX",4690
"La Habra Heights, CA",5411
"La Harpe, IL",1196
"La Harpe, KS",546
"La Honda, CA",1
"La Jara, CO",798
"La Jara, NM",1
"La Jolla, CA",1
"La Jose, PA",1
"La Loma, NM",1
"La Luz, NM",1
"La Madera, NM",1
"La Marque, TX",16457
"La Mesa, CA",59948
"La Mesa, NM",1
"La Mirada, CA",49216
"La Moille, IL",695
"La Monte, MO",1131
"La Motte, IA",253
"La Pine, OR",1815
"La Place, LA",1
"La Plata, MD",9239
"La Plata, MO",1319
"La Plata, NM",1
"La Pointe, WI",1
"La Porte, CA",1
"La Porte, IN",1
"La Porte City, IA",2269
"La Prairie, IL",46
"La Prairie, MN",651
"La Pryor, TX",1
"La Quinta, CA",40956
"La Rue, OH",710
"La Russell, MO",115
"La Salle, CO",2126
"La Salle, IL",9203
"La Salle, MI",1
"La Selva Beach, CA",1
"La Valle, WI",363
"La Vergne, TN",35071
"La Verne, CA",32389
"La Vernia, TX",1409
"Labadie, MO",1
"Labadieville, LA",1
"Labelle, FL",4749
"Labolt, SD",1
"Lac Du Flambeau, WI",1
"Lacamp, LA",1
"Lacarne, OH",1
"Lacassine, LA",1
"Lacey, WA",47688
"Laceys Spring, AL",1
"Laceyville, PA",359
"Lachine, MI",1
"Lackawanna, NY",17868
"Lackawaxen, PA",1
"Lackey, KY",1
"Laclede, IL",1
"Laclede, MO",323
"Lacombe, LA",1
"Lacon, IL",1816
"Lacona, IA",366
"Lacona, NY",554
"Laconia, IN",50
"Laconia, NH",16470
"Lacrosse, WA",1
"Laddonia, MO",507
"Ladera, CA",1
"Ladoga, IN",1005
"Ladonia, TX",612
"Ladora, IA",281
"Ladson, SC",1
"Ladue, MO",8583
"Lady Lake, FL",14974
"Ladysmith, WI",3184
"Lafayette, AL",2968
"Lafayette, CA",26103
"Lafayette, CO",28261
"Lafayette, IN",71782
"Lafayette, LA",127626
"Lafayette, MN",487
"Lafayette, MS",1
"Lafayette, NJ",1
"Lafayette, OR",4116
"Lafayette, TN",5141
"Lafayette Hill, PA",1
"Lafe, AR",462
"Lafitte, LA",1
"Lafontaine, KS",1
"Lagrange, IN",2734
"Lagrange, ME",1
"Lagrange, OH",2146
"Lagrange, WY",1
"Lagrangeville, NY",1
"Lagro, IN",402
"Laguna Hills, CA",31509
"Laguna Niguel, CA",65328
"Laguna Park, TX",1
"Lagunitas, CA",1
"Lahaina, HI",1
"Lahmansville, WV",1
"Lahoma, OK",640
"Laie, HI",1
"Laingsburg, MI",1284
"Laird, CO",1
"Lairdsville, PA",1
"Lajoya, NM",1
"Lake, MI",1
"Lake, MS",322
"Lake, WV",1
"Lake Alfred, FL",5766
"Lake Andes, SD",841
"Lake Ann, MI",267
"Lake Anne, VA",1
"Lake Ariel, PA",1
"Lake Arthur, LA",2746
"Lake Arthur, NM",433
"Lake Benton, MN",658
"Lake Bluff, IL",5672
"Lake Bronson, MN",218
"Lake Buena Vista, FL",11
"Lake Butler, FL",1815
"Lake Catherine, AR",1
"Lake Charles, LA",76848
"Lake City, AR",2405
"Lake City, CA",1
"Lake City, CO",374
"Lake City, FL",12285
"Lake City, IA",1679
"Lake City, KS",1
"Lake City, MN",5042
"Lake City, PA",2938
"Lake City, SC",6761
"Lake City, SD",52
"Lake City, TN",1
"Lake Como, PA",1
"Lake Cormorant, MS",1
"Lake Creek, TX",1
"Lake Crystal, MN",2498
"Lake Dallas, TX",7881
"Lake Elmo, MN",8815
"Lake Elsinore, CA",64205
"Lake Forest, CA",83240
"Lake Forest, IL",19388
"Lake Forest Esta, MO",1
"Lake Geneva, WI",7821
"Lake George, CO",1
"Lake George, MN",1
"Lake George, NY",885
"Lake Grove, NY",11162
"Lake Hamilton, AR",1
"Lake Harmony, PA",1
"Lake Helen, FL",2740
"Lake Hiawatha, NJ",1
"Lake Hill, NY",1
"Lake Hopatcong, NJ",1
"Lake Huntington, NY",1
"Lake In The Hill, IL",1
"Lake Itasca, MN",1
"Lake Jackson, TX",27529
"Lake Junaluska, NC",1
"Lake Katrine, NY",1
"Lake Kiowa, TX",1
"Lake Leelanau, MI",1
"Lake Lillian, MN",237
"Lake Los Angeles, CA",1
"Lake Lotawana, MO",2047
"Lake Lure, NC",1180
"Lake Luzerne, NY",1
"Lake Lynn, PA",1
"Lake Mills, IA",2066
"Lake Mills, WI",5836
"Lake Milton, OH",1
"Lake Minchumina, AK",1
"Lake Nebagamon, WI",1058
"Lake Norden, SD",481
"Lake Odessa, MI",2032
"Lake Of The Fore, KS",1
"Lake Oswego, OR",38945
"Lake Panasoffkee, FL",1
"Lake Park, FL",8595
"Lake Park, GA",726
"Lake Park, IA",1138
"Lake Park, MN",790
"Lake Peekskill, NY",1
"Lake Placid, FL",2259
"Lake Pleasant, NY",1
"Lake Preston, SD",565
"Lake Providence, LA",3693
"Lake Quivira, KS",940
"Lake Ronkonkoma, NY",1
"Lake Saint Louis, MO",15777
"Lake Sherwood, MO",1
"Lake Shore, MN",1039
"Lake Station, IN",11952
"Lake Stevens, WA",31679
"Lake Tapawingo, MO",724
"Lake Tarpon, FL",1
"Lake Tomahawk, WI",1
"Lake Toxaway, NC",1
"Lake View, IA",1111
"Lake View, NY",1
"Lake View, SC",783
"Lake Village, AR",2387
"Lake Village, IN",1
"Lake Waccamaw, NC",1444
"Lake Wales, FL",15860
"Lake Waukomis, MO",910
"Lake Williams, ND",1
"Lake Wilson, MN",235
"Lake Winnebago, MO",1160
"Lake Worth, FL",37812
"Lake Wylie, SC",1
"Lakefield, MN",1629
"Lakehead, CA",1
"Lakehills, TX",1
"Lakehurst Naec, NJ",1
"Lakeland, FL",106420
"Lakeland, GA",3295
"Lakeland, LA",1
"Lakeland, MN",1827
"Lakemont, GA",1
"Lakeport, CA",4772
"Lakeridge, VA",1
"Lakeside, AZ",1
"Lakeside, CA",1
"Lakeside, CT",1
"Lakeside, MI",1
"Lakeside, MT",1
"Lakeside, NE",1
"Lakeside, OH",1
"Lakeside, OR",1761
"Lakeside, VA",1
"Laketown, UT",259
"Lakeview, AR",725
"Lakeview, CA",1
"Lakeview, MI",1010
"Lakeview, OH",1055
"Lakeview, OR",2321
"Lakeview, TX",101
"Lakeville, CT",1
"Lakeville, IN",788
"Lakeville, MA",1
"Lakeville, MN",61938
"Lakeville, NY",1
"Lakeville, OH",1
"Lakeville, PA",1
"Lakeway, TX",14641
"Lakewood, CA",81138
"Lakewood, CO",154393
"Lakewood, IL",3869
"Lakewood, NJ",1
"Lakewood, NY",2872
"Lakewood, PA",1
"Lakewood, WI",1
"Lakewood Center, WA",3
"Lakewood Village, TX",813
"Lakin, KS",2176
"Lakota, IA",285
"Lamar, AR",1670
"Lamar, CO",7534
"Lamar, MS",1
"Lamar, NE",23
"Lamar, OK",151
"Lamar, SC",959
"Lamb, KY",1
"Lambert, MS",1462
"Lambert, MT",1
"Lamberton, MN",780
"Lamberton, PA",1
"Lambertville, MI",1
"Lambertville, NJ",3812
"Lambric, KY",1
"Lambsburg, VA",1
"Lame Deer, MT",1
"Lamero, KY",1
"Lamesa, TX",9461
"Lamoni, IA",2354
"Lamont, CA",1
"Lamont, FL",1
"Lamont, IA",453
"Lamont, OK",404
"Lamont, WA",73
"Lampasas, TX",7722
"Lampe, MO",1
"Lamy, NM",1
"Lanagan, MO",410
"Lanai City, HI",1
"Lanark, IL",1363
"Lancaster, CA",160106
"Lancaster, IL",1
"Lancaster, KY",3866
"Lancaster, MA",1
"Lancaster, MO",720
"Lancaster, NH",1
"Lancaster, NY",10165
"Lancaster, OH",39848
"Lancaster, PA",59218
"Lancaster, SC",9134
"Lancaster, TN",1
"Lancaster, TX",38867
"Lancaster, VA",1
"Lancaster, WI",3760
"Lance Creek, WY",1
"Lancing, TN",1
"Land O Lakes, FL",1
"Land O Lakes, WI",1
"Landenberg, PA",1
"Landess, IN",1
"Landing, NJ",1
"Landis, NC",3121
"Landisburg, PA",219
"Landisville, NJ",1
"Landover, MD",1
"Landover Hills, MD",1808
"Landrum, SC",2531
"Lane, KS",222
"Lane, OK",1
"Lane, SC",470
"Lane, SD",57
"Lanesboro, IA",115
"Lanesboro, MN",739
"Lanesville, IN",573
"Lanesville, NY",1
"Lanett, AL",6393
"Laneview, VA",1
"Laneville, TX",1
"Lanexa, VA",1
"Langdon, KS",41
"Langdon, ND",1780
"Langford, SD",326
"Langley, AR",1
"Langley, KY",1
"Langley, WA",1097
"Langlois, OR",1
"Langston, AL",264
"Lanham, MD",1
"Lanham, WV",1
"Lankin, ND",95
"Lannon, WI",1143
"Lanoka Harbor, NJ",1
"Lansdale, PA",16521
"Lanse, MI",1
"Lansford, ND",249
"Lansford, PA",3767
"Lansing, IA",952
"Lansing, IL",28086
"Lansing, KS",11849
"Lansing, MI",116020
"Lansing, NC",154
"Lansing, NY",3632
"Lansing, WV",1
"Lantana, FL",11221
"Laona, WI",1
"Laotto, IN",1
"Lapeer, MI",8748
"Lapel, IN",2365
"Lapine, AL",1
"Lapoint, UT",1
"Laporte, CO",1
"Laporte, MN",114
"Lapwai, ID",1148
"Laquey, MO",1
"Laramie, WY",32382
"Larchmont, NY",6118
"Larchwood, IA",864
"Laredo, MO",197
"Laredo, TX",257156
"Large, PA",1
"Largo, FL",83065
"Larimer, PA",1
"Lark, ND",1
"Lark, UT",1
"Larkslane, KY",1
"Larkspur, CA",12382
"Larkspur, CO",195
"Larrabee, IA",133
"Larsen, WI",1
"Larslan, MT",1
"Larson, ND",1
"Larto, LA",1
"Larue, TX",1
"Larwill, IN",281
"Las Cruces, NM",101759
"Las Vegas, NM",13285
"Las Vegas, NV",632912
"Lascassas, TN",1
"Lashmeet, WV",1
"Lasker, NC",112
"Last Chance, CO",1
"Latah, WA",187
"Latham, IL",362
"Latham, KS",138
"Latham, MO",1
"Latham, NY",1
"Latham, OH",1
"Lathrop, CA",22073
"Lathrop, MO",2046
"Lathrup Village, MI",4119
"Latimer, IA",475
"Laton, CA",1
"Latonia, KY",1
"Latour, MO",1
"Latrobe, PA",8003
"Latta, SC",1334
"Lauderdale, MN",2510
"Lauderdale, MS",1
"Laughlin, NV",1
"Laughlin A F B, TX",1
"Laughlintown, PA",1
"Laupahoehoe, HI",1
"Laura, IL",1
"Laura, KY",1
"Laura, OH",482
"Laurel, DE",4160
"Laurel, IA",239
"Laurel, IN",500
"Laurel, MD",25853
"Laurel, MS",18756
"Laurel, MT",6865
"Laurel, NE",950
"Laurel, NY",1
"Laurel Bloomery, TN",1
"Laurel Fork, VA",1
"Laurel Hill, FL",588
"Laurel Hill, NC",1
"Laurel Springs, NC",1
"Laurel Springs, NJ",1884
"Laurelton, PA",1
"Laurelville, OH",510
"Laurence Harbor, NJ",1
"Laurens, IA",1160
"Laurens, NY",250
"Laurinburg, NC",15473
"Laurium, MI",1947
"Lava Hot Springs, ID",412
"Lavalette, WV",1
"Lavallette, NJ",1832
"Laveen, AZ",1
"Laverne, OK",1350
"Lavina, MT",173
"Lavinia, TN",1
"Lavonia, GA",2167
"Lawen, OR",1
"Lawler, IA",419
"Lawley, AL",1
"Lawn, TX",318
"Lawndale, CA",33145
"Lawndale, NC",592
"Lawnside, NJ",2920
"Lawrence, IN",47866
"Lawrence, KS",95358
"Lawrence, MA",80209
"Lawrence, MI",977
"Lawrence, MS",1
"Lawrence, NE",291
"Lawrence, NY",6558
"Lawrence, PA",1
"Lawrenceburg, IN",4968
"Lawrenceburg, KY",11169
"Lawrenceburg, TN",10736
"Lawrenceville, GA",30782
"Lawrenceville, IL",4441
"Lawrenceville, NJ",1
"Lawrenceville, NY",1
"Lawrenceville, PA",611
"Lawson, MO",2406
"Lawsonville, NC",1
"Lawtey, FL",718
"Lawton, IA",961
"Lawton, KS",1
"Lawton, KY",1
"Lawton, MI",1865
"Lawton, ND",29
"Lawton, OK",94653
"Lawton, PA",1
"Lawton, WV",1
"Lawtons, NY",1
"Lawyersville, NY",1
"Layton, IL",1
"Layton, NJ",1
"Layton, PA",1
"Layton, UT",75655
"Laytonsville, MD",374
"Laytonville, CA",1
"Le Center, MN",2445
"Le Claire, IA",3974
"Le Grand, CA",1
"Le Mars, IA",9935
"Le Moyen, LA",1
"Le Raysville, PA",282
"Le Roy, IL",3550
"Le Roy, KS",1
"Le Roy, MN",922
"Le Roy, NY",4249
"Le Sueur, MN",3979
"Leaburg, OR",1
"Leach, OK",1
"Leachville, AR",1826
"Lead Hill, AR",274
"Leaday, TX",1
"Leader, MN",1
"Leadore, ID",100
"Leadville, CO",2693
"Leadwood, MO",1184
"Leaf, MS",1
"League City, TX",102010
"Leakesville, MS",921
"Leakey, TX",433
"Leal, ND",19
"Leander, KY",1
"Leander, LA",1
"Leander, TX",42761
"Learned, MS",93
"Leary, GA",579
"Leary, TX",484
"Leasburg, MO",333
"Leasburg, NC",1
"Leatherwood, KY",1
"Leavenworth, IN",232
"Leavenworth, KS",36154
"Leavenworth, WA",1994
"Leavittsburg, OH",1
"Leawood, KS",34565
"Lebanon, CT",1
"Lebanon, IL",4433
"Lebanon, IN",16098
"Lebanon, KY",5638
"Lebanon, MO",14709
"Lebanon, NE",77
"Lebanon, NH",13513
"Lebanon, NJ",1663
"Lebanon, NY",1
"Lebanon, OK",1
"Lebanon, OR",16635
"Lebanon, SD",46
"Lebanon, TN",31317
"Lebanon, VA",3285
"Lebanon Church, VA",1
"Lebanon Junction, KY",1927
"Lebo, KS",912
"Leck Kill, PA",1
"Lecompte, LA",1186
"Lecompton, KS",638
"Ledbetter, KY",1
"Ledbetter, TX",1
"Ledger, MT",1
"Ledgewood, NJ",1
"Ledoux, NM",1
"Ledyard, CT",1
"Ledyard, IA",126
"Lee, FL",327
"Lee, IL",334
"Lee, MA",1
"Lee, ME",1
"Lee, NH",1
"Lee Center, NY",1
"Lee City, KY",1
"Lee Vining, CA",1
"Leechburg, PA",2048
"Leeco, KY",1
"Leedey, OK",437
"Leeds, AL",11940
"Leeds, MA",1
"Leeds, ME",1
"Leeds, NY",1
"Leeper, PA",1
"Lees Summit, MO",96076
"Leesburg, AL",1008
"Leesburg, FL",22419
"Leesburg, GA",3006
"Leesburg, IN",560
"Leesburg, NJ",1
"Leesburg, OH",1298
"Leesburg, TX",1
"Leesburg, VA",52607
"Leesport, PA",1876
"Leesville, SC",1
"Leesville, TX",1
"Leeton, MO",555
"Leetonia, OH",1885
"Leetsdale, PA",1187
"Lefor, ND",1
"Left Hand, WV",1
"Lehew, WV",1
"Lehi, UT",61130
"Lehigh, IA",400
"Lehigh, KS",167
"Lehigh Acres, FL",2
"Lehr, ND",77
"Leicester, MA",1
"Leicester, NC",1
"Leicester, NY",451
"Leicester Juncti, VT",1
"Leigh, NE",401
"Leighton, AL",707
"Leighton, IA",160
"Leipsic, OH",2032
"Leith, ND",16
"Leivasy, WV",1
"Lejunior, KY",1
"Leland, IA",286
"Leland, IL",936
"Leland, MI",1
"Leland, NC",18843
"Lemay, MO",1
"Lemitar, NM",1
"Lemmon, SD",1216
"Lemon Grove, CA",26860
"Lemoncove, CA",1
"Lemont Furnace, PA",1
"Lemoore Naval Ai, CA",1
"Lemoyne, NE",1
"Lena, IL",2800
"Lena, MS",141
"Lenapah, OK",289
"Lenexa, KS",52903
"Lengby, MN",86
"Lenhartsville, PA",166
"Lennig, VA",1
"Lennon, MI",500
"Lennox, CA",1
"Lennox, SD",2330
"Lenoir, NC",17973
"Lenoir City, TN",9106
"Lenorah, TX",1
"Lenore, ID",1
"Lenore, WV",1
"Lenox, AL",1
"Lenox, GA",851
"Lenox, IA",1407
"Lenox, KY",1
"Lenox, MA",1
"Lenox, MI",1
"Lenox, MO",1
"Lenoxville, PA",1
"Lentner, MO",1
"Lenzburg, IL",488
"Leo, IN",1
"Leola, AR",502
"Leola, PA",1
"Leola, SD",441
"Leoma, TN",1
"Leominster, MA",41663
"Leon, IA",1880
"Leon, KS",701
"Leon, OK",97
"Leon, VA",1
"Leon Valley, TX",11314
"Leona, KS",52
"Leona, TX",179
"Leona Valley, CA",1
"Leonard, MN",42
"Leonard, MO",59
"Leonard, ND",228
"Leonard, TX",1984
"Leonardo, NJ",1
"Leonardtown, MD",3769
"Leonardville, KS",440
"Leonia, NJ",9195
"Leonidas, MI",1
"Leonore, IL",126
"Leopold, IN",1
"Leopold, MO",1
"Leopolis, WI",1
"Leota, MN",1
"Leoti, KS",1450
"Lepanto, AR",1828
"Lerna, IL",281
"Lerona, WV",1
"Leroy, AL",1
"Leroy, MI",1
"Lesage, WV",1
"Leshara, NE",110
"Leslie, AR",421
"Leslie, GA",384
"Leslie, MI",1872
"Leslie, MO",169
"Lester, AL",122
"Lester, PA",1
"Lester, WV",322
"Lester Prairie, MN",1687
"Lesterville, MO",1
"Lesterville, SD",128
"Letart, WV",1
"Letcher, KY",1
"Letcher, SD",176
"Letha, ID",1
"Letohatchee, AL",1
"Letter Gap, WV",1
"Letts, IA",376
"Lettsworth, LA",1
"Leupp, AZ",1
"Levant, KS",1
"Levant, ME",1
"Level Green, PA",1
"Levelland, TX",13844
"Levelock, AK",1
"Levels, WV",1
"Leverett, MA",1
"Levering, MI",1
"Levittown, NY",1
"Levittown, PA",4
"Lew Beach, NY",1
"Lewellen, NE",211
"Lewes, DE",3074
"Lewis, CO",1
"Lewis, IA",407
"Lewis, IN",1
"Lewis, KS",430
"Lewis, NY",1
"Lewis Creek, KY",1
"Lewis Run, PA",587
"Lewisberry, PA",363
"Lewisburg, KY",795
"Lewisburg, OH",1765
"Lewisburg, PA",5699
"Lewisburg, TN",11600
"Lewisburg, WV",3921
"Lewisport, KY",1720
"Lewiston, CA",1
"Lewiston, ID",32872
"Lewiston, ME",36140
"Lewiston, MI",1
"Lewiston, MN",1564
"Lewiston, NE",64
"Lewiston, NY",2591
"Lewiston, UT",1806
"Lewiston Woodvil, NC",1
"Lewistown, IL",2249
"Lewistown, MD",1
"Lewistown, MO",526
"Lewistown, MT",5870
"Lewistown, OH",1
"Lewistown, PA",8215
"Lewisville, AR",1154
"Lewisville, ID",481
"Lewisville, IN",357
"Lewisville, MN",245
"Lewisville, NC",13710
"Lewisville, OH",174
"Lewisville, TX",104659
"Lexa, AR",247
"Lexington, AL",718
"Lexington, GA",228
"Lexington, IL",2048
"Lexington, IN",1
"Lexington, KY",318449
"Lexington, MA",1
"Lexington, MI",1111
"Lexington, MO",4584
"Lexington, MS",1573
"Lexington, NC",19105
"Lexington, NE",10004
"Lexington, OH",4704
"Lexington, OK",2168
"Lexington, OR",237
"Lexington, SC",20988
"Lexington, TN",7769
"Lexington, TX",1193
"Lexington, VA",7045
"Lexington Park, MD",1
"Leyden, MA",2
"Libby, MT",2678
"Liberal, KS",20350
"Liberal, MO",724
"Liberty, IL",510
"Liberty, IN",2046
"Liberty, KS",115
"Liberty, KY",2155
"Liberty, ME",1
"Liberty, MS",688
"Liberty, NC",2689
"Liberty, NE",75
"Liberty, NY",4092
"Liberty, PA",2498
"Liberty, SC",3252
"Liberty, WV",1
"Liberty Center, IA",1
"Liberty Center, IN",1
"Liberty Center, OH",1136
"Liberty Farms, CA",1
"Liberty Hill, TX",1612
"Liberty Lake, WA",9209
"Libertyville, IA",343
"Libertyville, IL",20405
"Library, PA",1
"Lick Creek, KY",1
"Licking, MO",3116
"Lickingville, PA",1
"Lidderdale, IA",175
"Liebenthal, KS",96
"Lighthouse Point, FL",11143
"Lignite, ND",240
"Lignum, VA",1
"Ligon, KY",1
"Ligonier, IN",4419
"Lihue, HI",1
"Lilbourn, MO",1118
"Lilburn, GA",12675
"Lilesville, NC",501
"Lille, ME",1
"Lillian, AL",1
"Lillie, LA",115
"Lillington, NC",3581
"Lilliwaup, WA",1
"Lilly, PA",917
"Lily, KY",1
"Lily, SD",4
"Lily, WI",1
"Lima, IL",159
"Lima, MT",224
"Lima, NY",2098
"Lima, OH",37414
"Lima, WV",1
"Lime Springs, IA",485
"Limerick, ME",1
"Limerick, PA",1
"Limestone, ME",1
"Limestone, MI",1
"Limestone, NY",1
"Limestone, PA",1
"Limestone Sq, KY",1
"Limington, ME",1
"Limon, CO",1955
"Lincoln, AL",6491
"Lincoln, AR",2425
"Lincoln, CA",47030
"Lincoln, DE",1
"Lincoln, IA",155
"Lincoln, IL",13969
"Lincoln, MA",1
"Lincoln, ME",1
"Lincoln, MI",319
"Lincoln, MO",1181
"Lincoln, MT",1
"Lincoln, ND",3683
"Lincoln, NE",280364
"Lincoln, NH",1
"Lincoln, NM",1
"Lincoln, OH",1
"Lincoln, RI",1
"Lincoln, TX",1
"Lincoln, WA",1
"Lincoln Center, ME",1
"Lincoln City, IN",1
"Lincoln City, OR",8722
"Lincoln Park, MI",36720
"Lincoln Park, NJ",10442
"Lincoln Universi, PA",1
"Lincoln Village, OH",1
"Lincolnton, GA",1520
"Lincolnville, ME",1
"Lincolnwood, IL",12527
"Lincroft, NJ",1
"Lind, WA",550
"Lindale, GA",1
"Linden, AL",1988
"Linden, CA",1
"Linden, IA",207
"Linden, IN",753
"Linden, MI",3862
"Linden, NC",134
"Linden, NJ",42457
"Linden, PA",1
"Linden, TX",1973
"Linden, VA",1
"Linden, WI",530
"Linden, WV",1
"Lindenhurst, IL",14372
"Lindenhurst, NY",27074
"Lindenwald, OH",1
"Lindenwood, IL",1
"Lindley, NY",1
"Lindon, CO",1
"Lindon, UT",10939
"Lindrith, NM",1
"Lindsay, CA",13245
"Lindsay, MT",1
"Lindsay, NE",254
"Lindsay, OK",2828
"Lindsay, TX",1074
"Lindsborg, KS",3338
"Lindsey, OH",425
"Lindseyville, KY",1
"Lindside, WV",1
"Lindstrom, MN",4457
"Line Lexington, PA",1
"Lineboro, MD",1
"Linefork, KY",1
"Lineville, AL",2306
"Lineville, IA",221
"Lingle, WY",459
"Lingo, NM",1
"Linkwood, MD",1
"Linn, KS",395
"Linn, MO",1429
"Linn, TX",1
"Linn, WV",1
"Linn Creek, MO",245
"Linn Grove, IA",154
"Linn Grove, IN",1
"Linneus, MO",267
"Linthicum Height, MD",1
"Linton, IN",5248
"Linville, LA",1
"Linville, VA",1
"Linwood, KS",387
"Linwood, MD",1
"Linwood, MI",1
"Linwood, NC",1
"Linwood, NE",84
"Linwood, NJ",6892
"Linwood, NY",2
"Lipan, TX",461
"Lipscomb, TX",1
"Lisbon, IA",2208
"Lisbon, LA",171
"Lisbon, ME",1
"Lisbon, NH",1
"Lisbon, NY",1
"Lisbon, OH",2699
"Lisbon Falls, ME",1
"Lisco, NE",1
"Liscomb, IA",301
"Lisle, IL",22930
"Lisle, NY",307
"Lisman, AL",498
"Lismore, MN",231
"Listonburg, PA",1
"Litchfield, CA",1
"Litchfield, CT",1213
"Litchfield, IL",6812
"Litchfield, ME",1
"Litchfield, MI",1346
"Litchfield, MN",6648
"Litchfield, NE",255
"Litchfield, OH",1
"Litchfield Park, AZ",5766
"Litchville, ND",168
"Lithia, FL",1
"Lithia, VA",1
"Lithia Springs, GA",1
"Lithonia, GA",2082
"Littcarr, KY",1
"Little, KY",1
"Little Canada, MN",10344
"Little Cedar, IA",1
"Little Chute, WI",11250
"Little Compton, RI",1
"Little Deer Isle, ME",1
"Little Falls, MN",8689
"Little Falls, NY",4741
"Little Ferry, NJ",10925
"Little Genesee, NY",1
"Little Hocking, OH",1
"Little Indian, IL",1
"Little Lake, MI",1
"Little Marais, MN",1
"Little Marsh, PA",1
"Little Meadows, PA",258
"Little Mountain, SC",296
"Little Neck, NY",2
"Little Orleans, MD",1
"Little Plymouth, VA",1
"Little River, AL",1
"Little River, KS",536
"Little River, SC",1
"Little Rock, AR",198541
"Little Rock, IA",439
"Little Rock, MS",1
"Little Rock, SC",1
"Little Sauk, MN",1
"Little Silver, NJ",5895
"Little Sioux, IA",163
"Little Suamico, WI",1
"Little Valley, NY",1113
"Little York, IL",328
"Littlefield, AZ",1
"Littlefield, TX",6039
"Littlefork, MN",612
"Littleriver, CA",1
"Littlestown, PA",4468
"Littleton, CO",46333
"Littleton, IL",166
"Littleton, MA",1
"Littleton, NC",625
"Littleton, NH",1
"Littleton, WV",1
"Live Oak, CA",8800
"Live Oak, TX",15749
"Livermore, CA",89115
"Livermore, IA",359
"Livermore, KY",1347
"Livermore Falls, ME",1
"Liverpool, IL",123
"Liverpool, NY",2258
"Liverpool, PA",960
"Liverpool, TX",501
"Livingston, CA",13961
"Livingston, KY",224
"Livingston, LA",1937
"Livingston, MT",7401
"Livingston, NJ",1
"Livingston, TN",4062
"Livingston, WI",647
"Livingston Manor, NY",1
"Livonia, LA",1405
"Livonia, MI",94041
"Livonia, MO",73
"Livonia, NY",1363
"Lizella, GA",1
"Lizemores, WV",1
"Lizton, IN",497
"Lk Forest Park, WA",1
"Lloyd, MT",1
"Loami, IL",749
"Lobata, WV",1
"Lobelville, TN",891
"Loch Sheldrake, NY",1
"Lochbui, CO",1
"Lock Haven, PA",9549
"Lock Springs, MO",56
"Lockbourne, OH",248
"Locke, NY",1
"Lockeford, CA",1
"Lockesburg, AR",722
"Lockhart, FL",1
"Lockhart, MN",1
"Lockhart, TX",13527
"Lockland, OH",3430
"Lockney, TX",1691
"Lockney, WV",1
"Lockport, KY",1
"Lockport, LA",2504
"Lockport, NY",20480
"Lockridge, IA",292
"Lockwood, CA",1
"Lockwood, MO",908
"Lockwood, NY",1
"Loco, OK",119
"Locust, NC",3066
"Locust Dale, VA",1
"Locust Grove, AR",1
"Locust Grove, GA",5940
"Locust Grove, OK",1404
"Locust Grove, VA",1
"Locust Hill, KY",1
"Locust Hill, VA",1
"Locust Valley, NY",1
"Locustville, VA",1
"Loda, IL",397
"Lodge, SC",119
"Lodge Grass, MT",446
"Lodgepole, NE",313
"Lodgepole, SD",1
"Lodi, CA",64641
"Lodi, MO",1
"Lodi, NJ",24778
"Lodi, NY",294
"Lodi, OH",2820
"Lodi, WI",3059
"Logan, AL",1
"Logan, IA",1454
"Logan, KS",549
"Logan, NM",954
"Logan, OH",7085
"Logan, OK",1
"Logan, UT",50676
"Logansport, IN",17780
"Logansport, KY",1
"Logansport, LA",1565
"Loganton, PA",470
"Loganville, GA",11674
"Loganville, WI",309
"Logsden, OR",1
"Lohman, MO",165
"Lohn, TX",1
"Lohrville, IA",351
"Loleta, CA",1
"Lolita, TX",1
"Lolo, MT",1
"Loma, CO",1
"Loma, MT",1
"Loma, ND",15
"Loma Linda, CA",24129
"Loma Mar, CA",1
"Loman, MN",1
"Lomax, IL",414
"Lombard, IL",43815
"Lometa, TX",841
"Lompoc, CA",43712
"Lonaconing, MD",1134
"London, AR",1049
"London, MN",1
"London, OH",10158
"London, TX",1
"London Mills, IL",381
"Londonderry, NH",1
"Londonderry, OH",1
"Lone Grove, OK",5225
"Lone Jack, MO",1160
"Lone Oak, TX",638
"Lone Pine, CA",1
"Lone Rock, IA",141
"Lone Rock, WI",848
"Lone Star, SC",1
"Lone Star, TX",1532
"Lone Tree, IA",1388
"Lone Wolf, OK",415
"Lonedell, MO",1
"Lonepine, MT",1
"Lonetree, WY",1
"Long Beach, CA",470130
"Long Beach, MS",15677
"Long Beach, NY",33717
"Long Beach, WA",1389
"Long Bottom, OH",1
"Long Branch, NJ",30763
"Long Branch, TX",1
"Long Creek, OR",192
"Long Creek, SC",1
"Long Eddy, NY",1
"Long Grove, IA",853
"Long Grove, IL",8147
"Long Island, KS",127
"Long Island, ME",1
"Long Island, VA",1
"Long Lake, MI",1
"Long Lake, MN",1828
"Long Lake, NY",1
"Long Lane, MO",1
"Long Neck, DE",1
"Long Pine, NE",286
"Long Point, IL",216
"Long Pond, PA",1
"Long Valley, NJ",1
"Long Valley, SD",1
"Longbranch, WA",1
"Longdale, OK",257
"Longford, KS",75
"Longisland, NC",1
"Longlake, SD",1
"Longmeadow, MA",1
"Longmont, CO",92858
"Longport, NJ",872
"Longs, SC",1
"Longton, KS",306
"Longview, IL",152
"Longview, TX",82055
"Longview, WA",37337
"Longville, LA",1
"Longville, MN",152
"Longwood, FL",15011
"Longwood, NC",1
"Lonoke, AR",4237
"Lonsdale, AR",95
"Loogootee, IN",2708
"Lookeba, OK",165
"Lookout, WV",1
"Lookout Mountain, GA",1577
"Lookout Mountain, TN",1888
"Loomis, CA",6767
"Loomis, NE",389
"Loomis, SD",1
"Loomis, WA",1
"Loon Lake, WA",1
"Looneyville, WV",1
"Loop, TX",1
"Loose Creek, MO",1
"Lopez, PA",1
"Lopez, WA",1
"Lorain, OH",63730
"Loraine, IL",309
"Loraine, ND",9
"Loraine, TX",587
"Lorane, OR",1
"Loranger, LA",1
"Lore City, OH",318
"Loreauville, LA",893
"Lorena, TX",1744
"Lorenzo, TX",1183
"Loretta, WI",1
"Loretto, KY",709
"Loretto, MN",668
"Loretto, PA",1384
"Loretto, TN",1752
"Loretto, VA",1
"Lorida, FL",1
"Lorimor, IA",345
"Loring, MT",1
"Loring Afb, ME",1
"Loris, SC",2651
"Lorman, MS",1
"Lorraine, KS",135
"Lorraine, NY",1
"Los Alamos, NM",1
"Los Altos, CA",30561
"Los Angeles, CA",3976322
"Los Banos, CA",37643
"Los Gatos, CA",30545
"Los Lunas, NM",15454
"Los Molinos, CA",1
"Los Nietos, CA",1
"Los Osos, CA",1
"Losantville, IN",229
"Lost City, WV",1
"Lost Creek, WV",474
"Lost Hills, CA",1
"Lost Lake, CA",1
"Lost Nation, IA",420
"Lost River, WV",1
"Lost Springs, KS",67
"Lost Springs, WY",4
"Lostant, IL",480
"Lostine, OR",213
"Lothian, MD",1
"Lott, TX",734
"Lottie, LA",1
"Lottsburg, VA",1
"Lotus, CA",1
"Louann, AR",152
"Loudon, TN",5750
"Loudonville, NY",1
"Loudonville, OH",2642
"Louellen, KY",1
"Louin, MS",268
"Louisa, VA",1650
"Louisburg, KS",4382
"Louisburg, MN",44
"Louisburg, MO",121
"Louisburg, NC",3553
"Louise, MS",182
"Louise, TX",1
"Louisiana, MO",3281
"Louisville, AL",477
"Louisville, CO",20801
"Louisville, GA",2383
"Louisville, KS",209
"Louisville, KY",616261
"Louisville, MS",6324
"Louisville, NE",1224
"Louisville, OH",9356
"Louisville, TN",4127
"Loup City, NE",1000
"Lovelady, TX",621
"Loveland, CO",76897
"Loveland, OH",12732
"Loveland, OK",12
"Lovell, ME",1
"Lovell, WY",2421
"Lovelock, NV",1841
"Lovely, KY",1
"Loves Park, IL",23413
"Lovettsville, VA",1985
"Loveville, MD",1
"Lovilia, IA",510
"Loving, NM",1395
"Loving, TX",1
"Lovingston, VA",1
"Lovington, IL",1092
"Lovington, NM",11399
"Lowden, IA",773
"Lowden, WA",1
"Lowell, AR",8922
"Lowell, IN",9519
"Lowell, MA",110558
"Lowell, MI",4044
"Lowell, NC",3698
"Lowell, OH",545
"Lowell, OR",1095
"Lowell, VT",1
"Lowell, WI",322
"Lowellville, OH",1105
"Lower Brule, SD",1
"Lower Kalskag, AK",309
"Lower Lake, CA",1
"Lower Peach Tree, AL",1
"Lowesville, VA",1
"Lowgap, NC",1
"Lowland, NC",1
"Lowland, TN",1
"Lowman, ID",1
"Lowman, NY",1
"Lowndes, MO",1
"Lowndesville, SC",123
"Lowry, MN",298
"Lowry, VA",1
"Lowry City, MO",613
"Loxahatchee, FL",1
"Loxley, AL",2017
"Loyal, OK",81
"Loyal, WI",1240
"Loyalhanna, PA",1
"Loyalton, CA",695
"Loysburg, PA",1
"Loysville, PA",1
"Lu Verne, IA",252
"Luana, IA",280
"Lubbock, TX",252506
"Lubec, ME",1
"Lublin, WI",116
"Lucama, NC",1128
"Lucan, MN",181
"Lucas, IA",212
"Lucas, KS",393
"Lucas, KY",1
"Lucas, OH",592
"Lucas, SD",1
"Lucasville, OH",1
"Lucerne, CA",1
"Lucerne, IN",1
"Lucerne, MO",83
"Lucerne Valley, CA",1
"Lucernemines, PA",1
"Lucien, OK",1
"Lucile, ID",1
"Lucinda, PA",1
"Luck, WI",1073
"Luckey, OH",1045
"Ludell, KS",1
"Ludington, MI",8070
"Ludlow, CA",1
"Ludlow, IL",358
"Ludlow, KY",4524
"Ludlow, MA",1
"Ludlow, MO",132
"Ludlow, PA",1
"Ludlow, SD",1
"Ludlow, VT",781
"Ludlow Falls, OH",213
"Ludowici, GA",2162
"Luebbering, MO",1
"Lueders, TX",336
"Lugoff, SC",1
"Lukachukai, AZ",1
"Luke, MD",63
"Luke Afb, AZ",2
"Lula, GA",2882
"Luling, LA",1
"Luling, TX",5878
"Lulu, FL",1
"Lumber Bridge, NC",92
"Lumber City, GA",1264
"Lumberport, WV",859
"Lumberton, MS",2226
"Lumberton, NC",21499
"Lumberton, NJ",1
"Lumberville, PA",1
"Lummi Island, WA",1
"Lumpkin, GA",1091
"Luna Pier, MI",1377
"Lund, NV",1
"Lundys Lane, PA",1
"Lunenburg, MA",1
"Lunenburg, VA",1
"Lunenburg, VT",1
"Luning, NV",1
"Lupton, MI",1
"Luray, KS",196
"Luray, MO",94
"Luray, SC",121
"Luray, TN",1
"Luray, VA",4816
"Lurgan, PA",1
"Lusby, MD",1
"Lusk, WY",1599
"Lustre, MT",1
"Lutcher, LA",3362
"Luther, IA",122
"Luther, IL",1
"Luther, MI",316
"Luther, MT",1
"Luther, OK",1604
"Luthersburg, PA",1
"Luthersville, GA",817
"Lutherville, MD",1
"Lutsen, MN",1
"Luttrell, TN",1089
"Lutts, TN",1
"Lutz, FL",1
"Luverne, AL",2825
"Luverne, MN",4658
"Luverne, ND",31
"Luxemburg, WI",2557
"Luxora, AR",1075
"Luzerne, IA",95
"Luzerne, MI",1
"Luzerne, PA",2801
"Lycan, CO",1
"Lyerly, GA",528
"Lyford, TX",2595
"Lykens, PA",1751
"Lyle, MN",541
"Lyle, WA",1
"Lyman, NE",328
"Lyman, SC",3476
"Lyman, WA",454
"Lyman, WY",2072
"Lyme, NH",1
"Lynbrook, NY",19567
"Lynch, KY",694
"Lynch, NE",226
"Lynch Station, VA",1
"Lynchburg, IL",1
"Lynchburg, MO",1
"Lynchburg, OH",1484
"Lynchburg, SC",350
"Lynchburg, TN",1
"Lynchburg, VA",80212
"Lynd, MN",444
"Lyndeborough, NH",1
"Lynden, WA",13952
"Lyndhurst, NJ",1
"Lyndhurst Mayfie, OH",1
"Lyndon, IL",620
"Lyndon, KS",1022
"Lyndon, KY",11407
"Lyndon Center, VT",1
"Lyndon Station, WI",479
"Lyndonville, NY",797
"Lyndonville, VT",1172
"Lyndora, PA",1
"Lynn, AL",638
"Lynn, AR",276
"Lynn, IN",1052
"Lynn, KY",1
"Lynn, MA",92697
"Lynn Center, IL",1
"Lynn Garden, TN",1
"Lynn Haven, FL",20850
"Lynnfield, MA",1
"Lynnville, IA",390
"Lynnville, IN",934
"Lynnville, TN",295
"Lynnwood, WA",38092
"Lynwood, CA",71187
"Lyon, MS",319
"Lyon Mountain, NY",1
"Lyons, CO",2148
"Lyons, GA",4369
"Lyons, IL",10621
"Lyons, IN",720
"Lyons, KS",3671
"Lyons, MI",792
"Lyons, NE",814
"Lyons, NY",1
"Lyons, OH",558
"Lyons, OR",1204
"Lyons Falls, NY",561
"Lysite, WY",1
"Lytle, TX",2898
"Lytle Creek, CA",1
"Lytton, IA",299
"M M, GA",1
"Mabel, MN",762
"Maben, MS",864
"Maben, WV",1
"Mabie, WV",1
"Mableton, GA",1
"Mabton, WA",2295
"Mac Dougall, NY",1
"Mac Mahan, ME",1
"Macarthur, PA",1
"Macclenny, FL",6562
"Macdoel, CA",1
"Macedon, NY",1465
"Macedonia, IA",245
"Macedonia, IL",62
"Macedonia, OH",11899
"Maceo, KY",1
"Macfarlan, WV",1
"Machias, ME",1
"Machias, NY",1
"Machiasport, ME",1
"Machipongo, VA",1
"Mack, CO",1
"Mackay, ID",477
"Mackinac Island, MI",477
"Mackinaw, IL",1925
"Macks Creek, MO",1
"Macksburg, IA",115
"Macksburg, OH",186
"Macksville, KS",537
"Mackville, KY",227
"Macomb, IL",18352
"Macomb, MI",1
"Macomb, MO",1
"Macomb, OK",33
"Macon, GA",3
"Macon, IL",1127
"Macon, MO",5377
"Macon, MS",2614
"Macon, NC",114
"Macungie, PA",3149
"Macy, IN",206
"Macy, NE",1
"Mad River, CA",1
"Madawaska, ME",1
"Madbury, NH",1
"Madden, MS",1
"Maddox, MD",1
"Madeira, OH",9049
"Madeira Beach, FL",4412
"Madelia, MN",2239
"Madera, CA",64444
"Madera, PA",1
"Madison, AL",47959
"Madison, CA",1
"Madison, CT",1
"Madison, FL",2853
"Madison, GA",4060
"Madison, IL",3846
"Madison, IN",11985
"Madison, KS",641
"Madison, ME",1
"Madison, MN",1432
"Madison, MO",535
"Madison, MS",26031
"Madison, NC",2183
"Madison, NE",2364
"Madison, NH",1
"Madison, NJ",16072
"Madison, NY",295
"Madison, OH",3148
"Madison, PA",377
"Madison, SC",1
"Madison, SD",7425
"Madison, TN",1
"Madison, WI",252551
"Madison, WV",2865
"Madison Heights, MI",30088
"Madison Heights, VA",1
"Madison Lake, MN",1141
"Madisonburg, PA",1
"Madisonville, KY",19399
"Madisonville, LA",835
"Madisonville, OH",1
"Madisonville, TX",4636
"Madras, OR",6729
"Madrid, IA",2597
"Madrid, NE",231
"Madrid, NY",1
"Maeystown, IL",158
"Magalia, CA",1
"Magazine, AR",825
"Magee, MS",4315
"Maggie Valley, NC",1290
"Magna, UT",1
"Magness, AR",202
"Magnet, IN",1
"Magnet, NE",56
"Magnetic Springs, OH",281
"Magnolia, AL",1
"Magnolia, AR",11601
"Magnolia, DE",235
"Magnolia, IA",173
"Magnolia, IL",250
"Magnolia, KY",1
"Magnolia, MN",219
"Magnolia, MS",2330
"Magnolia, NC",946
"Magnolia, NJ",4299
"Magnolia, OH",973
"Magnolia, TX",1985
"Magnolia Springs, AL",802
"Magnolia Springs, TX",1
"Mahanoy City, PA",4006
"Mahaska, KS",79
"Mahnomen, MN",1229
"Mahomet, IL",8287
"Mahone, WV",1
"Mahopac, NY",1
"Mahto, SD",1
"Mahtowa, MN",1
"Mahwah, NJ",1
"Maida, ND",1
"Maiden, NC",3392
"Maiden Rock, WI",120
"Maidsville, WV",1
"Maine, NY",1
"Mainesburg, PA",1
"Maineville, OH",1056
"Maitland, MO",307
"Maize, KS",4438
"Makanda, IL",544
"Makawao, HI",1
"Makaweli, HI",1
"Makinen, MN",1
"Makoti, ND",148
"Malad City, ID",2072
"Malaga, NJ",1
"Malaga, WA",1
"Malakoff, TX",2316
"Malcolm, NE",403
"Malcom, IA",276
"Malden, IL",347
"Malden, MA",60840
"Malden, MO",4064
"Malden, WV",1
"Malden Bridge, NY",1
"Malibu, CA",12879
"Malin, OR",809
"Malinta, OH",261
"Maljamar, NM",1
"Mallard, IA",266
"Mallie, KY",1
"Mallory, NY",1
"Malmo, NE",118
"Malo, WA",1
"Malone, FL",2084
"Malone, NY",5686
"Malone, TX",269
"Malone, WI",1
"Maloneton, KY",1
"Maloy, IA",29
"Malta, IL",1153
"Malta, MT",1950
"Malta, OH",657
"Malvern, AL",1437
"Malvern, AR",10941
"Malvern, IA",1084
"Malvern, OH",1153
"Malverne, NY",8544
"Mamaroneck, NY",19356
"Mammoth, AZ",1519
"Mammoth, WV",1
"Mammoth Cave Nat, KY",1
"Mammoth Spring, AR",961
"Mamou, LA",3187
"Manahawkin, NJ",1
"Manakin Sabot, VA",1
"Manalapan, NJ",1
"Manasquan, NJ",5818
"Manassas, GA",88
"Manassas, VA",41483
"Manassas Park, VA",15915
"Manawa, IA",1
"Manawa, WI",1301
"Mancelona, MI",1363
"Manchaca, TX",1
"Manchester, CA",1
"Manchester, CT",1
"Manchester, GA",4061
"Manchester, IA",5053
"Manchester, KS",97
"Manchester, MA",1
"Manchester, MD",4818
"Manchester, ME",1
"Manchester, MI",2145
"Manchester, MN",55
"Manchester, MO",18146
"Manchester, NH",110506
"Manchester, NY",1649
"Manchester, OH",1978
"Manchester, OK",102
"Manchester, PA",2746
"Manchester, TN",10617
"Manchester Cente, VT",1
"Mancos, CO",1460
"Mandan, ND",21769
"Mandaree, ND",1
"Manderson, SD",1
"Manderson, WY",118
"Mandeville, LA",12424
"Manfred, ND",2
"Mangham, LA",645
"Manhattan, IL",7546
"Manhattan, KS",54983
"Manhattan, MT",1691
"Manhattan, NY",1643734
"Manhattan Beach, CA",35741
"Manhattan Beach, MN",58
"Manheim, PA",4856
"Manheim, WV",1
"Manila, KY",1
"Manila, UT",324
"Manilla, IA",764
"Manilla, IN",1
"Manito, IL",1503
"Manitou, KY",1
"Manitou Beach, MI",1
"Manitou Springs, CO",5317
"Manitowish Water, WI",1
"Manitowoc, WI",32936
"Mankato, KS",821
"Mankato, MN",41720
"Manley Hot Sprin, AK",1
"Manlius, NY",4539
"Manly, IA",1305
"Mannford, OK",3139
"Manning, AR",1
"Manning, IA",1455
"Manning, ND",1
"Manning, OR",1
"Mannington, WV",2059
"Manns Choice, PA",295
"Mannsville, NY",347
"Mannsville, OK",856
"Manokotak, AK",447
"Manor, DE",1
"Manor, GA",1
"Manor, PA",3321
"Manor, TX",8423
"Manorville, NY",1
"Manorville, PA",389
"Manquin, VA",1
"Manset, ME",1
"Mansfield, AR",1089
"Mansfield, GA",440
"Mansfield, IL",876
"Mansfield, LA",4913
"Mansfield, MA",1
"Mansfield, MO",1261
"Mansfield, OH",46678
"Mansfield, PA",3211
"Mansfield, SD",1
"Mansfield, TN",1
"Mansfield, TX",65631
"Mansfield, WA",334
"Mansfield Center, CT",1
"Manson, IA",1614
"Manson, NC",1
"Manson, WA",1
"Mansura, LA",1422
"Mantachie, MS",1132
"Mantador, ND",64
"Manteca, CA",76908
"Mantee, MS",221
"Manteno, IL",8969
"Manteo, NC",1407
"Manter, KS",160
"Manti, UT",3396
"Mantoloking, NJ",251
"Manton, CA",1
"Manton, MI",1415
"Mantorville, MN",1210
"Mantua, NJ",1
"Mantua, OH",1019
"Mantua, UT",786
"Manvel, ND",375
"Manvel, TX",8939
"Manville, IL",1
"Manville, NJ",10430
"Manville, RI",1
"Many, LA",2790
"Many Farms, AZ",1
"Manzanola, CO",416
"Mapes, ND",1
"Maple, NC",1
"Maple, TX",1
"Maple, WI",1
"Maple City, KS",1
"Maple City, MI",1
"Maple Glen, PA",1
"Maple Grove, MN",69576
"Maple Heights, OH",22478
"Maple Hill, CT",1
"Maple Hill, KS",617
"Maple Hill, NC",1
"Maple Lake, MN",2109
"Maple Park, IL",1304
"Maple Plain, MN",1807
"Maple Shade, NJ",1
"Maple Valley, WA",25698
"Maplecrest, NY",1
"Maplesville, AL",703
"Mapleton, IA",1199
"Mapleton, IL",279
"Mapleton, KS",82
"Mapleton, ME",1
"Mapleton, MN",1706
"Mapleton, OR",1
"Mapleton, UT",9512
"Mapleton Depot, PA",1
"Maplewood, ME",1
"Maplewood, MN",40150
"Maplewood, MO",7868
"Maplewood, NJ",1
"Maplewood, OH",1
"Mappsville, VA",1
"Maquoketa, IA",5979
"Maquon, IL",280
"Maramec, OK",91
"Marana, AZ",43474
"Marathon, FL",8910
"Marathon, IA",239
"Marathon, NY",878
"Marathon, TX",1
"Marathon, WI",1507
"Marble, CO",136
"Marble, NC",1
"Marble, PA",1
"Marble Canyon, AZ",1
"Marble Hill, GA",1
"Marble Rock, IA",297
"Marblehead, MA",1
"Marbleton, WY",1069
"Marbury, AL",1
"Marceline, MO",2129
"Marcell, MN",1
"Marcella, AR",1
"Marcellus, MI",1151
"Marcellus, NY",1773
"Marchand, PA",1
"Marco Island, FL",1
"Marcola, OR",1
"Marcus, IA",1065
"Marcus, SD",1
"Marcy, NY",1
"Mardela Springs, MD",351
"Mare Island, CA",1
"Marengo, IA",2491
"Marengo, IL",7445
"Marengo, IN",816
"Marengo, OH",346
"Marengo, WI",1
"Marenisco, MI",1
"Marfa, TX",1747
"Marfrance, WV",1
"Margarettsville, NC",1
"Margate, FL",57870
"Margate City, NJ",6142
"Maria Stein, OH",1
"Mariah Hill, IN",1
"Marianna, AR",3599
"Marianna, FL",9052
"Marianna, PA",475
"Marianna, WV",1
"Mariba, KY",1
"Maribel, WI",342
"Maricopa, CA",1183
"Marienville, PA",1
"Marietta, GA",60941
"Marietta, IL",107
"Marietta, MN",150
"Marietta, MS",255
"Marietta, NY",1
"Marietta, OH",13650
"Marietta, OK",2759
"Marietta, PA",2601
"Marietta, SC",1
"Marietta, TX",133
"Marilla, NY",1
"Marina, CA",21688
"Marina Del Rey, CA",1
"Marine, IL",929
"Marine Corp Base, CA",1
"Marine Corps Log, GA",1
"Marine On Saint, MN",1
"Marinette, WI",10695
"Marion, AL",3432
"Marion, AR",12362
"Marion, IA",38480
"Marion, IL",17826
"Marion, IN",28592
"Marion, KS",1838
"Marion, KY",2981
"Marion, MA",1
"Marion, MI",853
"Marion, MT",1
"Marion, NC",7849
"Marion, ND",133
"Marion, NY",1
"Marion, OH",36310
"Marion, SC",6711
"Marion, SD",779
"Marion, TX",1109
"Marion, VA",5855
"Marion, WI",1207
"Marion Center, PA",430
"Marion Heights, PA",595
"Marion Junction, AL",1
"Marion Station, MD",1
"Marionville, MO",2197
"Mariposa, CA",1
"Marissa, IL",1836
"Mark Center, OH",1
"Marked Tree, AR",2505
"Markesan, WI",1410
"Markham, IL",12565
"Markham, TX",1
"Markham, VA",1
"Markle, IN",1088
"Markleton, PA",1
"Markleville, IN",515
"Markleysburg, PA",277
"Marks, MS",1551
"Marksville, LA",5518
"Markville, MN",1
"Marland, OK",222
"Marlboro, NJ",1
"Marlboro, NY",1
"Marlborough, CT",1
"Marlborough, MA",39697
"Marlborough, NH",1
"Marlette, MI",1777
"Marlin, TX",5671
"Marlin, WA",1
"Marlow, NH",1
"Marlow, OK",4541
"Marlton, NJ",1
"Marmaduke, AR",1221
"Marmarth, ND",144
"Marmet, WV",1429
"Marmora, NJ",1
"Marne, IA",114
"Marne, MI",1
"Maroa, IL",1726
"Marquand, MO",208
"Marquette, IA",453
"Marquette, KS",611
"Marquette, NE",232
"Marquette, WI",147
"Marquez, TX",268
"Marrero, LA",1
"Marriottsville, MD",1
"Mars, PA",1645
"Mars Hill, ME",1
"Mars Hill, NC",2197
"Marseilles, IL",4924
"Marshall, AK",445
"Marshall, AR",1313
"Marshall, CA",1
"Marshall, IL",3878
"Marshall, IN",319
"Marshall, MI",7035
"Marshall, MN",13664
"Marshall, OK",302
"Marshall, TX",23561
"Marshall, VA",1
"Marshall, WI",3938
"Marshallberg, NC",1
"Marshallton, DE",1
"Marshalltown, IA",27328
"Marshallville, GA",1312
"Marshallville, OH",760
"Marshfield, IN",1
"Marshfield, MA",1
"Marshfield, MO",7245
"Marshfield, VT",261
"Marshfield, WI",18467
"Marshville, NC",2655
"Marsing, ID",1282
"Marsland, NE",1
"Marsteller, PA",1
"Marston, MO",467
"Marston, NC",1
"Marstons Mills, MA",1
"Mart, TX",1901
"Martel, OH",1
"Martell, NE",1
"Martelle, IA",252
"Martha, KY",1
"Marthaville, LA",1
"Martin, GA",371
"Martin, MI",420
"Martin, ND",77
"Martin, SC",1
"Martin, TN",10768
"Martin City, MO",1
"Martindale, TX",1237
"Martinez, GA",1
"Martins Ferry, OH",6756
"Martinsburg, MO",307
"Martinsburg, OH",232
"Martinsburg, PA",1894
"Martinsburg, WV",17687
"Martinsdale, MT",1
"Martinsville, IL",1133
"Martinsville, MO",1
"Martinsville, NJ",1
"Martinsville, OH",453
"Martinsville, VA",13445
"Martinton, IL",369
"Martville, NY",1
"Marty, SD",1
"Marvel Cave Park, MO",1
"Marvell, AR",1015
"Marvin, SD",32
"Marwood, PA",1
"Mary Alice, KY",1
"Mary Esther, FL",4289
"Marydel, DE",1
"Marydel, MD",141
"Maryland, NY",1
"Maryland Heights, MO",27137
"Maryneal, TX",1
"Marysvale, UT",403
"Marysville, CA",12249
"Marysville, IN",1
"Marysville, KS",3294
"Marysville, MI",9735
"Marysville, OH",23406
"Marysville, PA",2532
"Marysville, WA",67626
"Maryville, MO",11846
"Maryville, TN",28703
"Mascot, TN",1
"Mascot, VA",1
"Mascoutah, IL",7963
"Mashpee, MA",1
"Maskell, NE",73
"Mason, IL",342
"Mason, MI",8395
"Mason, NH",1
"Mason, OH",33037
"Mason, TN",1578
"Mason, TX",2180
"Mason, WV",933
"Mason City, IA",27430
"Mason City, NE",170
"Mason Neck, VA",1
"Masonville, IA",124
"Masonville, NY",1
"Maspeth, NY",1
"Mass City, MI",1
"Massapequa Park, NY",17202
"Massena, IA",345
"Massena, NY",10468
"Massey, MD",1
"Massillon, OH",32258
"Mastic, NY",1
"Mastic Beach, NY",14760
"Masury, OH",1
"Matador, TX",589
"Matagorda, TX",1
"Matamoras, PA",2364
"Matawan, NJ",8848
"Matfield Green, KS",45
"Matheny, WV",1
"Mather, PA",1
"Mather, WI",1
"Mather Afb, CA",1
"Matherville, IL",673
"Matherville, MS",1
"Matheson, CO",1
"Mathews, AL",1
"Mathews, LA",1
"Mathews, VA",1
"Mathias, WV",1
"Mathis, TX",4935
"Mathiston, MS",666
"Matlock, WA",1
"Mattapan, MA",1
"Mattapoisett, MA",1
"Mattawa, WA",4413
"Mattawamkeag, ME",1
"Mattawan, MI",1944
"Matteson, IL",19097
"Matthews, GA",1
"Matthews, MO",616
"Mattituck, NY",1
"Mattoon, IL",18028
"Mattydale, NY",1
"Mauckport, IN",81
"Maud, KY",1
"Maud, OK",1075
"Maud, TX",1069
"Maugansville, MD",1
"Mauk, GA",1
"Mauldin, SC",25188
"Maumee, OH",13874
"Maumelle, AR",18122
"Maunaloa, HI",1
"Maupin, OR",434
"Maurepas, LA",1
"Maurertown, VA",1
"Maurice, IA",278
"Maurice, LA",1283
"Mauston, WI",4375
"Mavisdale, VA",1
"Max, MN",1
"Max, ND",354
"Max, NE",1
"Maxbass, ND",85
"Maxton, NC",2434
"Maxwell, CA",1
"Maxwell, IA",926
"Maxwell, NE",301
"Maxwell, NM",225
"Maxwell, TX",1
"Maxwell A F B, AL",1
"Maxwelton, WV",1
"May, OK",40
"May, TX",1
"Maybee, MI",541
"Maybell, CO",1
"Maybrook, NY",3428
"Mayer, AZ",1
"Mayer, MN",1984
"Mayersville, MS",541
"Mayetta, KS",337
"Mayfair, NY",1
"Mayfield, KS",109
"Mayfield, KY",9999
"Mayfield, NY",800
"Mayfield, PA",1723
"Mayflower, AR",2430
"Mayhill, NM",1
"Maylene, AL",1
"Maynard, AR",417
"Maynard, IA",497
"Maynard, MA",1
"Maynard, MN",350
"Maynardville, TN",2357
"Mayo, FL",1232
"Mayodan, NC",2450
"Maypearl, TX",1016
"Mayport, PA",1
"Mays Landing, NJ",1
"Mays Lick, KY",1
"Maysel, WV",1
"Maysville, AR",1
"Maysville, GA",1889
"Maysville, MO",1087
"Maysville, NC",978
"Maysville, OK",1231
"Maysville, WV",1
"Mayview, MO",208
"Mayville, MI",911
"Mayville, ND",1830
"Mayville, NY",1654
"Mayville, WI",4941
"Maywood, CA",27633
"Maywood, MO",1
"Maywood, NE",248
"Maywood, NJ",9785
"Maza, ND",1
"Mazama, WA",1
"Mazeppa, MN",828
"Mazomanie, WI",1699
"Mazon, IL",978
"Mc Alister, NM",1
"Mc Alisterville, PA",1
"Mc Alpin, FL",1
"Mc Andrews, KY",1
"Mc Bain, MI",1
"Mc Bee, SC",1
"Mc Call, ID",1
"Mc Call Creek, MS",1
"Mc Calla, AL",1
"Mc Callsburg, IA",1
"Mc Camey, TX",1
"Mc Cammon, ID",1
"Mc Carley, MS",1
"Mc Carr, KY",1
"Mc Caskill, AR",1
"Mc Caulley, TX",1
"Mc Caysville, GA",1
"Mc Clave, CO",1
"Mc Cleary, WA",1
"Mc Clelland, IA",1
"Mc Clellanville, SC",1
"Mc Clure, IL",1
"Mc Clure, OH",1
"Mc Clure, PA",1
"Mc Clure, VA",1
"Mc Clurg, MO",1
"Mc Coll, SC",1
"Mc Comb, MS",1
"Mc Comb, OH",1
"Mc Combs, KY",1
"Mc Connell, IL",1
"Mc Connell A F B, KS",1
"Mc Connells, SC",1
"Mc Connellsburg, PA",1
"Mc Connellsville, NY",1
"Mc Connelsville, OH",1
"Mc Cook, NE",1
"Mc Cool, MS",1
"Mc Cool Junction, NE",1
"Mc Cordsville, IN",1
"Mc Cormick, SC",1
"Mc Coy, CO",1
"Mc Coy, TX",1
"Mc Cracken, KS",1
"Mc Crory, AR",1
"Mc Cune, KS",1
"Mc Cutchenville, OH",1
"Mc Dade, TX",1
"Mc Daniels, KY",1
"Mc Dermott, OH",1
"Mc Donald, KS",1
"Mc Donald, OH",1
"Mc Donald, PA",1
"Mc Donald, TN",1
"Mc Donough, GA",1
"Mc Donough, NY",1
"Mc Dougal, AR",1
"Mc Dowell, VA",1
"Mc Dowell, WV",1
"Mc Ewen, TN",1
"Mc Fadden, WY",1
"Mc Fall, MO",1
"Mc Farland, CA",1
"Mc Farland, WI",1
"Mc Gaheysville, VA",1
"Mc Gaw Park, IL",1
"Mc Gee, MO",1
"Mc Gees Mills, PA",1
"Mc Gehee, AR",1
"Mc Grady, NC",1
"Mc Grann, PA",1
"Mc Grath, AK",1
"Mc Grath, MN",1
"Mc Graw, NY",1
"Mc Gregor, IA",1
"Mc Gregor, MN",1
"Mc Gregor, TX",1
"Mc Guire Afb, NJ",1
"Mc Henry, IL",1
"Mc Henry, MS",1
"Mc Intire, IA",1
"Mc Intosh, AL",1
"Mc Intosh, SD",1
"Mc Intyre, GA",1
"Mc Kean, PA",1
"Mc Kees Rocks, PA",1
"Mc Keesport, PA",2
"Mc Kenney, VA",1
"Mc Kenzie, AL",1
"Mc Kenzie, TN",1
"Mc Kenzie Bridge, OR",1
"Mc Kinleyville, CA",1
"Mc Kinney, TX",2
"Mc Kinnon, WY",1
"Mc Kittrick, CA",1
"Mc Knight, PA",1
"Mc Kownville, NY",1
"Mc Laughlin, SD",1
"Mc Lean, IL",1
"Mc Lean, VA",1
"Mc Leansboro, IL",1
"Mc Leansville, NC",1
"Mc Leod, MT",1
"Mc Loud, OK",1
"Mc Louth, KS",1
"Mc Mechen, WV",1
"Mc Millan, MI",1
"Mc Millan, OK",1
"Mc Murray, PA",1
"Mc Nabb, IL",1
"Mc Neal, AZ",1
"Mc Neil, AR",1
"Mc Queeney, TX",1
"Mc Rae, AR",1
"Mc Rae, GA",1
"Mc Sherrystown, PA",1
"Mc Veigh, KY",1
"Mc Veytown, PA",1
"Mcadoo, PA",2193
"Mcadoo, TX",1
"Mcalester, OK",18206
"Mcallen, TX",142212
"Mcarthur, CA",1
"Mccanna, ND",1
"Mcclellan Afb, CA",1
"Mccloud, CA",1
"Mcclusky, ND",378
"Mccoole, MD",1
"Mccurtain, OK",511
"Mcdaniel, MD",1
"Mcdonald, NC",113
"Mcgregor, ND",1
"Mchenry, ND",55
"Mcintosh, MN",618
"Mckenzie, ND",1
"Mclean, NE",35
"Mcleod, ND",1
"Mcminnville, OR",34690
"Mcnary, OR",1
"Mcvey, IL",1
"Mead, NE",551
"Mead, OK",128
"Mead, WA",1
"Mead Valley, CA",1
"Meade, KS",1586
"Meador, WV",1
"Meadow, SD",1
"Meadow, TX",596
"Meadow Bluff, WV",1
"Meadow Bridge, WV",357
"Meadow Creek, WV",1
"Meadow Grove, NE",301
"Meadow Valley, CA",1
"Meadow Vista, CA",1
"Meadowbrook, PA",1
"Meadowbrook, WV",1
"Meadowlands, MN",133
"Meadows Of Dan, VA",1
"Meadows Village, FL",1
"Meadowview, VA",1
"Meadview, AZ",1
"Meadville, MO",444
"Meadville, MS",432
"Meadville, PA",12964
"Meally, KY",1
"Means, KY",1
"Meansville, GA",183
"Mears, MI",1
"Mears, VA",1
"Mebane, NC",14117
"Mechanic Falls, ME",1
"Mechanicsburg, OH",1593
"Mechanicstown, OH",1
"Mechanicsville, IA",1120
"Mechanicsville, MD",1
"Mechanicsville, PA",445
"Mechanicsville, VA",1
"Mechanicville, NY",5100
"Meckling, SD",1
"Mecosta, MI",455
"Medaryville, IN",581
"Meddybemps, ME",1
"Medfield, MA",1
"Medford, MA",57213
"Medford, MN",1256
"Medford, NY",1
"Medford, OK",974
"Medford, OR",81636
"Medford, WI",4337
"Medford Lakes, NJ",4053
"Media, IL",100
"Mediapolis, IA",1553
"Medical Springs, OR",1
"Medicine Bow, WY",270
"Medicine Lake, MT",241
"Medicine Lodge, KS",1930
"Medimont, ID",1
"Medina, ND",302
"Medina, NY",5784
"Medina, OH",26261
"Medina, TN",4182
"Medina, TX",1
"Medinah, IL",1
"Medley, WV",1
"Medomak, ME",1
"Medon, TN",163
"Medora, IL",403
"Medora, IN",689
"Medora, KS",1
"Medora, ND",132
"Medusa, NY",1
"Medway, MA",1
"Medway, ME",1
"Medway, OH",1
"Meeker, CO",2352
"Meeker, OK",1174
"Meeteetse, WY",327
"Meggett, SC",1327
"Meherrin, VA",1
"Mehoopany, PA",1
"Meigs, GA",1038
"Mekinock, ND",1
"Mekoryuk, AK",202
"Melba, ID",527
"Melber, KY",1
"Melbourne, FL",81185
"Melbourne, IA",820
"Melbourne, KY",467
"Melbourne Beach, FL",3276
"Melbourne Villag, FL",1
"Melcher-Dallas, IA",1254
"Melcroft, PA",1
"Melder, LA",1
"Melfa, VA",398
"Melissa, TX",8423
"Mellen, WI",696
"Mellette, SD",218
"Mellwood, AR",1
"Melmore, OH",1
"Melrose, FL",1
"Melrose, IA",109
"Melrose, MA",27928
"Melrose, MN",3611
"Melrose, NM",642
"Melrose, NY",1
"Melrose, TN",1
"Melrose, WI",491
"Melrose Park, IL",25229
"Melrude, MN",1
"Melvern, KS",363
"Melville, LA",1053
"Melville, MT",1
"Melville, NY",1
"Melvin, IA",203
"Melvin, IL",431
"Melvin, MI",172
"Melvin, TX",177
"Melvindale, MI",10322
"Memphis, IN",1
"Memphis, MO",1854
"Memphis, NY",1
"Memphis, TN",652717
"Memphis, TX",2137
"Mena, AR",5642
"Menahga, MN",1326
"Menan, ID",781
"Menard, TX",1393
"Menasha, WI",17856
"Mendenhall, MS",2457
"Mendham, NJ",4988
"Mendocino, CA",1
"Mendon, IL",942
"Mendon, MA",1
"Mendon, MI",856
"Mendon, MO",165
"Mendon, NY",1
"Mendon, OH",648
"Mendon, UT",1386
"Mendota, CA",11418
"Mendota, IL",7158
"Mendota, MN",211
"Mendota, VA",1
"Menifee, CA",88531
"Menlo, IA",342
"Menlo, KS",60
"Menno, SD",620
"Meno, OK",243
"Menoken, ND",1
"Menominee, MI",8279
"Menomonee Falls, WI",36769
"Menomonie, WI",1
"Mentone, AL",366
"Mentone, CA",1
"Mentone, IN",979
"Mentone, TX",1
"Mentor, KS",1
"Mentor, MN",150
"Mentor, OH",46732
"Meppen, IL",1
"Mequon, WI",24086
"Mer Rouge, LA",584
"Meraux, LA",1
"Merced, CA",82594
"Mercedes, TX",16624
"Mercer, MO",313
"Mercer, ND",97
"Mercer, PA",1911
"Mercer, TN",1
"Mercer, WI",1
"Mercer Island, WA",25134
"Mercersburg, PA",1554
"Mercerville, NJ",1
"Merchantville, NJ",3766
"Meredith, CO",1
"Meredith, NH",1
"Meredith, NY",1
"Merepoint, ME",1
"Mereta, TX",1
"Meridale, NY",1
"Meriden, CT",59622
"Meriden, IA",148
"Meriden, KS",783
"Meriden, MN",1
"Meriden, NH",1
"Meriden, WY",1
"Meridian, CA",1
"Meridian, GA",1
"Meridian, ID",95623
"Meridian, MS",39113
"Meridian, OK",42
"Meridian, TX",1480
"Meridianville, AL",1
"Merigold, MS",410
"Merion Station, PA",1
"Merkel, TX",2610
"Merlin, OR",1
"Merna, NE",364
"Merom, IN",224
"Merricourt, ND",1
"Merrifield, MN",1
"Merrill, IA",741
"Merrill, MI",738
"Merrill, NY",1
"Merrill, OR",830
"Merrill, WI",9225
"Merrillan, WI",531
"Merrillville, IN",34994
"Merrimac, MA",1
"Merrimac, VA",1
"Merrimac, WI",439
"Merrimack, NH",1
"Merriman, NE",131
"Merrionette Park, IL",1866
"Merritt, MI",1
"Merritt, NC",1
"Merritt Island, FL",2
"Merrittstown, PA",1
"Merry Hill, NC",1
"Mershon, GA",1
"Mertens, TX",125
"Mertzon, TX",760
"Mertztown, PA",1
"Mesa, AZ",484587
"Mesa, CO",1
"Mesa, ID",1
"Mesa, WA",486
"Mescalero, NM",1
"Meservey, IA",249
"Meshoppen, PA",548
"Mesick, MI",400
"Mesilla Park, NM",1
"Mesita, CO",1
"Mesquite, NM",1
"Mesquite, NV",17987
"Mesquite, TX",143736
"Meta, MO",227
"Metairie, LA",5
"Metaline Falls, WA",242
"Metamora, IL",3744
"Metamora, IN",1
"Metamora, MI",568
"Metamora, OH",615
"Metcalf, IL",179
"Methow, WA",1
"Methuen, MA",49917
"Metlakatla, AK",1
"Metropolis, IL",6283
"Metter, GA",4076
"Metuchen, NJ",13871
"Metz, WV",1
"Mexia, TX",7445
"Mexican Hat, UT",1
"Mexican Springs, NM",1
"Mexico, ME",1
"Mexico, MO",11680
"Mexico, NY",1554
"Meyersdale, PA",2065
"Meyersville, TX",1
"Mi Wuk Village, CA",1
"Miami, AZ",1781
"Miami, FL",453579
"Miami, MO",173
"Miami, NM",1
"Miami, OK",13484
"Miami, TX",589
"Miami Shores, FL",10762
"Miami Springs, FL",14431
"Miami University, OH",1
"Miamisburg, OH",19968
"Mica, WA",1
"Micanopy, FL",638
"Michael, IL",1
"Michie, TN",589
"Michigamme, MI",1
"Michigan Center, MI",1
"Michigan City, IN",31157
"Michigan City, MS",1
"Michigantown, IN",450
"Mickleton, NJ",1
"Mico, TX",1
"Mid Venice, FL",1
"Middle Amana, IA",1
"Middle Brook, MO",1
"Middle Granville, NY",1
"Middle Grove, NY",1
"Middle Hope, NY",1
"Middle Island, NY",1
"Middle Point, OH",560
"Middle River, MD",1
"Middle River, MN",291
"Middle Village, NY",1
"Middleboro, MA",1
"Middlebourne, WV",787
"Middlebrook, VA",1
"Middleburg, FL",1
"Middleburg, KY",1
"Middleburg, PA",1307
"Middleburg, VA",828
"Middleburgh, NY",1420
"Middlebury, CT",1
"Middlebury, IN",3575
"Middlebury Cente, PA",1
"Middlefield, CT",1
"Middlefield, MA",1
"Middlefield, OH",2711
"Middlegrove, IL",1
"Middleport, NY",1776
"Middleport, OH",2465
"Middlesboro, KY",1
"Middlesex, NC",825
"Middlesex, NJ",13812
"Middlesex, NY",1
"Middleton, ID",7168
"Middleton, MA",1
"Middleton, MI",1
"Middleton, TN",650
"Middleton, WI",19109
"Middletown, CA",1
"Middletown, CT",46544
"Middletown, DE",20876
"Middletown, IA",334
"Middletown, IL",312
"Middletown, IN",2238
"Middletown, KY",7845
"Middletown, MD",4515
"Middletown, MO",158
"Middletown, NC",1
"Middletown, OH",48813
"Middletown, PA",9229
"Middletown, RI",1
"Middletown, VA",1334
"Middletown Sprin, VT",1
"Middleville, MI",3344
"Middleville, NY",498
"Midfield, AL",5171
"Midfield, TX",1
"Midkiff, TX",1
"Midkiff, WV",1
"Midland, GA",1
"Midland, LA",1
"Midland, MI",42096
"Midland, NC",3501
"Midland, OH",316
"Midland, PA",2539
"Midland, TX",134610
"Midland, VA",1
"Midland City, AL",2366
"Midland Park, NJ",7319
"Midlothian, TX",23689
"Midlothian, VA",2
"Midpark, OH",1
"Midpines, CA",1
"Midvale, ID",162
"Midvale, UT",33035
"Midville, GA",263
"Midway, AL",476
"Midway, AR",386
"Midway, GA",1997
"Midway, KY",1706
"Midway, PA",887
"Midway, TN",1
"Midway, TX",230
"Midway, UT",4898
"Midway City, CA",1
"Midway Park, NC",1
"Midwest, WY",400
"Midwest City, OK",57305
"Mifflin, PA",628
"Mifflinburg, PA",3521
"Mifflintown, PA",928
"Mifflinville, PA",1
"Mikado, MI",1
"Milaca, MN",2901
"Milam, TX",1
"Milam, WV",1
"Milan, GA",760
"Milan, IL",5038
"Milan, IN",1886
"Milan, KS",79
"Milan, MI",6014
"Milan, MN",364
"Milan, MO",1824
"Milan, NH",1
"Milan, OH",1343
"Milan, PA",1
"Milan, TN",7792
"Milano, TX",421
"Milanville, PA",1
"Milbank, SD",3203
"Milbridge, ME",1
"Milburn, NE",1
"Milburn, OK",319
"Mildred, KS",26
"Mildred, MT",1
"Mildred, PA",1
"Miles, IA",440
"Miles, TX",864
"Miles, VA",1
"Miles City, MT",8647
"Mileses, NY",1
"Milesville, SD",1
"Milford, CA",1
"Milford, CT",1
"Milford, DE",10979
"Milford, IA",3055
"Milford, IL",1224
"Milford, IN",1565
"Milford, KS",569
"Milford, MA",1
"Milford, ME",1
"Milford, MI",6471
"Milford, NE",2112
"Milford, NH",1
"Milford, NJ",1189
"Milford, NY",396
"Milford, PA",974
"Milford, TX",747
"Milford, UT",1357
"Milford, VA",1
"Milford Center, OH",840
"Mililani, HI",1
"Mill City, OR",1899
"Mill Creek, IN",1
"Mill Creek, OK",322
"Mill Creek, PA",328
"Mill Creek, WA",20303
"Mill Creek, WV",701
"Mill Hall, PA",1613
"Mill Neck, NY",969
"Mill Run, PA",1
"Mill Shoals, IL",211
"Mill Spring, MO",180
"Mill Spring, NC",1
"Mill Valley, CA",14350
"Milladore, WI",272
"Millard, NE",2
"Millboro Spring, VA",1
"Millbrae, CA",22661
"Millbrook, AL",15413
"Millbrook, NY",1413
"Millburn, NJ",1
"Millbury, MA",1
"Millbury, OH",1245
"Millcreek, IL",1
"Millcreek, MO",1
"Milledgeville, GA",18933
"Milledgeville, IL",977
"Milledgeville, TN",265
"Millen, GA",2889
"Miller, MO",688
"Miller, NE",138
"Miller, SD",1420
"Miller City, IL",1
"Miller Place, NY",1
"Millers, MD",1
"Millers Creek, NC",1
"Millers Falls, MA",1
"Millersburg, IA",158
"Millersburg, IN",937
"Millersburg, MI",197
"Millersburg, OH",3165
"Millersburg, PA",2532
"Millersport, OH",1049
"Millerstown, PA",670
"Millersview, TX",1
"Millersville, MD",1
"Millersville, MO",1
"Millersville, OH",1
"Millersville, PA",8383
"Millerton, IA",46
"Millerton, NY",933
"Millerton, PA",1
"Millerville, AL",1
"Millfield, OH",1
"Millheim, PA",886
"Milligan, NE",275
"Milliken, CO",6678
"Millington, MD",613
"Millington, MI",1024
"Millington, NJ",1
"Millington, TN",10974
"Millinocket, ME",1
"Millis, MA",1
"Millmont, PA",1
"Millport, AL",999
"Millport, NY",291
"Millrift, PA",1
"Millry, AL",522
"Mills, KY",1
"Mills, NE",1
"Mills, NM",1
"Mills, PA",1
"Millsap, TX",431
"Millstadt, IL",3878
"Millstone, KY",1
"Millstone, WV",1
"Milltown, IN",807
"Milltown, KY",1
"Milltown, NJ",7132
"Milltown, WI",878
"Millvale, PA",3653
"Millville, CA",1
"Millville, DE",602
"Millville, MA",1
"Millville, MN",181
"Millville, NJ",28059
"Millville, PA",946
"Millwood, GA",1
"Millwood, KY",1
"Millwood, NY",1
"Millwood, WV",1
"Milmay, NJ",1
"Milmine, IL",1
"Milner, GA",615
"Milnesand, NM",1
"Milo, IA",777
"Milo, MO",89
"Milo, OK",1
"Milpitas, CA",77528
"Milroy, IN",1
"Milroy, MN",243
"Milroy, PA",1
"Milton, DE",2879
"Milton, FL",9839
"Milton, IA",413
"Milton, IL",264
"Milton, IN",459
"Milton, KS",1
"Milton, KY",562
"Milton, MA",1
"Milton, NC",159
"Milton, ND",55
"Milton, NJ",1
"Milton, NY",1
"Milton, PA",6903
"Milton, TN",1
"Milton, VT",1
"Milton, WA",7970
"Milton, WI",5580
"Milton, WV",2614
"Milton Freewater, OR",1
"Milton Mills, NH",1
"Miltona, MN",408
"Miltonvale, KS",510
"Milwaukee, WI",595047
"Milwaukie, OR",20929
"Mimbres, NM",1
"Mims, FL",1
"Mina, SD",1
"Minatare, NE",802
"Minburn, IA",367
"Minco, OK",1646
"Minden, IA",594
"Minden, LA",12577
"Minden, NE",2996
"Minden, NV",1
"Minden City, MI",188
"Mindenmines, MO",349
"Mindoro, WI",1
"Mine Hill, NJ",1
"Mine Run, VA",1
"Mineola, IA",1
"Mineola, NY",19245
"Mineola, TX",4719
"Mineral, CA",1
"Mineral, IL",227
"Mineral, VA",492
"Mineral, WA",1
"Mineral Bluff, GA",1
"Mineral Point, MO",349
"Mineral Point, PA",1
"Mineral Point, WI",2491
"Mineral Ridge, OH",1
"Mineral Springs, AR",1166
"Mineral Wells, TX",14826
"Mineralwells, WV",1
"Minersville, PA",4214
"Minerva, NY",1
"Minerva, OH",3669
"Mineville, NY",1
"Minford, OH",1
"Mingo, IA",300
"Mingo, WV",1
"Mingo Junction, OH",3302
"Mingus, TX",241
"Minidoka, ID",112
"Minier, IL",1214
"Minneapolis, KS",1984
"Minneapolis, MN",413651
"Minnehaha Spring, WV",1
"Minneota, MN",1362
"Minnesota City, MN",200
"Minnesota Lake, MN",657
"Minnetonka, MN",52369
"Minnewaukan, ND",224
"Minnora, WV",1
"Minoa, NY",3492
"Minocqua, WI",1
"Minong, WI",503
"Minonk, IL",2036
"Minooka, IL",11254
"Minor Hill, TN",519
"Minot, ND",48743
"Minot Afb, ND",1
"Minotola, NJ",1
"Minster, OH",2857
"Minter City, MS",1
"Minto, AK",1
"Minturn, AR",103
"Mio, MI",1
"Mira, LA",1
"Mira Loma, CA",1
"Miramar, FL",138449
"Miramonte, CA",1
"Miranda, SD",1
"Mirando City, TX",1
"Mirror Lake, NH",1
"Mishawaka, IN",48679
"Mishicot, WI",1407
"Mission, KS",9443
"Mission, SD",1236
"Mission Hill, SD",173
"Mission Hills, CA",1
"Mission Home, VA",1
"Mission Ridge, SD",1
"Mission Viejo, CA",96396
"Missoula, MT",72364
"Missouri City, TX",74561
"Missouri Valley, IA",2662
"Mistletoe, KY",1
"Mitchell, GA",197
"Mitchell, IL",1
"Mitchell, IN",4244
"Mitchell, LA",1
"Mitchell, NE",1669
"Mitchell, OR",121
"Mitchell, SD",15729
"Mitchells, VA",1
"Mitchellville, IA",2405
"Mitchellville, MD",2
"Mittie, LA",1
"Mize, MS",327
"Mizpah, MN",54
"Moab, UT",5242
"Mobeetie, TX",104
"Moberly, MO",13863
"Mobile, AL",192904
"Mobile, AZ",1
"Mobjack, VA",1
"Mobridge, SD",3570
"Mocanaqua, PA",1
"Moccasin, MT",1
"Mocksville, NC",5266
"Moclips, WA",1
"Modale, IA",260
"Modena, NY",1
"Modena, UT",1
"Modena, WI",1
"Modesto, CA",212175
"Modesto, IL",182
"Modoc, IL",1
"Modoc, IN",190
"Modoc, KS",1
"Modoc, SC",1
"Moffat, CO",118
"Moffett Field, CA",1
"Moffit, ND",1
"Mogadore, OH",3833
"Mohave Valley, AZ",1
"Mohawk, NY",2586
"Mohawk, TN",1
"Mohawk, WV",1
"Mohegan Lake, NY",1
"Mohnton, PA",3044
"Mohonk Lake, NY",1
"Mohrsville, PA",1
"Moiese, MT",1
"Moira, NY",1
"Mojave, CA",1
"Mokane, MO",187
"Mokelumne Hill, CA",1
"Mokena, IL",20097
"Moko, AR",1
"Molalla, OR",9139
"Molena, GA",371
"Moline, IL",42250
"Moline, KS",325
"Molt, MT",1
"Momence, IL",3177
"Mona, UT",1662
"Monaca, PA",5591
"Monahans, TX",7638
"Monango, ND",35
"Monarch, MT",1
"Monarch Bay, CA",1
"Monclova, OH",1
"Moncure, NC",1
"Mondamin, IA",369
"Monee, IL",5077
"Monessen, PA",7413
"Moneta, VA",1
"Monett, MO",9027
"Monetta, SC",234
"Monette, AR",1562
"Mongaup Valley, NY",1
"Monhegan, ME",1
"Monico, WI",1
"Monmouth, IA",151
"Monmouth, IL",9210
"Monmouth, ME",1
"Monmouth, OR",10174
"Monmouth Beach, NJ",3222
"Monmouth Junctio, NJ",1
"Monon, IN",1725
"Monona, IA",1493
"Monona, WI",8179
"Monongah, WV",1106
"Monongahela, PA",4152
"Monroe, CT",1
"Monroe, GA",13478
"Monroe, IA",1846
"Monroe, IN",867
"Monroe, LA",49297
"Monroe, MA",1
"Monroe, ME",1
"Monroe, NC",34818
"Monroe, NE",288
"Monroe, NH",1
"Monroe, NY",8600
"Monroe, OH",13473
"Monroe, OR",631
"Monroe, SD",158
"Monroe, TN",1
"Monroe, VA",1
"Monroe, WA",18408
"Monroe, WI",10723
"Monroe Center, IL",451
"Monroe City, IN",533
"Monroe City, MO",2441
"Monroe City, TX",1
"Monroeton, PA",1
"Monroeville, AL",6072
"Monroeville, IN",1297
"Monroeville, NJ",1
"Monroeville, OH",1370
"Monroeville, PA",27953
"Monrovia, CA",37126
"Monrovia, IN",1441
"Monrovia, MD",1
"Monsey, NY",1
"Monson, MA",1
"Monson, ME",1
"Mont Alto, PA",1730
"Mont Clare, PA",1
"Mont Vernon, NH",1
"Montague, CA",1399
"Montague, MA",1
"Montague, MI",2358
"Montague, NJ",1
"Montague, TX",1
"Montalba, TX",1
"Montana City, MT",1
"Montandon, PA",1
"Montauk, NY",1
"Montclair, CA",38944
"Montclair, NJ",2
"Monte Alto, TX",1
"Monte Sereno, CA",3554
"Monte Vista, CA",1
"Monte Vista, CO",4266
"Monteagle, TN",1172
"Montebello, CA",63335
"Montebello, VA",1
"Montecito, CA",1
"Montegut, LA",1
"Montello, WI",1437
"Monterey, IN",206
"Monterey, LA",1
"Monterey, TN",2868
"Monterey, VA",136
"Monterey Park, CA",61075
"Monterville, WV",1
"Montesano, WA",3912
"Montevallo, AL",6723
"Montevideo, MN",5207
"Montevideo, VA",1
"Monteview, ID",1
"Montezuma, GA",3142
"Montezuma, IA",1424
"Montezuma, IN",992
"Montezuma, KS",967
"Montezuma, NM",1
"Montezuma, VA",1
"Montford, VA",1
"Montfort, WI",698
"Montgomery, AL",200022
"Montgomery, IL",19523
"Montgomery, IN",350
"Montgomery, LA",723
"Montgomery, MA",1
"Montgomery, MI",336
"Montgomery, MN",2907
"Montgomery, NY",4572
"Montgomery, PA",1543
"Montgomery, TX",922
"Montgomery, WV",1577
"Montgomery Cente, VT",1
"Montgomery City, MO",2712
"Montgomery Creek, CA",1
"Montgomeryville, PA",1
"Monticello, AR",9753
"Monticello, FL",2402
"Monticello, GA",2618
"Monticello, IA",3836
"Monticello, IL",5585
"Monticello, IN",5261
"Monticello, ME",1
"Monticello, MN",13429
"Monticello, MO",98
"Monticello, MS",1552
"Monticello, NY",6435
"Monticello, UT",2213
"Monticello, WI",1220
"Montour, IA",247
"Montour, ID",1
"Montour Falls, NY",1659
"Montoursville, PA",4514
"Montpelier, ID",2506
"Montpelier, IN",1714
"Montpelier, KY",1
"Montpelier, MD",1
"Montpelier, OH",3988
"Montpelier, VA",1
"Montpelier, VT",7535
"Montreal, MO",1
"Montrose, AR",330
"Montrose, CA",1
"Montrose, CO",19311
"Montrose, GA",213
"Montrose, IA",869
"Montrose, IL",199
"Montrose, MI",1573
"Montrose, MN",3102
"Montrose, MO",371
"Montrose, NY",1
"Montrose, PA",1491
"Montrose, SD",463
"Montrose, WV",156
"Montross, VA",389
"Montvale, NJ",8506
"Montvale, VA",1
"Montverde, FL",1644
"Montville, CT",1
"Montville, NJ",1
"Montville, OH",1
"Monument, CO",6556
"Monument, KS",1
"Monument, NM",1
"Monument, OR",124
"Monument Valley, UT",1
"Moodus, CT",1
"Moody, MO",1
"Moody, TX",1377
"Mooers, NY",1
"Mooers Forks, NY",1
"Mooleyville, KY",1
"Moon, VA",1
"Moon Twp, PA",1
"Moonachie, NJ",2790
"Moore, ID",164
"Moore, MT",198
"Moore, OK",61415
"Moore, SC",1
"Moore, TX",1
"Moore Haven, FL",1838
"Moorefield, KY",1
"Moorefield, NE",31
"Moorefield, OH",1
"Mooreland, IN",362
"Mooreland, OK",1235
"Moores Creek, KY",1
"Moores Hill, IN",584
"Mooresboro, NC",309
"Mooresburg, TN",1
"Moorestown, MI",1
"Moorestown, NJ",1
"Mooresville, IN",9660
"Mooresville, MO",87
"Mooresville, NC",36543
"Mooreton, ND",194
"Mooreville, MS",1
"Moorhead, IA",217
"Moorhead, MN",42492
"Moorhead, MS",2215
"Mooringsport, LA",778
"Moorland, IA",163
"Moorpark, CA",36481
"Moose, WY",1
"Moose Lake, MN",2832
"Moose Pass, AK",1
"Mooseheart, IL",1
"Moosic, PA",5753
"Moosup, CT",1
"Moquah, WI",1
"Mora, MN",3453
"Mora, MO",1
"Mora, NM",1
"Moraga, CA",17416
"Moran, KS",517
"Moran, MI",1
"Moran, TX",267
"Moran, WY",1
"Moravia, IA",639
"Moravia, NY",1231
"Moravian Falls, NC",1
"Moreauville, LA",906
"Morehead, KY",7758
"Morehead City, NC",9402
"Morehouse, MO",909
"Moreland, GA",422
"Morenci, AZ",1
"Morenci, MI",2180
"Moreno Valley, CA",205499
"Moretown, VT",1
"Morgan, GA",1782
"Morgan, MN",854
"Morgan, PA",1
"Morgan, TX",486
"Morgan, UT",4154
"Morgan City, LA",11646
"Morgan Ctr, VT",1
"Morgan Hill, CA",44155
"Morganton, GA",315
"Morganton, NC",16665
"Morgantown, IN",986
"Morgantown, PA",1
"Morgantown, WV",30855
"Morganville, KS",189
"Morganville, NJ",1
"Morganza, LA",591
"Moriah, NY",1
"Moriah Center, NY",1
"Moriarty, NM",1786
"Moriches, NY",1
"Morland, KS",152
"Morley, MI",498
"Morley, TN",1
"Mormon Lake, AZ",1
"Morning Sun, IA",814
"Morning View, KY",1
"Moro, AR",188
"Moro, IL",1
"Moro, OR",316
"Morocco, IN",1109
"Morongo Valley, CA",1
"Morral, OH",379
"Morrice, MI",896
"Morrill, KS",225
"Morrill, ME",1
"Morrill, NE",915
"Morrilton, AR",6722
"Morris, AL",1933
"Morris, CT",1
"Morris, IL",14496
"Morris, MN",5295
"Morris, NY",557
"Morris, OK",1466
"Morris, PA",1
"Morris Chapel, TN",1
"Morris Fork, KY",1
"Morris Run, PA",1
"Morrisdale, PA",1
"Morrison, CO",435
"Morrison, IL",4106
"Morrison, MO",137
"Morrison, OK",725
"Morrison, TN",707
"Morrisonville, IL",1020
"Morrisonville, NY",1
"Morriston, FL",1
"Morristown, AZ",1
"Morristown, IN",1340
"Morristown, MN",988
"Morristown, NJ",19016
"Morristown, SD",69
"Morristown, TN",29663
"Morrisvale, WV",1
"Morrisville, MO",388
"Morrisville, NC",24732
"Morrisville, NY",1747
"Morrisville, VA",1
"Morrisville, VT",2050
"Morro Bay, CA",10648
"Morrow, AR",1
"Morrow, GA",7276
"Morrow, OH",1272
"Morrowville, KS",148
"Morse, TX",1
"Morse Bluff, NE",137
"Morton, IL",16287
"Morton, MN",374
"Morton, MS",3434
"Morton, PA",2690
"Morton, TX",1845
"Morton, WA",1145
"Morton Grove, IL",23227
"Morven, GA",533
"Morven, NC",460
"Morvin, AL",1
"Mosby, MT",1
"Mosby, VA",1
"Mosca, CO",1
"Moscow, IA",1
"Moscow, ID",25322
"Moscow, KS",298
"Moscow, OH",187
"Moscow, PA",1947
"Moscow, TN",528
"Moscow, TX",1
"Moscow Mills, MO",2600
"Moseley, VA",1
"Moselle, MS",1
"Moses Lake, WA",22641
"Moshannon, PA",1
"Mosheim, TN",2303
"Mosier, OR",451
"Mosinee, WI",4012
"Moss, TN",1
"Moss Beach, CA",1
"Mossyrock, WA",763
"Moulton, AL",3343
"Moulton, IA",581
"Moulton, TX",907
"Moultonborough, NH",1
"Moultrie, GA",14361
"Mound, LA",17
"Mound, MN",9394
"Mound Bayou, MS",1446
"Mound City, IL",537
"Mound City, KS",680
"Mound City, MO",1049
"Mound City, SD",67
"Mound Valley, KS",382
"Moundhouse, NV",1
"Moundridge, KS",1737
"Mounds, IL",737
"Mounds, OK",1193
"Moundsville, WV",8741
"Moundville, MO",121
"Mount Airy, GA",1300
"Mount Airy, MD",9374
"Mount Airy, NC",10347
"Mount Alto, WV",1
"Mount Angel, OR",3541
"Mount Arlington, NJ",5455
"Mount Auburn, IA",148
"Mount Auburn, IL",456
"Mount Ayr, IA",1679
"Mount Bethel, PA",1
"Mount Blanchard, OH",487
"Mount Calm, TX",316
"Mount Calvary, WI",743
"Mount Carbon, WV",1
"Mount Carmel, IL",6993
"Mount Carmel, PA",5677
"Mount Carmel, SC",1
"Mount Carmel, TN",5427
"Mount Carmel, UT",1
"Mount Carroll, IL",1610
"Mount Clare, WV",1
"Mount Clemens, MI",16349
"Mount Cory, OH",203
"Mount Crawford, VA",452
"Mount Croghan, SC",194
"Mount Desert, ME",1
"Mount Dora, FL",13818
"Mount Dora, NM",1
"Mount Eden, KY",1
"Mount Enterprise, TX",440
"Mount Ephraim, NJ",4631
"Mount Erie, IL",87
"Mount Gilead, NC",1171
"Mount Gilead, OH",3671
"Mount Hamilton, CA",1
"Mount Herman, KY",1
"Mount Hermon, LA",1
"Mount Holly, AR",1
"Mount Holly, NC",14495
"Mount Holly, SC",1
"Mount Holly, VT",1
"Mount Holly Spri, PA",1
"Mount Hood Parkd, OR",1
"Mount Hope, AL",1
"Mount Hope, KS",807
"Mount Hope, WI",224
"Mount Hope, WV",1350
"Mount Horeb, WI",7462
"Mount Ida, AR",1016
"Mount Jewett, PA",883
"Mount Judea, AR",1
"Mount Juliet, TN",33263
"Mount Kisco, NY",11103
"Mount Laurel, NJ",1
"Mount Lebanon, PA",1
"Mount Lookout, WV",1
"Mount Marion, NY",1
"Mount Moriah, MO",84
"Mount Morris, IL",2852
"Mount Morris, MI",2941
"Mount Olive, AL",1
"Mount Olive, IL",2002
"Mount Olive, MS",975
"Mount Olive, NC",4740
"Mount Oliver, PA",3321
"Mount Olivet, KY",349
"Mount Orab, OH",3548
"Mount Penn, PA",3152
"Mount Perry, OH",1
"Mount Pleasant, AR",400
"Mount Pleasant, IA",8392
"Mount Pleasant, IN",1
"Mount Pleasant, MI",26313
"Mount Pleasant, NC",1888
"Mount Pleasant, PA",4325
"Mount Pleasant, SC",84170
"Mount Pleasant, TN",4853
"Mount Pleasant, TX",16273
"Mount Pleasant, UT",3363
"Mount Pleasant M, PA",1
"Mount Pocono, PA",3052
"Mount Prospect, IL",54171
"Mount Pulaski, IL",1514
"Mount Rainier, MD",8455
"Mount Royal, NJ",1
"Mount Savage, MD",1
"Mount Selman, TX",1
"Mount Shasta, CA",3292
"Mount Sherman, KY",1
"Mount Sidney, VA",1
"Mount Sinai, NY",1
"Mount Snow, VT",1
"Mount Solon, VA",1
"Mount Sterling, IA",1
"Mount Sterling, IL",1938
"Mount Sterling, KY",7242
"Mount Sterling, MO",1
"Mount Sterling, OH",1760
"Mount Storm, WV",1
"Mount Tom, MA",1
"Mount Tremper, NY",1
"Mount Ulla, NC",1
"Mount Union, IA",106
"Mount Union, PA",2393
"Mount Upton, NY",1
"Mount Vernon, AL",1510
"Mount Vernon, AR",146
"Mount Vernon, GA",2278
"Mount Vernon, IA",4444
"Mount Vernon, IL",15137
"Mount Vernon, IN",6507
"Mount Vernon, ME",1
"Mount Vernon, MO",4553
"Mount Vernon, NY",68344
"Mount Vernon, OH",16620
"Mount Vernon, OR",504
"Mount Vernon, SD",441
"Mount Vernon, TX",2723
"Mount Vernon, WA",34590
"Mount Victory, OH",611
"Mount Vision, NY",1
"Mount Washington, KY",14360
"Mount Washington, PA",1
"Mount Wolf, PA",1381
"Mount Zion, WV",1
"Mountain, ND",85
"Mountain, WI",1
"Mountain Brook, AL",20590
"Mountain Center, CA",1
"Mountain City, NV",1
"Mountain City, TN",2443
"Mountain Dale, NY",1
"Mountain Grove, MO",4692
"Mountain Home, AR",12363
"Mountain Home, ID",13840
"Mountain Home, TX",1
"Mountain Home, UT",1
"Mountain Home A, ID",1
"Mountain Iron, MN",2869
"Mountain Lake, MN",2102
"Mountain Lake, VA",1
"Mountain Lakes, NJ",4332
"Mountain Mesa, CA",1
"Mountain Park, OK",397
"Mountain Ranch, CA",1
"Mountain Rest, SC",1
"Mountain Top, PA",1
"Mountain View, CA",80447
"Mountain View, CO",528
"Mountain View, HI",1
"Mountain View, MO",2678
"Mountain View, OK",764
"Mountain Village, AK",851
"Mountainair, NM",866
"Mountainburg, AR",624
"Mountainside, NJ",6883
"Mountlake Terrac, WA",1
"Mountville, PA",2849
"Mountville, SC",1
"Mousie, KY",1
"Mouth Of Wilson, VA",1
"Mouthcard, KY",1
"Moville, IA",1621
"Moxee, WA",1
"Moyers, OK",1
"Moyers, WV",1
"Moyie Springs, ID",742
"Moyock, NC",1
"Mozelle, KY",1
"Mozier, IL",1
"Mt Baldy, CA",1
"Mt Sylvan, TX",1
"Mud Butte, SD",1
"Muenster, TX",1587
"Muir, MI",606
"Muir, PA",1
"Mukilteo, WA",21462
"Mukwonago, WI",7820
"Mulberry, AR",1643
"Mulberry, FL",4031
"Mulberry, IN",1239
"Mulberry, KS",519
"Mulberry, TN",1
"Mulberry Grove, IL",584
"Muldoon, TX",1
"Muldrow, OK",3279
"Muleshoe, TX",5158
"Mulhall, OK",250
"Mulino, OR",1
"Mulkeytown, IL",1
"Mullan, ID",674
"Mullen, NE",481
"Mullens, WV",1439
"Mullica Hill, NJ",1
"Mulliken, MI",559
"Mullin, TX",176
"Mullins, SC",4524
"Mullinville, KS",247
"Mulvane, KS",6316
"Muncie, IN",69010
"Muncy, PA",2446
"Muncy Valley, PA",1
"Munday, TX",1324
"Munday, WV",1
"Mundelein, IL",31475
"Munden, KS",94
"Munford, AL",1249
"Munfordville, KY",1653
"Munger, MI",1
"Munhall, PA",11177
"Munith, MI",1
"Munnsville, NY",462
"Munroe Falls, OH",5052
"Munson, PA",1
"Munsonville, NH",1
"Munster, IN",22825
"Murchison, TX",595
"Murdo, SD",461
"Murdock, KS",1
"Murdock, MN",271
"Murdock, NE",240
"Murfreesboro, AR",1580
"Murfreesboro, NC",3023
"Murfreesboro, TN",131947
"Murphy, TX",20482
"Murphys, CA",1
"Murphysboro, IL",7685
"Murray, IA",729
"Murray, KY",19006
"Murray, NE",475
"Murray, UT",49230
"Murraysville, WV",1
"Murrayville, GA",1
"Murrells Inlet, SC",1
"Murrieta, CA",111674
"Murrysville, PA",20042
"Murtaugh, ID",141
"Muscadine, AL",1
"Muscatine, IA",23914
"Muscle Shoals, AL",13831
"Muscoda, WI",1249
"Muscotah, KS",171
"Muscoy, CA",1
"Muse, OK",1
"Musella, GA",1
"Muskego, WI",24882
"Muskegon, MI",38349
"Muskegon Heights, MI",10795
"Muskogee, OK",38352
"Musselshell, MT",1
"Mussey, MI",1
"Mustang, OK",20792
"Mustoe, VA",1
"Mutual, OK",62
"Myakka City, FL",1
"Myers Flat, CA",1
"Myerstown, PA",3183
"Myersville, MD",1723
"Mylo, ND",20
"Myra, WV",1
"Myrtle, MO",1
"Myrtle, MS",499
"Myrtle, WV",1
"Myrtle Beach, SC",32240
"Myrtle Creek, OR",3484
"Myrtle Point, OR",2545
"Mystic, CT",1
"Mystic, IA",412
"Myton, UT",624
"Naalehu, HI",1
"Nabb, IN",1
"Naf, ID",1
"Nags Head, NC",2916
"Nahant, MA",1
"Nahunta, GA",1048
"Nakina, NC",1
"Naknek, AK",1
"Nampa, ID",91382
"Nanjemoy, MD",1
"Nanson, ND",1
"Nanticoke, MD",1
"Nanticoke, PA",10189
"Nantucket, MA",1
"Nanty Glo, PA",1
"Naoma, WV",1
"Napa, CA",80416
"Napakiak, AK",376
"Napanoch, NY",1
"Naper, NE",80
"Naperville, IL",147122
"Napfor, KY",1
"Napier, WV",1
"Napier Field, AL",344
"Naples, FL",21845
"Naples, ID",1
"Naples, IL",124
"Naples, ME",1
"Naples, NY",1011
"Naples, TX",1348
"Napoleon, MO",218
"Napoleon, ND",787
"Napoleon, OH",8457
"Napoleonville, LA",633
"Naponee, NE",100
"Nappanee, IN",6780
"Napton, MO",1
"Nara Visa, NM",1
"Narberth, PA",4330
"Nardin, OK",1
"Narka, KS",88
"Narragansett, RI",2
"Narrows, KY",1
"Narrows, VA",1971
"Narrowsburg, NY",1
"Narvon, PA",1
"Naselle, WA",1
"Nash, ND",1
"Nash, OK",202
"Nash, TX",3328
"Nashoba, OK",1
"Nashotah, WI",1389
"Nashport, OH",1
"Nashua, IA",1609
"Nashua, MN",66
"Nashua, MT",290
"Nashua, NH",87882
"Nashville, AR",4501
"Nashville, GA",4864
"Nashville, IL",3109
"Nashville, IN",1067
"Nashville, KS",61
"Nashville, MI",1641
"Nashville, NC",5528
"Nashville, TN",660388
"Nashwauk, MN",960
"Nason, IL",236
"Nassau, MN",67
"Nassau, NY",1119
"Natalia, TX",1520
"Natchez, LA",594
"Natchez, MS",15109
"Natchitoches, LA",18319
"Nathrop, CO",1
"Natick, MA",1
"National City, CA",61147
"National City, MI",1
"National Park, NJ",2998
"Natoma, KS",311
"Natrona, PA",1
"Natural Bridge, NY",1
"Natural Bridge, VA",1
"Natural Bridge S, VA",1
"Natural Dam, AR",1
"Naturita, CO",530
"Naubinway, MI",1
"Naugatuck, CT",31392
"Nauvoo, AL",211
"Navajo, AZ",1
"Navajo, NM",1
"Navajo Dam, NM",1
"Naval Academy, MD",1
"Naval Air Statio, FL",1
"Naval Amphibious, VA",1
"Naval Training C, FL",1
"Navarino, WI",1
"Navarre, FL",1
"Navarre, KS",1
"Navarre, OH",1909
"Navasota, TX",7537
"Naylor, GA",1
"Naylor, MO",616
"Naytahwaush, MN",1
"Nazareth, PA",5685
"Nazareth, TX",294
"Nebo, IL",331
"Nebo, KY",229
"Nebo, NC",1
"Nebo, WV",1
"Nebraska City, NE",7347
"Necedah, WI",920
"Neche, ND",358
"Nederland, CO",1534
"Nederland, TX",17294
"Nedrow, NY",1
"Needham, AL",89
"Needham, IN",1
"Needham, MA",2
"Needles, CA",4988
"Needmore, PA",1
"Needville, TX",3078
"Neely, MS",1
"Neelyton, PA",1
"Neelyville, MO",468
"Neenah, WI",25914
"Neeses, SC",353
"Neffsville, PA",1
"Negaunee, MI",4575
"Negley, OH",1
"Nehalem, OR",285
"Nehawka, NE",206
"Neihart, MT",50
"Neillsville, WI",2430
"Nekoma, KS",1
"Nekoosa, WI",2443
"Neligh, NE",1527
"Nellis, WV",1
"Nelson, MN",190
"Nelson, MO",190
"Nelson, PA",1
"Nelson, VA",1
"Nelson, WI",347
"Nelson Lagoon, AK",1
"Nelsonville, OH",5299
"Nemaha, IA",82
"Nemaha, NE",143
"Nemo, SD",1
"Nemo, TX",1
"Nenana, AK",376
"Neodesha, KS",2319
"Neoga, IL",1609
"Neola, IA",859
"Neola, UT",1
"Neola, WV",1
"Neopit, WI",1
"Neosho, MO",12181
"Neosho, WI",553
"Neosho Falls, KS",136
"Neosho Rapids, KS",264
"Neotsu, OR",1
"Nephi, UT",5784
"Neponset, IL",440
"Neptune Beach, FL",7337
"Neptune City, NJ",4737
"Nerstrand, MN",299
"Nesbit, MS",1
"Nesconset, NY",1
"Nescopeck, PA",1541
"Neshanic Station, NJ",1
"Neshannock, PA",1
"Neshkoro, WI",422
"Neskowin, OR",1
"Nesmith, SC",1
"Nesquehoning, PA",3227
"Ness City, KS",1386
"Netawaka, KS",143
"Netcong, NJ",3234
"Nettie, WV",1
"Nettleton, MS",1952
"Nevada, IA",6805
"Nevada, MO",8224
"Nevada, OH",740
"Nevada, TX",1074
"Nevada City, CA",3145
"Neversink, NY",1
"Neville Island, PA",1
"Nevinville, IA",1
"Nevis, MN",401
"Nevisdale, KY",1
"New Albany, IN",36670
"New Albany, KS",52
"New Albany, MS",8786
"New Albany, OH",10360
"New Albany, PA",346
"New Albin, IA",513
"New Alexandria, PA",544
"New Almelo, KS",1
"New Athens, IL",1934
"New Auburn, MN",433
"New Auburn, WI",567
"New Augusta, IN",2
"New Augusta, MS",638
"New Baden, IL",3291
"New Bavaria, OH",97
"New Bedford, IL",72
"New Bedford, MA",95032
"New Berlin, NY",1002
"New Berlin, PA",867
"New Berlin, WI",39803
"New Bern, NC",30101
"New Bethlehem, PA",931
"New Blaine, AR",1
"New Bloomfield, MO",676
"New Bloomfield, PA",1
"New Bloomington, OH",488
"New Boston, IL",643
"New Boston, MI",1
"New Boston, MO",1
"New Boston, NH",1
"New Boston, OH",2153
"New Braintree, MA",1
"New Bremen, OH",2968
"New Brighton, MN",22496
"New Brighton, PA",5840
"New Britain, CT",72558
"New Britain, PA",3016
"New Brockton, AL",1157
"New Brunswick, NJ",56910
"New Burnside, IL",214
"New Cambria, KS",124
"New Cambria, MO",192
"New Canaan, CT",1
"New Caney, TX",1
"New Canton, IL",349
"New Canton, VA",1
"New Carlisle, IN",1865
"New Carlisle, OH",5649
"New Castle, CO",4753
"New Castle, DE",5357
"New Castle, IN",17426
"New Castle, KY",937
"New Castle, NH",1
"New Castle, PA",22142
"New Castle, VA",150
"New Church, VA",1
"New City, NY",1
"New Columbia, PA",1
"New Concord, KY",1
"New Concord, OH",2355
"New Creek, WV",1
"New Cumberland, PA",7299
"New Cumberland, WV",1051
"New Cuyama, CA",1
"New Derry, PA",1
"New Diana, TX",1
"New Douglas, IL",316
"New Durham, NH",1
"New Eagle, PA",2108
"New Edinburg, AR",1
"New Effington, SD",256
"New Egypt, NJ",1
"New Ellenton, SC",2146
"New England, ND",633
"New England, WV",1
"New Enterprise, PA",1
"New Era, MI",444
"New Fairfield, CT",1
"New Florence, MO",724
"New Florence, PA",659
"New Franken, WI",1
"New Franklin, MO",1068
"New Freedom, PA",4651
"New Freeport, PA",1
"New Galilee, PA",360
"New Germantown, PA",1
"New Germany, MN",393
"New Glarus, WI",2162
"New Gloucester, ME",1
"New Hamburg, NY",1
"New Hampton, IA",3424
"New Hampton, MO",279
"New Hampton, NH",1
"New Hampton, NY",1
"New Harbor, ME",1
"New Harmony, IN",763
"New Hartford, CT",1
"New Hartford, IA",502
"New Hartford, MO",1
"New Hartford, NY",1834
"New Haven, CT",129934
"New Haven, IL",399
"New Haven, IN",15384
"New Haven, MO",2090
"New Haven, VT",1
"New Hill, NC",1
"New Holland, IL",264
"New Holland, OH",836
"New Holland, PA",5435
"New Holland, SD",1
"New Holstein, WI",3129
"New Hope, AL",2803
"New Hope, PA",2497
"New Hradec, ND",1
"New Hudson, MI",1
"New Hyde Park, NY",9863
"New Iberia, LA",30386
"New Ipswich, NH",1
"New Johnsonville, TN",1915
"New Kent, VA",1
"New Knoxville, OH",866
"New Lebanon, NY",1
"New Lebanon, OH",3971
"New Lenox, IL",26217
"New Lexington, OH",4722
"New Liberty, IA",142
"New Liberty, IL",1
"New Liberty, KY",1
"New Lima, OK",1
"New Lisbon, NY",1
"New Lisbon, WI",2499
"New London, CT",26984
"New London, IA",1863
"New London, MN",1376
"New London, MO",970
"New London, NC",599
"New London, NH",1
"New London, OH",2376
"New London, WI",7170
"New Lothrop, MI",559
"New Madison, OH",1066
"New Madrid, MO",2957
"New Market, AL",1
"New Market, IA",406
"New Market, TN",1360
"New Market, VA",2207
"New Marshfield, OH",1
"New Martinsville, WV",5181
"New Matamoras, OH",1
"New Meadows, ID",477
"New Middletown, IN",93
"New Middletown, OH",1562
"New Milford, CT",1
"New Milford, NJ",16759
"New Milford, PA",850
"New Millport, PA",1
"New Milton, WV",1
"New Monmouth, NJ",1
"New Orleans, LA",391495
"New Oxford, PA",1793
"New Palestine, IN",2283
"New Paris, IN",1
"New Paris, OH",1574
"New Paris, PA",180
"New Park, PA",1
"New Philadelphia, OH",17462
"New Pine Creek, OR",1
"New Plymouth, ID",1515
"New Plymouth, OH",1
"New Point, VA",1
"New Port Richey, FL",16167
"New Portland, ME",1
"New Post, WI",1
"New Prague, MN",7635
"New Preston Marb, CT",1
"New Providence, IA",225
"New Providence, NJ",12758
"New Providence, PA",1
"New Raymer, CO",1
"New Richland, MN",1199
"New Richmond, IN",332
"New Richmond, MI",1
"New Richmond, OH",2653
"New Richmond, WI",8897
"New Riegel, OH",244
"New Ringgold, PA",269
"New River Stage, AZ",1
"New Roads, LA",4673
"New Rochelle, NY",79557
"New Ross, IN",344
"New Russia, NY",1
"New Salem, IL",133
"New Salem, MA",3
"New Salem, PA",775
"New Salisbury, IN",1
"New Sarpy, LA",1
"New Sharon, IA",1287
"New Sharon, ME",1
"New Site, AL",754
"New Site, MS",1
"New Smyrna Beach, FL",25796
"New Springfield, OH",1
"New Stanton, PA",2110
"New Straitsville, OH",711
"New Stuyahok, AK",516
"New Sweden, ME",1
"New Tazewell, TN",2767
"New Tripoli, PA",1
"New Ulm, MN",13342
"New Ulm, TX",1
"New Underwood, SD",668
"New Vernon, NJ",1
"New Vienna, IA",421
"New Vienna, OH",1204
"New Vineyard, ME",1
"New Virginia, IA",489
"New Washington, IN",1
"New Washington, OH",931
"New Waterford, OH",1191
"New Waverly, TX",1081
"New Wells, MO",1
"New Weston, OH",133
"New Whiteland, IN",6025
"New Wilmington, PA",2221
"New Windsor, IL",1
"New Windsor, MD",1400
"New Windsor, NY",1
"New Woodstock, NY",1
"New York, NY",8537673
"New York Mills, MN",1227
"New York Mills, NY",3286
"New Zion, SC",1
"Newalla, OK",1
"Newark, AR",1179
"Newark, CA",45810
"Newark, DE",33398
"Newark, IL",1026
"Newark, MD",1
"Newark, MO",90
"Newark, NJ",281764
"Newark, NY",8938
"Newark, OH",49134
"Newark, TX",1113
"Newark Valley, NY",941
"Newaygo, MI",2036
"Newberg, OR",23306
"Newbern, AL",178
"Newbern, TN",3284
"Newberne, WV",1
"Newberry, FL",5709
"Newberry, IN",190
"Newberry, MI",1452
"Newberry, SC",10372
"Newberry Springs, CA",1
"Newborn, GA",745
"Newburg, IL",1
"Newburg, MD",1
"Newburg, MO",448
"Newburg, ND",113
"Newburg, PA",341
"Newburg, WV",313
"Newburgh, IN",3283
"Newbury, MA",1
"Newbury, OH",1
"Newbury, VT",357
"Newbury Park, CA",1
"Newburyport, MA",17987
"Newcastle, CA",1
"Newcastle, ME",1
"Newcastle, NE",326
"Newcastle, OK",9652
"Newcastle, TX",566
"Newcastle, UT",1
"Newcastle, WY",3535
"Newcomb, NY",1
"Newcomb, TN",1
"Newcomerstown, OH",3774
"Newdale, ID",316
"Newell, AL",1
"Newell, IA",867
"Newell, SD",586
"Newell, WV",1
"Newellton, LA",1040
"Newfane, NY",1
"Newfane, VT",113
"Newfield, NJ",1567
"Newfield, NY",1
"Newfolden, MN",367
"Newfoundland, NJ",1
"Newfoundland, PA",1
"Newhall, CA",2
"Newhall, IA",849
"Newhebron, MS",1
"Newhope, AR",1
"Newington, GA",261
"Newington, NH",1
"Newkirk, NM",1
"Newllano, LA",1
"Newman, CA",11123
"Newman, IL",845
"Newman Grove, NE",720
"Newman Lake, WA",1
"Newmanstown, PA",1
"Newmansville, IL",1
"Newmarket, NH",1
"Newnan, GA",37912
"Newnata, AR",1
"Newport, AR",7756
"Newport, DE",1050
"Newport, KY",15241
"Newport, ME",1
"Newport, MI",1
"Newport, MN",3481
"Newport, NC",4684
"Newport, NE",89
"Newport, NH",1
"Newport, NJ",1
"Newport, NY",614
"Newport, OH",1
"Newport, OR",10393
"Newport, PA",1562
"Newport, RI",24779
"Newport, TN",6833
"Newport, VA",1
"Newport, VT",4328
"Newport, WA",2118
"Newport Beach, CA",86688
"Newport Center, VT",1
"Newport News, VA",181825
"Newry, ME",1
"Newsoms, VA",310
"Newton, AL",1459
"Newton, GA",588
"Newton, IA",15034
"Newton, IL",2790
"Newton, KS",19105
"Newton, MA",89045
"Newton, MS",3317
"Newton, NC",13042
"Newton, NH",1
"Newton, TX",2402
"Newton, WI",1
"Newton Center, MA",1
"Newton Falls, NY",1
"Newton Falls, OH",4596
"Newton Grove, NC",566
"Newton Highlands, MA",1
"Newton Upper Fal, MA",1
"Newtonville, MA",4
"Newtonville, NJ",1
"Newtown, CT",1953
"Newtown, MO",172
"Newtown, OH",2678
"Newtown, VA",1
"Newtown Square, PA",1
"Newville, AL",517
"Newville, PA",1331
"Ney, OH",352
"Nezperce, ID",474
"Niagara, ND",51
"Niagara, WI",1572
"Niagara Falls, NY",48632
"Niangua, MO",418
"Niantic, CT",1
"Niantic, IL",666
"Niarada, MT",1
"Nicasio, CA",1
"Nice, CA",1
"Niceville, FL",14974
"Nicholasville, KY",30006
"Nicholls, GA",3331
"Nichols, IA",372
"Nichols, NY",476
"Nichols, SC",358
"Nichols Hills, OK",3908
"Nicholson, GA",1724
"Nicholson, PA",730
"Nicholville, NY",2
"Nickelsville, VA",366
"Nickerson, KS",1021
"Nickerson, NE",353
"Nicktown, PA",1
"Nicollet, MN",1134
"Nicut, WV",1
"Nielsville, MN",90
"Nikolaevsk, AK",1
"Nikolai, AK",91
"Nikolski, AK",1
"Niland, CA",1
"Niles, MI",11257
"Niles, OH",18458
"Nilwood, IL",230
"Nimitz, WV",1
"Nine Mile Falls, WA",1
"Ninepoints, PA",1
"Ninety Six, SC",2057
"Nineveh, IN",1
"Nineveh, NY",1
"Nineveh, PA",1
"Ninilchik, AK",1
"Ninnekah, OK",1029
"Ninole, HI",1
"Niota, IL",1
"Niota, TN",723
"Niotaze, KS",76
"Nipomo, CA",1
"Nippa, KY",1
"Nipton, CA",1
"Niskayuna, NY",1
"Nisland, SD",236
"Nisula, MI",1
"Nitro, WV",6686
"Niverville, NY",1
"Nixa, MO",21201
"Nixon, NV",1
"Nixon, TX",2495
"Noatak, AK",1
"Nobe, WV",1
"Noble, IL",661
"Noble, LA",249
"Noble, MO",1
"Noble, OH",1
"Noble, OK",6756
"Nobleboro, ME",1
"Noblestown, PA",1
"Noblesville, IN",60183
"Nocona, TX",2963
"Noctor, KY",1
"Nodaway, IA",106
"Noel, MO",1816
"Nogal, NM",1
"Nogales, AZ",20008
"Nokesville, VA",1
"Nokomis, FL",1
"Nokomis, IL",2156
"Nolan, TX",1
"Nolanville, TX",4953
"Nolensville, TN",7580
"Nome, ND",60
"Nomini Grove, VA",1
"Nondalton, AK",158
"Noonan, ND",125
"Noorvik, AK",686
"Nora, IN",4
"Nora, NE",20
"Nora, VA",1
"Nora Springs, IA",1379
"Norborne, MO",672
"Norcatur, KS",146
"Norco, CA",26714
"Norco, LA",1
"Norcross, GA",16787
"Norcross, MN",70
"Norden, CA",1
"Nordheim, TX",319
"Nordland, WA",1
"Nordman, ID",1
"Norfolk, CT",1
"Norfolk, MA",1
"Norfolk, NE",24348
"Norfolk, NY",1
"Norfolk, VA",245115
"Norfork, AR",499
"Norlina, NC",1059
"Normal, IL",54264
"Normalville, PA",1
"Norman, AR",355
"Norman, IN",1
"Norman, OK",122180
"Norman Park, GA",969
"Normandy, IL",1
"Normandy, MO",4934
"Normandy, TN",148
"Normandy Park, WA",6651
"Normantown, WV",1
"Norphlet, AR",814
"Norridge, IL",14498
"Norridgewock, ME",1
"Norris, MT",1
"Norris, SD",1
"Norris City, IL",1244
"Norristown, PA",34370
"North, AR",1
"North, SC",732
"North, VA",1
"North Adams, MI",469
"North Amity, ME",1
"North Andover, MA",1
"North Anson, ME",1
"North Arlington, NJ",15868
"North Attleboro, MA",2
"North Aurora, IL",17426
"North Avondale, CO",1
"North Babylon, NY",1
"North Baltimore, OH",3529
"North Bay, MS",1
"North Bay Villag, FL",1
"North Beach, MD",2019
"North Bellmore, NY",1
"North Bend, NE",1238
"North Bend, OH",861
"North Bend, OR",9789
"North Bend, WA",6739
"North Bennington, VT",1619
"North Benton, OH",1
"North Bergen, NJ",1
"North Berwick, ME",1
"North Billerica, MA",1
"North Bingham, PA",1
"North Blenheim, NY",1
"North Bloomfield, OH",1
"North Branch, MI",1021
"North Branch, MN",10317
"North Branch, NJ",1
"North Branch, NY",1
"North Branford, CT",1
"North Brookfield, MA",1
"North Brookfield, NY",1
"North Brooklin, ME",1
"North Brunswick, NJ",1
"North Buena Vist, IA",1
"North Cambridge, MA",1
"North Canton, CT",1
"North Canton, OH",17365
"North Cape May, NJ",1
"North Cedar, AR",1
"North Charleston, SC",109298
"North Chatham, MA",1
"North Chelmsford, MA",1
"North Chili, NY",1
"North Clarendon, VT",1
"North Collins, NY",1214
"North Concord, VT",1
"North Conway, NH",1
"North Coral Spri, FL",1
"North County, MO",2
"North Creek, NY",1
"North Dartmouth, MA",1
"North Dighton, MA",1
"North East, MD",3650
"North East, PA",4135
"North Easton, MA",1
"North Edwards, CA",1
"North English, IA",1022
"North Fairfield, OH",534
"North Falmouth, MA",1
"North Ferrisburg, VT",1
"North Fond Du La, WI",1
"North Fork, CA",1
"North Fork, ID",1
"North Franklin, CT",1
"North Freedom, WI",706
"North Fryeburg, ME",1
"North Grafton, MA",1
"North Granby, CT",1
"North Granville, NY",1
"North Grosvenord, CT",1
"North Hampton, NH",1
"North Hartland, VT",1
"North Haven, CT",1
"North Haven, ME",1
"North Haverhill, NH",1
"North Henderson, IL",178
"North Hero, VT",1
"North Highlands, CA",1
"North Hills, CA",1
"North Hollywood, CA",3
"North Hudson, NY",1
"North Huntingdon, PA",1
"North Industry, OH",1
"North Jackson, OH",1
"North Java, NY",1
"North Judson, IN",1739
"North Kansas Cit, MO",1
"North Kingstown, RI",1
"North Lake, MI",1
"North Las Vegas, NV",238702
"North Lawrence, NY",1
"North Lawrence, OH",1
"North Lewisburg, OH",1439
"North Liberty, IA",18520
"North Liberty, IN",1920
"North Lima, OH",1
"North Little Roc, AR",3
"North Little Rock, AR",66278
"North Loup, NE",291
"North Manchester, IN",5907
"North Mankato, MN",13619
"North Massapequa, NY",1
"North Merrick, NY",1
"North Miami, FL",62139
"North Miami Beac, FL",3
"North Monmouth, ME",1
"North Montpelier, VT",1
"North Muskegon, MI",3792
"North New Portla, ME",1
"North Newton, KS",1797
"North Olmsted, OH",31817
"North Oxford, MA",1
"North Palm Beach, FL",12993
"North Parkersbur, WV",1
"North Pitcher, NY",1
"North Plainfield, NJ",22073
"North Platte, NE",24110
"North Pole, AK",2232
"North Pole, CO",1
"North Pole, NY",1
"North Pomfret, VT",1
"North Port, FL",64274
"North Powder, OR",439
"North Pownal, VT",1
"North Prairie, WI",2198
"North Reading, MA",1
"North Richland H, TX",2
"North Ridgeville, OH",32983
"North River, ND",55
"North Riverside, IL",6598
"North Rose, NY",1
"North Royalton, OH",30247
"North Saint Paul, MN",12338
"North Salem, IN",529
"North Salem, NY",1
"North Salt Lake, UT",20301
"North San Juan, CA",1
"North Sandwich, NH",1
"North Scituate, RI",1
"North Sebago, ME",1
"North Shapleigh, ME",1
"North Smithfield, RI",1
"North Spring, WV",1
"North Springfiel, VA",1
"North Springfiel, VT",1
"North Stonington, CT",1
"North Stratford, NH",1
"North Syracuse, NY",6800
"North Tarrytown, NY",1
"North Terre Haut, IN",1
"North Tonawanda, NY",30607
"North Truro, MA",1
"North Turner, ME",1
"North Vassalboro, ME",1
"North Vernon, IN",6859
"North Versailles, PA",1
"North Wales, PA",3242
"North Walpole, NH",1
"North Waltham, MA",1
"North Warren, PA",1
"North Waterboro, ME",1
"North Waterford, ME",1
"North Webster, IN",1160
"North Whitefield, ME",1
"North Wildwood, NJ",3882
"North Wilkesboro, NC",4235
"North Windham, CT",1
"North Woodmere, NY",1
"North Woods Beac, WI",1
"North Woodstock, NH",1
"North Zulch, TX",1
"Northampton, PA",9863
"Northboro, IA",56
"Northborough, MA",1
"Northbridge, MA",1
"Northbrook, IL",33421
"Northeast, MI",2
"Northfield, CT",1
"Northfield, IL",5456
"Northfield, MA",1
"Northfield, MN",20445
"Northfield, NJ",8410
"Northfield, OH",3670
"Northfield, WI",1
"Northford, CT",1
"Northgate, ND",1
"Northglenn, CO",38982
"Northlake, IL",12391
"Northome, MN",195
"Northpoint, PA",1
"Northport, AL",25045
"Northport, MI",525
"Northport, NY",7342
"Northport, WA",290
"Northridge, CA",2
"Northrop, MN",217
"Northumberland, PA",3702
"Northville, MI",5979
"Northville, SD",146
"Northwest, MI",2
"Northwood, IA",2000
"Northwood, NH",1
"Northwood, OH",5394
"Norton, KS",2812
"Norton, MA",1
"Norton, OH",12011
"Norton, TX",1
"Norton, VA",3864
"Norton, VT",1
"Norton Hill, NY",1
"Nortonville, IL",1
"Nortonville, KS",613
"Nortonville, KY",1181
"Nortonville, ND",1
"Norwalk, CA",106178
"Norwalk, CT",88438
"Norwalk, IA",10590
"Norwalk, OH",16838
"Norwalk, WI",634
"Norway, IA",524
"Norway, KS",1
"Norway, ME",1
"Norway, MI",2769
"Norway, SC",324
"Norwell, MA",1
"Norwich, CT",39556
"Norwich, KS",458
"Norwich, ND",1
"Norwich, NY",6855
"Norwich, OH",104
"Norwich, VT",1
"Norwood, CO",572
"Norwood, GA",227
"Norwood, LA",312
"Norwood, MA",1
"Norwood, MN",1
"Norwood, MO",642
"Norwood, NC",2398
"Norwood, NJ",5858
"Norwood, NY",1592
"Norwood, OH",19876
"Norwood, PA",5880
"Notasulga, AL",850
"Noti, OR",1
"Nottingham, MD",1
"Nottingham, NH",1
"Nottingham, PA",1
"Nottinghill, MO",1
"Nova, OH",1
"Novato, CA",56004
"Novelty, MO",133
"Novelty, OH",1
"Novi, MI",59211
"Novice, TX",132
"Novinger, MO",437
"Nowata, OK",3711
"Noxapater, MS",443
"Noxen, PA",1
"Noxon, MT",1
"Noyes, MN",1
"Nucla, CO",710
"Nuiqsut, AK",411
"Nulato, AK",259
"Numa, IA",90
"Nunda, NY",1319
"Nunda, SD",49
"Nunica, MI",1
"Nunn, CO",451
"Nunnelly, TN",1
"Nutley, NJ",1
"Nutter Fort Ston, WV",1
"Nyack, NY",6987
"Nye, MT",1
"Nyssa, OR",3188
"O Brien, FL",1
"O Brien, OR",1
"O Brien, TX",1
"O Kean, AR",1
"O Neals, CA",1
"O'Fallon, MO",86274
"Oak, NE",63
"Oak Beach, NY",1
"Oak Brook, IL",8070
"Oak City, NC",297
"Oak Creek, CO",914
"Oak Creek, WI",35881
"Oak Forest, IL",27792
"Oak Grove, AR",1
"Oak Grove, KY",7370
"Oak Grove, MO",7994
"Oak Grove, OR",1
"Oak Grove, VA",1
"Oak Hall, VA",1
"Oak Harbor, OH",2737
"Oak Harbor, WA",23204
"Oak Hill, FL",2029
"Oak Hill, IL",1
"Oak Hill, NY",1
"Oak Hill, OH",1511
"Oak Island, MN",1
"Oak Island, NC",7722
"Oak Lawn, IL",56257
"Oak Park, CA",1
"Oak Park, GA",477
"Oak Park, IL",51774
"Oak Park, MI",29645
"Oak Park, MN",1
"Oak Park Heights, MN",4845
"Oak Ridge, LA",133
"Oak Ridge, MO",246
"Oak Ridge, NC",6827
"Oak Ridge, TN",29350
"Oak Run, CA",1
"Oak Vale, MS",1
"Oak View, CA",1
"Oakboro, NC",1864
"Oakdale, CT",1
"Oakdale, IL",211
"Oakdale, LA",7704
"Oakdale, MN",28073
"Oakdale, NE",294
"Oakdale, NY",1
"Oakdale, TN",217
"Oakesdale, WA",435
"Oakfield, GA",1
"Oakfield, ME",1
"Oakfield, NY",1743
"Oakfield, TN",1
"Oakfield, WI",1072
"Oakford, IL",280
"Oakham, MA",1
"Oakhill, KS",1
"Oakhurst, CA",1
"Oakhurst, NJ",1
"Oakhurst, TX",1
"Oakland, AR",1
"Oakland, CA",420005
"Oakland, IA",1509
"Oakland, IL",876
"Oakland, KY",234
"Oakland, ME",1
"Oakland, MI",1
"Oakland, MN",1
"Oakland, MS",514
"Oakland, NE",1192
"Oakland, NJ",13130
"Oakland, OR",942
"Oakland, PA",567
"Oakland, RI",1
"Oakland, TN",7690
"Oakland City, IN",2419
"Oakland Mills, PA",1
"Oakland Park, FL",44326
"Oaklandon, IN",1
"Oakley, CA",40622
"Oakley, ID",788
"Oakley, KS",2098
"Oakley, MI",276
"Oakley, SC",1
"Oaklyn, NJ",3993
"Oakman, AL",754
"Oakmont, PA",6428
"Oakridge, OR",3246
"Oaks, OK",285
"Oakton, VA",1
"Oaktown, IN",597
"Oakville, CT",1
"Oakville, IA",171
"Oakville, TX",1
"Oakville, WA",665
"Oakwood, GA",4161
"Oakwood, IL",1509
"Oakwood, OH",8999
"Oakwood, TX",519
"Oark, AR",1
"Oasis, NV",1
"Oasis, UT",1
"Ober, IN",1
"Oberlin, KS",1700
"Oberlin, LA",1749
"Oberlin, OH",8331
"Oberon, ND",104
"Obert, NE",23
"Obion, TN",1072
"Oblong, IL",1421
"Observatory, PA",1
"Obsidian, ID",1
"Ocate, NM",1
"Occidental, CA",1
"Ocean, NJ",1
"Ocean City, MD",6999
"Ocean City, NJ",11340
"Ocean City, WA",1
"Ocean Gate, NJ",2008
"Ocean Grove, NJ",1
"Ocean Isle Beach, NC",614
"Ocean Park, WA",1
"Ocean Reef, FL",1
"Ocean Springs, MS",17652
"Ocean View, NJ",1
"Oceana, WV",1280
"Oceano, CA",1
"Oceanport, NJ",5725
"Oceanside, CA",175464
"Oceanside, NY",1
"Ochelata, OK",429
"Ocheyedan, IA",460
"Ochlocknee, GA",680
"Ochopee, FL",1
"Ocilla, GA",3604
"Ocklawaha, FL",1
"Ocoee, FL",44820
"Ocoee, TN",1
"Oconee, IL",175
"Oconomowoc, WI",16526
"Oconto, NE",149
"Oconto, WI",4463
"Oconto Falls, WI",2834
"Octavia, NE",122
"Octavia, OK",1
"Odd, WV",1
"Odebolt, IA",965
"Odell, IL",992
"Odell, NE",300
"Odell, OR",1
"Odem, TX",2436
"Oden, AR",218
"Odenton, MD",1
"Odenville, AL",3743
"Odessa, FL",1
"Odessa, MN",131
"Odessa, MO",5195
"Odessa, NE",1
"Odessa, NY",565
"Odessa, TX",117871
"Odessa, WA",869
"Odin, IL",1033
"Odin, KS",1
"Odin, MN",104
"Odon, IN",1404
"Odonnell, TX",1
"Odum, GA",505
"Oelrichs, SD",127
"Oelwein, IA",6056
"Offerle, KS",194
"Offutt, KY",1
"Offutt A F B, NE",1
"Ogallah, KS",1
"Ogallala, NE",4543
"Ogden, AR",171
"Ogden, IA",1996
"Ogden, IL",807
"Ogden, KS",2022
"Ogden, NC",1
"Ogden, UT",86701
"Ogdensburg, NJ",2294
"Ogdensburg, NY",10743
"Ogdensburg, WI",181
"Ogema, MN",186
"Ogema, WI",1
"Ogilvie, MN",352
"Oglesby, IL",3619
"Oglesby, TX",459
"Oglethorpe, GA",1194
"Ogontz Campus, PA",1
"Ogunquit, ME",1
"Ohatchee, AL",1138
"Ohio, IL",491
"Ohio City, OH",686
"Ohiopyle, PA",57
"Ohiowa, NE",112
"Oil Center, NM",1
"Oil City, LA",986
"Oil City, PA",10017
"Oil Trough, AR",263
"Oilville, VA",1
"Ojai, CA",7585
"Ojibwa, WI",1
"Ojo Caliente, NM",1
"Ojus, FL",1
"Okabena, MN",182
"Okahumpka, FL",1
"Okanogan, WA",2561
"Okarche, OK",1324
"Okaton, SD",1
"Okauchee, WI",1
"Okawville, IL",1389
"Okeana, OH",1
"Okeechobee, FL",5691
"Okeene, OK",1188
"Okefenokee, GA",1
"Okemos, MI",1
"Oketo, KS",64
"Oklahoma City, OK",638367
"Oklaunion, TX",1
"Oklee, MN",418
"Okmulgee, OK",12239
"Okoboji, IA",830
"Okolona, AR",143
"Okolona, KY",2
"Oktaha, OK",381
"Ola, AR",1233
"Ola, ID",1
"Olalla, WA",1
"Olanta, PA",1
"Olanta, SC",570
"Olar, SC",237
"Olathe, CO",1808
"Olathe, KS",135473
"Olaton, KY",1
"Old Appleton, MO",87
"Old Bethpage, NY",1
"Old Bridge, NJ",1
"Old Chatham, NY",1
"Old Fields, WV",1
"Old Forge, NY",1
"Old Forge, PA",8000
"Old Fort, NC",910
"Old Glory, TX",1
"Old Greenwich, CT",1
"Old Hickory, TN",1
"Old Landing, KY",1
"Old Lyme, CT",1
"Old Monroe, MO",284
"Old Orchard Beac, ME",1
"Old Saybrook, CT",1
"Old Station, CA",1
"Old Tappan, NJ",6002
"Old Town, FL",1
"Old Town, ID",1
"Old Town, ME",7518
"Old Westbury, NY",4743
"Oldenburg, IN",661
"Oldfield, MO",1
"Oldfort, TN",1
"Oldham, SD",127
"Olds, IA",231
"Oldsmar, FL",14397
"Oldtown, KY",1
"Oldtown, MD",1
"Olean, MO",131
"Olean, NY",13794
"Oley, PA",1
"Olga, WA",1
"Olin, IA",684
"Olin, NC",1
"Olive, MT",1
"Olive Branch, MS",36699
"Oliveburg, PA",1
"Olivehill, TN",1
"Olivehurst, CA",1
"Oliver, PA",1
"Oliver Springs, TN",3253
"Oliverea, NY",1
"Olivet, MI",1692
"Olivet, SD",74
"Olivette, MO",7844
"Olivia, MN",2353
"Olla, LA",1393
"Ollie, IA",210
"Olmos Park, TX",2418
"Olmstead, KY",1
"Olmsted, IL",306
"Olmsted Falls, OH",8890
"Olmstedville, NY",1
"Olney, IL",8955
"Olney, MD",1
"Olney, MO",1
"Olney, TX",3166
"Olney Springs, CO",332
"Olpe, KS",539
"Olsburg, KS",227
"Olton, TX",2114
"Olustee, OK",580
"Olympia, KY",1
"Olympia, WA",51202
"Olympia Fields, IL",4913
"Olympia Heights, FL",3
"Olyphant, PA",5087
"Omaha, AR",171
"Omaha, GA",1
"Omaha, IL",250
"Omaha, KY",1
"Omaha, NE",446970
"Omaha, TX",998
"Omak, WA",4833
"Omega, GA",1227
"Omega, OK",1
"Omer, MI",296
"Omro, WI",3556
"Ona, FL",1
"Ona, WV",1
"Onaga, KS",696
"Onaka, SD",15
"Onalaska, WA",1
"Onalaska, WI",18697
"Onamia, MN",864
"Onancock, VA",1266
"Onarga, IL",1304
"Onawa, IA",2868
"Onaway, MI",833
"Onchiota, NY",1
"Onego, WV",1
"Oneida, AR",1
"Oneida, IL",674
"Oneida, KS",75
"Oneida, KY",1
"Oneida, NY",11080
"Oneida, TN",3722
"Oneida, WI",1
"Oneill, NE",1
"Onekama, MI",405
"Onemo, VA",1
"Oneonta, AL",6699
"Oneonta, NY",13955
"Ong, NE",59
"Onia, AR",1
"Onida, SD",659
"Onley, VA",513
"Only, TN",1
"Onondaga, MI",1
"Onondaga, NY",1
"Onset, MA",1
"Onslow, IA",196
"Onsted, MI",903
"Ontario, CA",173212
"Ontario, NY",1
"Ontario, OR",11027
"Ontario, WI",554
"Ontonagon, MI",1308
"Onyx, CA",1
"Ookala, HI",1
"Oolitic, IN",1157
"Oologah, OK",1176
"Ooltewah, TN",1
"Oostburg, WI",2985
"Opa Locka, FL",1
"Opal, SD",1
"Opdyke, IL",1
"Opelika, AL",29869
"Opelousas, LA",16541
"Opheim, MT",88
"Ophir, CO",171
"Opp, AL",6586
"Optima, OK",369
"Oquawka, IL",1288
"Ora, SC",2
"Oracle, AZ",1
"Oradell, NJ",8219
"Oral, SD",1
"Oran, MO",1266
"Orange, CA",140504
"Orange, CT",1
"Orange, NJ",1
"Orange Beach, AL",5981
"Orange City, FL",11403
"Orange City, IA",6179
"Orange Cove, CA",9586
"Orange Grove, TX",1324
"Orange Park, FL",8783
"Orangeburg, NY",1
"Orangeburg, SC",13196
"Orangevale, CA",1
"Orangeville, IL",753
"Orangeville, PA",502
"Orbisonia, PA",414
"Orchard, CO",1
"Orchard, IA",70
"Orchard, NE",349
"Orchard Lake, MI",2
"Orchard Park, NY",3165
"Orchards, WA",1
"Orcutt, CA",1
"Ord, NE",2078
"Orderville, UT",573
"Ordway, CO",1049
"Ore City, TX",1204
"Oreana, ID",1
"Oreana, IL",828
"Orefield, PA",1
"Oregon, IL",3545
"Oregon, MO",771
"Oregon, OH",20040
"Oregon, WI",10264
"Oregon City, OR",36286
"Oregon House, CA",1
"Oregonia, OH",1
"Oreland, PA",1
"Orem, UT",97499
"Oretech, OR",1
"Orford, NH",1
"Orfordville, WI",1490
"Orgas, WV",1
"Orick, CA",1
"Orient, IA",374
"Orient, NY",1
"Orient, OH",1
"Orient, SD",62
"Orienta, OK",1
"Oriental, NC",882
"Orinda, CA",19470
"Orion, IL",1814
"Orion, MI",3
"Oriska, ND",123
"Oriskany, NY",1362
"Oriskany Falls, NY",697
"Orkney Springs, VA",1
"Orland, CA",7587
"Orland, IN",434
"Orland, ME",1
"Orland Park, IL",58862
"Orlando, FL",277173
"Orlando, KY",1
"Orlando, OK",164
"Orlando, WV",1
"Orleans, CA",1
"Orleans, IL",1
"Orleans, IN",2097
"Orleans, MA",1
"Orleans, MI",1
"Orleans, MN",1
"Orleans, NE",385
"Orleans, VT",749
"Orlinda, TN",891
"Orlo Vista, FL",1
"Ormond Beach, FL",42162
"Ormsby, MN",127
"Ormsby, PA",1
"Oro Grande, CA",1
"Oro Valley, AZ",43781
"Orofino, ID",3038
"Orondo, WA",1
"Orono, ME",1
"Oronoco, MN",1482
"Oronogo, MO",2475
"Orosi, CA",1
"Orovada, NV",1
"Oroville, CA",19033
"Oroville, WA",1677
"Orr, ND",1
"Orrick, MO",807
"Orrington, ME",1
"Orrs Island, ME",1
"Orrstown, PA",265
"Orrtanna, PA",1
"Orrum, NC",91
"Orrville, AL",186
"Orrville, OH",8505
"Orting, WA",7693
"Ortley, SD",65
"Ortonville, MI",1457
"Ortonville, MN",1830
"Orviston, PA",1
"Orwell, VT",1
"Orwigsburg, PA",2996
"Osage, IA",3624
"Osage, MN",1
"Osage, OK",154
"Osage, WY",1
"Osage Beach, MO",4456
"Osage City, KS",2837
"Osakis, MN",1717
"Osawatomie, KS",4308
"Osborn, MO",417
"Osborne, KS",1353
"Osbornsville, NJ",1
"Oscar, LA",1
"Oscar, OK",1
"Osceola, AR",7086
"Osceola, IA",5037
"Osceola, IN",2479
"Osceola, MO",900
"Osceola, NE",843
"Osceola, PA",1
"Osceola, WI",2517
"Osceola Mills, PA",1098
"Osco, IL",1
"Oscoda, MI",1
"Osgood, IN",1615
"Oshkosh, NE",832
"Oshkosh, WI",66579
"Oshoto, WY",1
"Oskaloosa, IA",11523
"Oskaloosa, KS",1078
"Oslo, MN",317
"Osmond, NE",756
"Osnabrock, ND",125
"Osprey, FL",1
"Osseo, MI",1
"Osseo, WI",1696
"Ossian, IA",809
"Ossian, IN",3353
"Ossineke, MI",1
"Ossining, NY",25360
"Ossipee, NH",1
"Osteen, FL",1
"Osterville, MA",1
"Ostrander, MN",256
"Ostrander, OH",695
"Oswayo, PA",136
"Oswegatchie, NY",1
"Oswego, IL",34571
"Oswego, KS",1744
"Oswego, NY",17599
"Oswego, SC",1
"Osyka, MS",427
"Otego, NY",959
"Otho, IA",515
"Otis, CO",483
"Otis, LA",1
"Otis, MA",1
"Otis, OR",1
"Otis A F B, MA",1
"Otis Orchards, WA",1
"Otisco, IN",1
"Otisco, MN",1
"Otisville, MI",827
"Otisville, NY",1052
"Otley, IA",1
"Oto, IA",107
"Otoe, NE",173
"Otsego, MI",3998
"Ottawa, IL",18289
"Ottawa, KS",12356
"Ottawa Lake, MI",1
"Otter, MT",1
"Otter Lake, MI",387
"Otterbein, IN",1256
"Otterbien Home, OH",1
"Ottertail, MN",611
"Otterville, MO",457
"Otto, NC",1
"Otto, TX",1
"Otto, WY",1
"Ottosen, IA",36
"Ottoville, OH",976
"Ottsville, PA",1
"Ottumwa, SD",1
"Otway, OH",84
"Otwell, IN",1
"Ouaquaga, NY",1
"Ouray, CO",1033
"Outing, MN",1
"Outlook, MT",52
"Outlook, WA",1
"Ovalo, TX",1
"Ovando, MT",1
"Ovapa, WV",1
"Oven Fork, KY",1
"Overbrook, KS",1024
"Overbrook, OK",1
"Overland, MO",15802
"Overland Park, KS",188966
"Overly, ND",18
"Overton, NE",563
"Overton, NV",1
"Overton, TX",2514
"Ovett, MS",1
"Ovid, CO",315
"Ovid, ID",1
"Ovid, MI",1613
"Oviedo, FL",39337
"Ovilla, TX",3973
"Owaneco, IL",229
"Owanka, SD",1
"Owasso, OK",35784
"Owatonna, MN",25773
"Owego, NY",3791
"Owen, WI",931
"Owendale, MI",229
"Owensboro, KY",59273
"Owensburg, IN",1
"Owensville, IN",1278
"Owensville, MO",2620
"Owenton, KY",1539
"Owings, MD",1
"Owings Mills, MD",1
"Owingsville, KY",1592
"Owls Head, ME",1
"Owls Head, NY",1
"Owosso, MI",14670
"Oxbow, ME",1
"Oxford, AL",21120
"Oxford, AR",646
"Oxford, CT",1
"Oxford, GA",2224
"Oxford, IA",811
"Oxford, IN",1137
"Oxford, KS",1017
"Oxford, MA",1
"Oxford, MD",617
"Oxford, ME",1
"Oxford, MI",3532
"Oxford, NC",8830
"Oxford, NE",755
"Oxford, NJ",1
"Oxford, PA",5392
"Oxford, WI",591
"Oxford Junction, IA",482
"Oxly, MO",1
"Oxnard, CA",207906
"Oxon Hill, MD",1
"Oyster Bay, NY",1
"Ozan, AR",82
"Ozark, AL",14610
"Ozark, AR",3573
"Ozark, IL",1
"Ozark, MO",19429
"Ozawkie, KS",629
"Ozona, TX",1
"Ozone, AR",1
"Ozone Park, NY",2
"Paauhau, HI",1
"Paauilo, HI",1
"Pace, FL",1
"Pacheco, CA",1
"Pachuta, MS",248
"Pacific, MO",7210
"Pacific, WA",7122
"Pacific Beach, WA",1
"Pacific Grove, CA",15624
"Pacific House, CA",1
"Pacific Junction, IA",460
"Pacific Palisade, CA",1
"Pacifica, CA",39062
"Packwood, IA",222
"Packwood, WA",1
"Pacolet, SC",2387
"Padanaram Villag, MA",1
"Paden, OK",459
"Paden City, WV",2487
"Padroni, CO",1
"Paducah, KY",25145
"Paeonian Springs, VA",1
"Page, ND",239
"Page, NE",163
"Pageland, SC",2704
"Pagosa Springs, CO",1838
"Pahala, HI",1
"Pahoa, HI",1
"Pahokee, FL",6094
"Pahrump, NV",1
"Paia, HI",1
"Paicines, CA",1
"Paige, TX",1
"Paint Bank, VA",1
"Paint Lick, KY",1
"Paint Rock, AL",205
"Paint Rock, TX",287
"Painted Post, NY",1980
"Painter, VA",227
"Paisley, FL",1
"Paisley, OR",241
"Pala, CA",1
"Palacios, TX",4682
"Palatine, IL",68766
"Palatine Bridge, NY",754
"Palatka, FL",10452
"Palco, KS",278
"Palenville, NY",1
"Palermo, CA",1
"Palermo, ME",1
"Palermo, ND",84
"Palermo, WV",1
"Palestine, AR",610
"Palestine, IL",1321
"Palestine, TX",18383
"Palestine, WV",1
"Palisade, CO",2644
"Palisade, MN",161
"Palisade, NE",337
"Palisades, NY",1
"Palisades, WA",1
"Palisades Park, NJ",20753
"Pall Mall, TN",1
"Palm, PA",1
"Palm Bay, FL",110104
"Palm Beach, FL",8690
"Palm Beach Garde, FL",2
"Palm City, CA",1
"Palm City, FL",1
"Palm Coast, FL",85109
"Palm Harbor, FL",2
"Palm Springs, CA",47689
"Palma Sola, FL",1
"Palmer, AK",7000
"Palmer, IA",157
"Palmer, KS",106
"Palmer, MA",1
"Palmer, NE",474
"Palmer, TN",664
"Palmer, TX",2071
"Palmer Lake, CO",2637
"Palmersville, TN",1
"Palmerton, PA",5277
"Palmetto, FL",13446
"Palmetto, GA",4707
"Palmetto, LA",162
"Palms, MI",1
"Palmyra, IN",941
"Palmyra, ME",1
"Palmyra, MI",1
"Palmyra, MO",3618
"Palmyra, NC",1
"Palmyra, NE",565
"Palmyra, NJ",7241
"Palmyra, NY",3381
"Palmyra, PA",7510
"Palmyra, TN",1
"Palmyra, WI",1770
"Palo, IA",1077
"Palo Alto, CA",67024
"Palo Cedro, CA",1
"Palo Pinto, TX",1
"Palo Verde, AZ",1
"Paloma, IL",1
"Palos Heights, IL",12438
"Palos Hills, IL",17410
"Palos Park, IL",4838
"Palos Verdes Est, CA",1
"Palouse, WA",1045
"Pampa, TX",17762
"Pamplico, SC",1243
"Pamplin, VA",219
"Panacea, FL",1
"Panama, IA",216
"Panama, NY",450
"Panama City, FL",37635
"Panama City Beac, FL",3
"Pandora, OH",1148
"Pangburn, AR",602
"Panguitch, UT",1665
"Panhandle, TX",2370
"Panora, IA",1066
"Panorama, NY",1
"Panorama City, CA",1
"Panorama Village, TX",2333
"Pansey, AL",1
"Pantego, NC",177
"Panther Creek, IL",1
"Paola, KS",5568
"Paoli, IN",3581
"Paoli, OK",615
"Paoli, PA",1
"Paonia, CO",1425
"Papaaloa, HI",1
"Papaikou, HI",1
"Papillion, NE",19597
"Parade, SD",1
"Paradis, LA",1
"Paradise, CA",26551
"Paradise, KS",50
"Paradise, MI",1
"Paradise, PA",1
"Paradise, TX",478
"Paradise, UT",950
"Paradise Valley, AZ",14355
"Paradise Valley, NV",1
"Paradox, NY",1
"Paragon, IN",659
"Paragonah, UT",520
"Paragould, AR",28232
"Paramount, CA",54909
"Paramus, NJ",26880
"Parchment, MI",1854
"Pardeeville, WI",2083
"Paris, AR",3454
"Paris, ID",504
"Paris, IL",8418
"Paris, KY",9840
"Paris, MI",1
"Paris, MO",1174
"Paris, OH",1
"Paris, PA",1
"Paris, TN",10192
"Paris, TX",25005
"Paris, VA",1
"Paris Crossing, IN",1
"Parish, NY",436
"Parishville, NY",1
"Park, KS",116
"Park, PA",1
"Park City, KS",7632
"Park City, KY",562
"Park City, MT",1
"Park City, UT",8299
"Park Falls, WI",2292
"Park Fletcher, IN",1
"Park Hall, MD",1
"Park Hill, OK",1
"Park Rapids, MN",3935
"Park Ridge, IL",37496
"Park Ridge, NJ",8900
"Park River, ND",1373
"Park Row, TX",4
"Park Valley, UT",1
"Parkdale, AR",261
"Parkdale, OH",1
"Parker, CO",51163
"Parker, KS",273
"Parker, PA",820
"Parker, SD",1007
"Parker City, IN",1366
"Parker Dam, CA",1
"Parkers Lake, KY",1
"Parkers Prairie, MN",1006
"Parkersburg, IA",1952
"Parkersburg, IL",201
"Parkersburg, WV",30601
"Parkesburg, PA",3747
"Parkfield, CA",1
"Parkhill, PA",1
"Parkin, AR",1044
"Parkland, WA",3
"Parkman, WY",1
"Parks, AR",1
"Parks, NE",1
"Parksley, VA",841
"Parkston, SD",1511
"Parksville, KY",1
"Parksville, NY",1
"Parkton, NC",437
"Parkville, MD",1
"Parkville, MN",1
"Parkville, MO",6514
"Parkway Center, PA",1
"Parlier, CA",15179
"Parlin, CO",1
"Parlin, NJ",1
"Parma, ID",2083
"Parma, MI",755
"Parma, MO",652
"Parma, OH",79425
"Parmelee, SD",1
"Parnell, IA",236
"Parnell, MO",181
"Paron, AR",1
"Parowan, UT",2986
"Parrish, AL",960
"Parrish, FL",1
"Parrott, GA",149
"Parrottsville, TN",262
"Parshall, CO",1
"Parshall, ND",1253
"Parsippany, NJ",1
"Parsons, KS",9906
"Parsons, TN",2357
"Parsons, WV",1423
"Parsonsburg, MD",1
"Parthenon, AR",1
"Partlow, VA",1
"Partridge, KS",242
"Partridge, KY",1
"Pasadena, CA",142059
"Pasadena, TX",153351
"Pascagoula, MS",21981
"Pasco, WA",70579
"Pascoag, RI",1
"Pass Christian, MS",5701
"Passadumkeag, ME",1
"Passaic, NJ",70635
"Pastura, NM",1
"Patagonia, AZ",878
"Patapsco, MD",1
"Pataskala, OH",15458
"Pateros, WA",688
"Paterson, NJ",147000
"Paterson, WA",1
"Pathfork, KY",1
"Patoka, IL",565
"Patoka, IN",724
"Paton, IA",230
"Patrick, SC",347
"Patrick A F B, FL",1
"Patrick Springs, VA",1
"Patriot, IN",208
"Patriot, OH",1
"Patsey, KY",1
"Patten, ME",1
"Pattenburg, NJ",1
"Patterson, CA",21776
"Patterson, GA",754
"Patterson, IA",159
"Patterson, ID",1
"Patterson, LA",6061
"Patterson, MO",1
"Patterson, NY",1
"Patterson, OH",138
"Patterson, VA",1
"Patterson Creek, WV",1
"Pattersonville, NY",1
"Pattison, MS",1
"Patton, MO",1
"Patton, PA",1658
"Pattonsburg, MO",343
"Pattonville, TX",1
"Patuxent River, MD",1
"Paul, ID",1202
"Paul Smiths, NY",1
"Paulden, AZ",1
"Paulding, MS",1
"Paulding, OH",3479
"Paulina, LA",1
"Paulina, OR",1
"Pauline, KS",1
"Paullina, IA",1017
"Pauls Valley, OK",6206
"Paulsboro, NJ",5958
"Pauma Valley, CA",1
"Paupack, PA",1
"Pavillion, WY",236
"Pavo, GA",621
"Paw Paw, IL",813
"Paw Paw, KY",1
"Paw Paw, MI",3448
"Paw Paw, WV",493
"Pawcatuck, CT",1
"Pawhuska, OK",3477
"Pawlet, VT",1
"Pawleys Island, SC",107
"Pawling, NY",2305
"Pawnee, OK",2165
"Pawnee City, NE",826
"Pawnee Rock, KS",234
"Pawtucket, RI",71427
"Paxico, KS",213
"Paxinos, PA",1
"Paxton, IL",4304
"Paxton, MA",1
"Paxton, NE",495
"Paxville, SC",185
"Payette, ID",7414
"Payne, OH",1153
"Payne Gap, KY",1
"Paynes Creek, CA",1
"Paynesville, MN",2487
"Paynesville, MO",76
"Paynesville, WV",1
"Payneville, KY",1
"Payneway, AR",1
"Payson, AZ",15476
"Payson, IL",1004
"Payson, UT",19810
"Pe Ell, WA",643
"Pea Ridge, AR",5401
"Peabody, KS",1140
"Peabody, MA",52491
"Peace Dale, RI",1
"Peace Valley, MO",1
"Peach Bottom, PA",1
"Peach Orchard, AR",125
"Peach Orchard, GA",1
"Peach Springs, AZ",1
"Peacham, VT",1
"Peachland, NC",411
"Peachtree City, GA",35186
"Peaks Island, ME",1
"Pear Valley, TX",1
"Pearce, AZ",1
"Pearcy, AR",1
"Pearisburg, VA",2699
"Pearl, IL",134
"Pearl, MS",26485
"Pearl Beach, MI",1
"Pearl City, HI",1
"Pearl City, IL",802
"Pearl River, LA",2552
"Pearl River, NY",1
"Pearland, TX",113570
"Pearsall, TX",10064
"Pearson, GA",2083
"Pearson, WI",1
"Pearsonville, CA",1
"Pease, MN",240
"Pebble Beach, CA",1
"Pecan Gap, TX",197
"Pecatonica, IL",2111
"Peck, ID",198
"Peck, KS",1
"Peck, MI",603
"Peckham, OK",1
"Pecks Mill, WV",1
"Peckville, PA",1
"Pecos, NM",1313
"Peculiar, MO",4979
"Pedricktown, NJ",1
"Pedro, OH",1
"Pedro Bay, AK",1
"Peebles, OH",1753
"Peel, AR",1
"Peerless, MT",1
"Peetz, CO",239
"Peever, SD",168
"Peggs, OK",1
"Pegram, TN",2115
"Pejepscot, ME",1
"Pekin, IL",33038
"Pekin, IN",1
"Pekin, ND",66
"Pelahatchie, MS",1353
"Pelham, GA",3649
"Pelham, NC",1
"Pelham, NH",1
"Pelham, NY",7020
"Pelham, TN",1
"Pelican, LA",1
"Pelican Lake, WI",1
"Pelican Rapids, MN",2471
"Pelion, SC",706
"Pelkie, MI",1
"Pell City, AL",13794
"Pella, IA",10255
"Pellston, MI",828
"Pelsor, AR",1
"Pelzer, SC",1354
"Pemaquid, ME",1
"Pemberton, MN",244
"Pemberton, NJ",1362
"Pemberville, OH",1418
"Pembine, WI",1
"Pembroke, GA",2484
"Pembroke, KY",874
"Pembroke, MA",1
"Pembroke, ME",1
"Pembroke, NC",3009
"Pembroke Pines, FL",168587
"Pen Argyl, PA",3544
"Penalosa, KS",16
"Penasco, NM",1
"Penbrook, PA",2962
"Pence, WI",1
"Pence Springs, WV",1
"Pencer, MN",1
"Pencil Bluff, AR",1
"Pender, NE",1055
"Pendergrass, GA",463
"Pendleton, IN",4263
"Pendleton, KY",1
"Pendleton, NC",1
"Pendleton, OR",16834
"Pendleton, SC",3184
"Pendroy, MT",1
"Penelope, TX",198
"Penfield, IL",1
"Penfield, NY",1
"Penfield, PA",1
"Pengilly, MN",1
"Penhook, VA",1
"Peninsula, OH",563
"Peninsula Villag, CA",1
"Penllyn, PA",1
"Penn, ND",1
"Penn, PA",472
"Penn Hills, PA",1
"Penn Run, PA",1
"Penn Valley, CA",1
"Penn Yan, NY",4987
"Penndel, PA",2200
"Pennellville, NY",1
"Penngrove, CA",1
"Pennington, AL",207
"Pennington, MN",1
"Pennington, NJ",2568
"Pennington, TX",1
"Pennington Gap, VA",1774
"Pennock, MN",517
"Pennsburg, PA",3867
"Pennsville, NJ",1
"Pennsville, OH",1
"Pennsylvania Fur, PA",1
"Pennville, IN",690
"Penobscot, ME",1
"Penokee, KS",1
"Penrod, KY",1
"Penrose, CO",1
"Penrose, NC",1
"Penryn, CA",1
"Pensacola, FL",53779
"Pentagon, DC",1
"Pentwater, MI",841
"Peoa, UT",1
"Peoria, AZ",164173
"Peoria, IL",114265
"Peoria Heights, IL",5936
"Peosta, IA",1659
"Peotone, IL",4134
"Pep, NM",1
"Pep, TX",1
"Pepeekeo, HI",1
"Pepin, WI",793
"Pepperell, MA",1
"Pequannock, NJ",1
"Pequea, PA",1
"Pequot Lakes, MN",2261
"Peralta, NM",3565
"Percival, IA",1
"Percy, IL",929
"Percy, MS",1
"Perdido, AL",1
"Perham, MN",3300
"Peridot, AZ",1
"Perkasie, PA",8479
"Perkins, GA",1
"Perkins, OK",2840
"Perkins, WV",1
"Perkinston, MS",1
"Perkinsville, VT",123
"Perkiomenville, PA",1
"Perley, MN",89
"Perote, AL",1
"Perrin, TX",1
"Perrine, FL",1
"Perrineville, NJ",1
"Perrinton, MI",397
"Perris, CA",76331
"Perronville, MI",1
"Perry, AR",269
"Perry, FL",7045
"Perry, GA",16200
"Perry, IA",7810
"Perry, IL",386
"Perry, KS",906
"Perry, ME",1
"Perry, MI",2103
"Perry, MO",697
"Perry, NY",3495
"Perry, OH",1618
"Perry, OK",5018
"Perry Hall, MD",1
"Perrysburg, NY",1
"Perrysburg, OH",21592
"Perrysville, IN",434
"Perrysville, OH",725
"Perryton, TX",8870
"Perrytown, AR",263
"Perryville, AK",1
"Perryville, AR",1422
"Perryville, KY",766
"Perryville, MD",4419
"Perryville, MO",8456
"Persia, IA",296
"Perth, ND",9
"Perth Amboy, NJ",52499
"Peru, IA",1
"Peru, IL",9893
"Peru, IN",11061
"Peru, KS",129
"Peru, MA",1
"Peru, ME",1
"Peru, NE",782
"Peru, NY",1
"Peru, VT",1
"Pescadero, CA",1
"Peshastin, WA",1
"Peshtigo, WI",3407
"Pesotum, IL",534
"Petal, MS",10704
"Petaluma, CA",60530
"Peterborough, NH",1
"Peterman, AL",1
"Petersburg, AK",1
"Petersburg, IN",2331
"Petersburg, KY",1
"Petersburg, MI",1128
"Petersburg, ND",180
"Petersburg, NE",325
"Petersburg, OH",1
"Petersburg, PA",468
"Petersburg, TN",543
"Petersburg, TX",1131
"Petersburg, VA",31882
"Petersham, MA",1
"Peterson, IA",310
"Peterson, MN",202
"Peterstown, WV",636
"Petroleum, WV",1
"Petrolia, CA",1
"Petrolia, PA",206
"Petrolia, TX",649
"Petros, TN",1
"Pettibone, ND",69
"Pettigrew, AR",1
"Petty, TX",1
"Pevely, MO",5712
"Pewamo, MI",476
"Pewaukee, WI",8176
"Pewee Valley, KY",1547
"Peyton, CO",1
"Peytona, WV",1
"Peytonsburg, KY",1
"Pfafftown, NC",1
"Pfeifer, KS",1
"Pflugerville, TX",59245
"Pharr, TX",77320
"Pheba, MS",1
"Phelan, CA",1
"Phelps, KY",1
"Phelps, NY",1933
"Phelps, WI",1
"Phenix, VA",219
"Phenix City, AL",37132
"Phil Campbell, AL",1273
"Philadelphia, MO",1
"Philadelphia, MS",7361
"Philadelphia, NY",1181
"Philadelphia, PA",1567872
"Philadelphia, TN",692
"Philip, SD",765
"Philipp, MS",1
"Philipsburg, MT",920
"Philipsburg, PA",2719
"Phillips, ME",1
"Phillips, NE",289
"Phillips, TX",1
"Phillips, WI",1375
"Phillips Ranch, CA",1
"Phillipsburg, KS",2543
"Phillipsburg, MO",202
"Philo, CA",1
"Philo, IL",1442
"Philo, OH",733
"Philomath, GA",1
"Philomath, OR",4676
"Philpot, KY",1
"Phippsburg, ME",1
"Phoenicia, NY",1
"Phoenix, AZ",1615017
"Phoenix, NY",2281
"Phoenix, OR",4587
"Phoenixville, PA",16885
"Phoneton, OH",1
"Phyllis, KY",1
"Piasa, IL",1
"Picabo, ID",1
"Picacho, NM",1
"Picayune, MS",10625
"Picher, OK",1
"Pickaway, WV",1
"Pickens, AR",1
"Pickens, MS",1054
"Pickens, SC",3190
"Pickens, WV",1
"Pickerel, WI",1
"Pickering, MO",151
"Pickerington, OH",20069
"Pickett, WI",1
"Pickford, MI",1
"Pickrell, NE",195
"Pickton, TX",1
"Pico Rivera, CA",63635
"Pie Town, NM",1
"Piedmont, AL",4666
"Piedmont, CA",11353
"Piedmont, KS",1
"Piedmont, MO",1938
"Piedmont, OH",1
"Piedmont, OK",7422
"Piedmont, SC",1
"Piedmont, SD",860
"Piedmont, WV",835
"Pierce, CO",1060
"Pierce, ID",485
"Pierce, NE",1739
"Pierce City, MO",1297
"Piercefield, NY",1
"Pierceton, IN",1028
"Pierceville, KS",1
"Piermont, NH",1
"Piermont, NY",2565
"Pierpont, OH",1
"Pierpont, SD",129
"Pierre, SD",14008
"Pierre Part, LA",1
"Pierson, FL",1849
"Pierson, IA",351
"Pierson, MI",173
"Pierz, MN",1350
"Pigeon, MI",1152
"Pigeon, WV",1
"Pigeon Forge, TN",6199
"Piggott, AR",3611
"Pike, NH",1
"Pike Road, AL",8777
"Pikesville, MD",1
"Pikeville, NC",693
"Pikeville, TN",1648
"Pilger, NE",360
"Pilgrim Gardens, PA",1
"Pilgrims Knob, VA",1
"Pillager, MN",459
"Pilot, VA",1
"Pilot Grove, MO",763
"Pilot Hill, CA",1
"Pilot Knob, NY",1
"Pilot Mound, IA",174
"Pilot Mountain, NC",1444
"Pilot Point, AK",65
"Pilot Point, TX",4269
"Pilot Rock, OR",1508
"Pilot Station, AK",607
"Pima, AZ",2505
"Pimento, IN",1
"Pimmit, VA",1
"Pinckney, MI",2457
"Pinckneyville, IL",5404
"Pinconning, MI",1257
"Pindall, AR",105
"Pine, CO",1
"Pine Apple, AL",125
"Pine Beach, NJ",2152
"Pine Bluff, AR",43841
"Pine Bluffs, WY",1152
"Pine Brook, NJ",1
"Pine Bush, NY",1
"Pine Castle, FL",1
"Pine City, NY",1
"Pine Grove, CA",1
"Pine Grove, LA",1
"Pine Grove, PA",2108
"Pine Hall, NC",1
"Pine Haven, WY",526
"Pine Hill, AL",912
"Pine Hill, NY",1
"Pine Hills, FL",1
"Pine Island, MN",3360
"Pine Island, NY",1
"Pine Knoll Shore, NC",1
"Pine Log, GA",1
"Pine Mountain, GA",1374
"Pine Mountain Va, GA",1
"Pine Plains, NY",1
"Pine Ridge, KY",1
"Pine Ridge, SD",1
"Pine River, MN",929
"Pine River, WI",1
"Pine Valley, CA",1
"Pine Valley, NY",1
"Pine Valley, UT",1
"Pine Village, IN",208
"Pinecliffe, CO",1
"Pinecrest, CA",1
"Pinedale, CA",1
"Pinedale, WY",1895
"Pinehurst, GA",328
"Pinehurst, ID",1577
"Pinehurst, NC",15945
"Pinehurst, TX",2087
"Pineland, SC",1
"Pineland, TX",808
"Pinellas Park, FL",52137
"Pinero, VA",1
"Pinetop, AZ",1
"Pinetops, NC",1303
"Pinetown, NC",1
"Pinetta, FL",1
"Pinetta, GA",1
"Pineview, GA",502
"Pineville, AR",229
"Pineville, NC",8593
"Pineville, SC",1
"Pineville, WV",619
"Pinewood, SC",538
"Piney Flats, TN",1
"Piney Point, MD",1
"Piney River, VA",1
"Pingree, ID",1
"Pink Hill, NC",524
"Pinnacle, NC",1
"Pinola, MS",1
"Pinole, CA",19293
"Pinon, AZ",1
"Pinon, NM",1
"Pinon Hills, CA",1
"Pinopolis, SC",1
"Pinson, TN",1
"Pinsonfork, KY",1
"Pintura, UT",1
"Pioche, NV",1
"Pioneer, CA",1
"Pioneer, LA",148
"Pioneer, OH",1408
"Pioneer, TN",1
"Piper City, IL",780
"Pipersville, PA",1
"Pipestem, WV",1
"Piqua, KS",1
"Piqua, OH",20906
"Piscataway, NJ",1
"Piseco, NY",1
"Pisek, ND",104
"Pisgah, AL",707
"Pisgah, IA",237
"Pisgah, MD",1
"Pisgah Forest, NC",1
"Pisinemo, AZ",1
"Pistol River, OR",1
"Pitcairn, PA",3215
"Pitcher, NY",1
"Pitkin, CO",69
"Pitkin, LA",1
"Pitman, NJ",8874
"Pitman, PA",1
"Pitt, MN",1
"Pitts, GA",306
"Pittsboro, IN",3283
"Pittsboro, MS",197
"Pittsboro, NC",4266
"Pittsburg, IL",559
"Pittsburg, MO",1
"Pittsburg, NH",1
"Pittsburg, OK",196
"Pittsburg, TX",4707
"Pittsburgh, PA",303625
"Pittsfield, IL",4469
"Pittsfield, MA",42846
"Pittsfield, ME",1
"Pittsfield, NH",1
"Pittsfield, PA",1
"Pittsfield, VT",1
"Pittsford, MI",1
"Pittsford, NY",1339
"Pittsford, VT",1
"Pittston, PA",7602
"Pittstown, NJ",1
"Pittsview, AL",1
"Pittsville, MD",1445
"Pittsville, VA",1
"Pittsville, WI",839
"Pixley, CA",1
"Placentia, CA",52228
"Placerville, CA",10681
"Placerville, CO",1
"Placida, FL",2
"Placitas, NM",1
"Plain, WI",778
"Plain City, OH",4357
"Plain Dealing, LA",966
"Plain View, VA",1
"Plainfield, CT",1
"Plainfield, IA",419
"Plainfield, IL",42933
"Plainfield, MA",1
"Plainfield, NH",1
"Plainfield, VT",1
"Plainfield, WI",836
"Plains, GA",734
"Plains, KS",1056
"Plains, MT",1071
"Plains, TX",1599
"Plainsboro, NJ",1
"Plainview, AR",590
"Plainview, IL",1
"Plainview, MN",3239
"Plainview, NE",1204
"Plainview, NY",1
"Plainview, SD",1
"Plainview, TX",20859
"Plainville, CT",1
"Plainville, GA",323
"Plainville, IL",261
"Plainville, IN",494
"Plainville, KS",1858
"Plainville, MA",1
"Plainwell, MI",3822
"Plaistow, NH",1
"Plandome, NY",1441
"Plankinton, SD",718
"Plano, IA",68
"Plano, IL",11358
"Plano, TX",286057
"Plant City, FL",38200
"Plantation, FL",92706
"Plantersville, AL",1
"Plantersville, MS",1161
"Plantersville, TX",1
"Plantsville, CT",1
"Plaquemine, LA",6780
"Platinum, AK",66
"Plato, MN",316
"Plato, MO",109
"Platte Center, NE",338
"Platte City, MO",4872
"Platteville, CO",2722
"Platteville, WI",12537
"Plattsburg, MO",2285
"Plattsburgh, NY",19780
"Plattsmouth, NE",6479
"Plaucheville, LA",239
"Playa Del Rey, CA",1
"Plaza, ND",199
"Plaza, TN",1
"Pleasant City, OH",437
"Pleasant Dale, NE",215
"Pleasant Gap, PA",1
"Pleasant Garden, NC",4789
"Pleasant Grove, AL",10177
"Pleasant Grove, AR",1
"Pleasant Grove, CA",1
"Pleasant Grove, MS",1
"Pleasant Grove, UT",38756
"Pleasant Hall, PA",1
"Pleasant Hill, CA",34853
"Pleasant Hill, IA",9750
"Pleasant Hill, IL",940
"Pleasant Hill, LA",712
"Pleasant Hill, MO",8444
"Pleasant Hill, NC",1
"Pleasant Hill, OH",1226
"Pleasant Hill, OR",1
"Pleasant Hill, TN",563
"Pleasant Hope, MO",613
"Pleasant Lake, IN",1
"Pleasant Lake, MI",1
"Pleasant Lake, ND",1
"Pleasant Mount, PA",1
"Pleasant Plain, OH",160
"Pleasant Plains, AR",349
"Pleasant Ridge, MI",2551
"Pleasant Shade, TN",1
"Pleasant Valley, CT",1
"Pleasant Valley, MO",3067
"Pleasant Valley, NY",1
"Pleasant View, CO",1
"Pleasant View, KY",1
"Pleasant View, TN",4346
"Pleasanton, CA",82270
"Pleasanton, IA",46
"Pleasanton, KS",1176
"Pleasanton, NE",350
"Pleasanton, TX",10393
"Pleasantville, IA",1669
"Pleasantville, NJ",20492
"Pleasantville, NY",7150
"Pleasantville, OH",958
"Pleasantville, PA",847
"Pleasantville, TN",1
"Pleasure Ridge P, KY",1
"Pledger, TX",1
"Plentywood, MT",1904
"Plessis, NY",1
"Plevna, KS",96
"Plevna, MO",1
"Plevna, MT",176
"Pliny, WV",1
"Plover, IA",74
"Plover, WI",12552
"Plum, PA",27399
"Plum Branch, SC",78
"Plum City, WI",595
"Plum Springs, KY",498
"Plumerville, AR",800
"Plummer, ID",1017
"Plummer, MN",290
"Plush, OR",1
"Plymouth, CA",971
"Plymouth, CT",1
"Plymouth, IA",371
"Plymouth, MA",1
"Plymouth, ME",1
"Plymouth, MI",9077
"Plymouth, MN",77216
"Plymouth, NC",3594
"Plymouth, NE",382
"Plymouth, NH",1
"Plymouth, NY",1
"Plymouth, OH",1796
"Plymouth, PA",5792
"Plymouth, VT",1
"Plymouth, WA",1
"Plymouth, WI",8529
"Plymouth Meeting, PA",1
"Plympton, MA",1
"Pocahontas, AR",6469
"Pocahontas, IA",1710
"Pocahontas, IL",728
"Pocahontas, TN",1
"Pocasset, MA",1
"Pocasset, OK",203
"Pocatello, ID",54746
"Pocola, OK",4070
"Pocomoke City, MD",4101
"Pocono Lake, PA",1
"Pocono Pines, PA",1
"Pocono Summit, PA",1
"Poe, WV",1
"Poestenkill, NY",1
"Poinciana, FL",1
"Point, TX",844
"Point Arena, CA",452
"Point Baker, AK",1
"Point Clair, LA",1
"Point Harbor, NC",1
"Point Hope, AK",692
"Point Lay, AK",1
"Point Marion, PA",1126
"Point Mugu Nawc, CA",1
"Point Of Rocks, MD",1
"Point Pleasant, WV",4237
"Point Reyes Stat, CA",1
"Point Roberts, WA",1
"Point Vivian, NY",1
"Pointblank, TX",1
"Pointe Aux Pins, MI",1
"Pointer, KY",1
"Points, WV",1
"Pojoaque Valley, NM",1
"Polacca, AZ",1
"Poland, IN",1
"Poland, ME",1
"Poland, NY",496
"Poland, OH",2459
"Poland Spring, ME",1
"Polebridge, MT",1
"Polk, MO",1
"Polk, NE",303
"Polk, OH",341
"Polk, PA",787
"Polk City, FL",1973
"Polk City, IA",4428
"Polkton, NC",3444
"Pollard, AR",206
"Pollock, ID",1
"Pollock, LA",484
"Pollock, MO",84
"Pollock, SD",226
"Pollocksville, NC",300
"Pollok, TX",1
"Polo, IL",2229
"Polo, MO",540
"Polson, MT",4777
"Polvadera, NM",1
"Pomaria, SC",181
"Pomeroy, IA",623
"Pomeroy, OH",1814
"Pomeroy, WA",1410
"Pomeroyton, KY",1
"Pomfret, MD",1
"Pomfret Center, CT",1
"Pomona, CA",152494
"Pomona, IL",1
"Pomona, KS",799
"Pomona, MO",1
"Pomona, NY",3235
"Pomona Park, FL",882
"Pompano Beach, FL",109393
"Pompeys Pillar, MT",1
"Pompton Lakes, NJ",11127
"Pompton Plains, NJ",1
"Ponca, AR",1
"Ponca, NE",937
"Ponca City, OK",24527
"Ponce De Leon, FL",555
"Ponce De Leon, MO",1
"Ponchatoula, LA",7209
"Pond, CA",1
"Pond Creek, OK",854
"Pond Eddy, NY",1
"Pond Gap, WV",1
"Ponder, TX",1571
"Ponderosa, NM",1
"Ponemah, MN",1
"Poneto, IN",167
"Ponsford, MN",1
"Ponte Vedra Beac, FL",1
"Pontiac, IL",11827
"Pontiac, MI",59698
"Pontiac, MO",1
"Pontoosuc, IL",142
"Pontotoc, MS",6109
"Pontotoc, TX",1
"Pony, MT",1
"Pool, WV",1
"Pooler, GA",23744
"Poolesville, MD",5190
"Poolville, TX",1
"Pope, MS",209
"Pope Valley, CA",1
"Popejoy, IA",76
"Poplar, MT",854
"Poplar, WI",598
"Poplar Bluff, MO",17233
"Poplar Branch, NC",1
"Poplar Grove, AR",1
"Poplar Grove, IL",5054
"Poplarville, MS",2977
"Poquoson, VA",12017
"Porcupine, SD",1
"Port Acres, TX",1
"Port Allegany, PA",2053
"Port Allen, LA",5102
"Port Alsworth, AK",1
"Port Angeles, WA",19833
"Port Arthur, TX",55427
"Port Austin, MI",633
"Port Barre, LA",2119
"Port Byron, IL",1637
"Port Byron, NY",1231
"Port Carbon, PA",1807
"Port Charlotte, FL",6
"Port Clinton, OH",5945
"Port Clinton, PA",317
"Port Costa, CA",1
"Port Edwards, WI",1750
"Port Ewen, NY",1
"Port Gibson, MS",1430
"Port Graham, AK",1
"Port Hadlock, WA",1
"Port Heiden, AK",97
"Port Henry, NY",1130
"Port Hope, MI",254
"Port Hueneme, CA",22277
"Port Hueneme Cbc, CA",1
"Port Huron, MI",29231
"Port Isabel, TX",5019
"Port Jefferson, NY",7794
"Port Jefferson S, NY",1
"Port Jervis, NY",8572
"Port Lavaca, TX",12400
"Port Leyden, NY",664
"Port Ludlow, WA",1
"Port Mansfield, TX",1
"Port Matilda, PA",594
"Port Monmouth, NJ",1
"Port Murray, NJ",1
"Port Neches, TX",12809
"Port Norris, NJ",1
"Port O Connor, TX",1
"Port Orange, FL",61105
"Port Orford, OR",1159
"Port Reading, NJ",1
"Port Republic, MD",1
"Port Republic, NJ",1085
"Port Republic, VA",1
"Port Richey, FL",2812
"Port Royal, PA",924
"Port Royal, SC",12785
"Port Royal, VA",197
"Port Saint Joe, FL",3474
"Port Saint John, FL",1
"Port Saint Lucie, FL",185132
"Port Sanilac, MI",595
"Port Sulphur, LA",1
"Port Tobacco, MD",1
"Port Townsend, WA",9527
"Port Trevorton, PA",1
"Port Vincent, LA",768
"Port Washington, NY",1
"Port Washington, OH",566
"Port Washington, WI",11642
"Port Wentworth, GA",7933
"Port Wing, WI",1
"Portage, IN",36505
"Portage, ME",1
"Portage, OH",466
"Portage, WI",10365
"Portage Des Siou, MO",1
"Portageville, MO",3109
"Portageville, NY",1
"Portal, AZ",1
"Portal, GA",650
"Portal, ND",150
"Portales, NM",11989
"Porter, IN",4846
"Porter, ME",1
"Porter, MN",180
"Porter, OK",596
"Porter, TX",1
"Porter Corners, NY",1
"Porter Ranch, CA",1
"Porterfield, WI",1
"Portersville, PA",234
"Porterville, CA",58978
"Porterville, MS",1
"Porthill, ID",1
"Portia, AR",419
"Portis, KS",98
"Portland, AR",405
"Portland, CT",1
"Portland, IN",6161
"Portland, ME",66937
"Portland, MI",3936
"Portland, MO",1
"Portland, ND",593
"Portland, NY",1
"Portland, OH",1
"Portland, OR",639863
"Portland, TN",12522
"Portland, TX",16618
"Portland Mills, PA",1
"Portlandville, NY",1
"Portola, CA",1920
"Portsmouth, IA",188
"Portsmouth, NH",21485
"Portsmouth, OH",20422
"Portsmouth, RI",1
"Portsmouth, VA",95252
"Portville, NY",974
"Porum, OK",710
"Posen, IL",5929
"Posen, MI",224
"Posey, CA",1
"Poseyville, IN",1028
"Post, OR",1
"Post, TX",5372
"Post Falls, ID",31865
"Post Mills, VT",1
"Postelle, TN",1
"Postville, IA",2116
"Poteau, OK",8859
"Poteet, TX",3446
"Poth, TX",2213
"Potlatch, ID",813
"Potomac, IL",710
"Potomac, MD",1
"Potosi, MO",2643
"Potosi, WI",675
"Potrero, CA",1
"Potsdam, NY",9708
"Potter, NE",326
"Potter Valley, CA",1
"Pottersdale, PA",1
"Pottersville, MO",1
"Pottersville, NY",1
"Potterville, MI",2631
"Potts Camp, MS",497
"Pottsboro, TX",2306
"Pottsville, AR",3095
"Pottsville, PA",13738
"Pottsville, TX",1
"Potwin, KS",434
"Poughkeepsie, AR",1
"Poughquag, NY",1
"Poulan, GA",803
"Poulsbo, WA",10400
"Poultney, VT",1608
"Pound, VA",954
"Pound, WI",372
"Pound Ridge, NY",1
"Pounding Mill, VA",1
"Poway, CA",50077
"Powder Springs, GA",14956
"Powder Springs, TN",1
"Powderhorn, CO",1
"Powderly, TX",1
"Powderville, MT",1
"Powell, MO",1
"Powell, TN",1
"Powell, TX",137
"Powell, WY",6407
"Powell Butte, OR",1
"Powells Point, NC",1
"Powellton, WV",1
"Power, MT",1
"Powers, MI",415
"Powers, OR",678
"Powersite, MO",1
"Powersville, GA",1
"Powersville, MO",59
"Powhatan, AR",69
"Powhatan, VA",1
"Powhatan Point, OH",1566
"Powhattan, KS",75
"Pownal, ME",1
"Pownal, VT",1
"Poy Sippi, WI",1
"Poyen, AR",289
"Poynette, WI",2498
"Poynor, MO",1
"Prague, NE",309
"Prague, OK",2453
"Prairie, AL",1
"Prairie, MS",1
"Prairie City, IA",1712
"Prairie City, IL",363
"Prairie City, OR",876
"Prairie City, SD",1
"Prairie Du Chien, WI",5718
"Prairie Du Roche, IL",1
"Prairie Du Sac, WI",4313
"Prairie Farm, WI",443
"Prairie Grove, AR",5347
"Prairie Hill, TX",1
"Prairie Home, MO",283
"Prairie View, IL",1
"Prairie View, KS",127
"Prairie Village, KS",21805
"Prather, CA",1
"Pratt, KS",6771
"Pratts, VA",1
"Prattsburg, NY",1
"Prattsville, AR",308
"Prattsville, NY",1
"Prattville, AL",35606
"Pray, MT",1
"Preble, NY",1
"Premium, KY",1
"Premont, TX",2627
"Prentice, WI",619
"Prentiss, MS",982
"Prescott, AR",3073
"Prescott, AZ",42513
"Prescott, IA",242
"Prescott, KS",263
"Prescott, MI",256
"Prescott, WA",304
"Prescott, WI",4229
"Prescott Valley, AZ",43132
"Presho, SD",507
"Presidio, TX",3959
"Presque Isle, ME",9106
"Presque Isle, PA",1
"Presto, PA",1
"Preston, CT",1
"Preston, GA",1
"Preston, IA",978
"Preston, ID",5354
"Preston, MD",706
"Preston, MN",1305
"Preston, MO",219
"Preston, MS",1
"Preston Hollow, NY",1
"Preston Park, PA",1
"Pretty Prairie, KS",672
"Prewitt, NM",1
"Price, TX",1
"Price, UT",8371
"Prichard, AL",22185
"Prichard, WV",1
"Priddy, TX",1
"Pride, LA",1
"Priest River, ID",1773
"Prim, AR",1
"Primghar, IA",876
"Primm Springs, TN",1
"Primos Secane, PA",1
"Primrose, NE",60
"Prince Frederick, MD",1
"Prince George, VA",1
"Princess Anne, MD",3593
"Princeton, AL",1
"Princeton, CA",1
"Princeton, FL",1
"Princeton, IA",940
"Princeton, ID",1
"Princeton, IL",7599
"Princeton, IN",8632
"Princeton, KS",262
"Princeton, KY",6119
"Princeton, LA",1
"Princeton, MA",1
"Princeton, ME",1
"Princeton, MI",1
"Princeton, MN",4707
"Princeton, MO",1127
"Princeton, NC",1307
"Princeton, NJ",31249
"Princeton, TX",9405
"Princeton, WI",1175
"Princeton Juncti, NJ",1
"Princeton Univer, NJ",1
"Princeville, HI",1
"Princeville, IL",1715
"Prineville, OR",9928
"Prinsburg, MN",499
"Printer, KY",1
"Prior Lake, MN",25863
"Proctor, AR",1
"Proctor, MN",3059
"Proctor, MT",1
"Proctor, OK",1
"Proctor, VT",1
"Proctor, WV",1
"Proctorsville, VT",1
"Proctorville, OH",556
"Prole, IA",1
"Promise City, IA",113
"Prompton, PA",237
"Prophetstown, IL",1992
"Prospect, CT",1
"Prospect, KY",4875
"Prospect, OH",1060
"Prospect, OR",1
"Prospect, PA",1125
"Prospect, TN",1
"Prospect, VA",1
"Prospect Harbor, ME",1
"Prospect Heights, IL",16242
"Prospect Hill, NC",1
"Prospect Park, PA",6472
"Prosper, ND",1
"Prosper, TX",18379
"Prosperity, PA",1
"Prosperity, SC",1205
"Prosser, NE",71
"Prosser, WA",6040
"Protection, KS",502
"Protem, MO",1
"Provencal, LA",610
"Providence, KY",3102
"Providence, NC",1
"Providence, RI",179219
"Providence, UT",7270
"Providence Forge, VA",1
"Provincetown, MA",1
"Provo, SD",1
"Provo, UT",116868
"Prudence Island, RI",1
"Prudenville, MI",1
"Prudhoe Bay, AK",1
"Prue, OK",472
"Prunedale, CA",1
"Pryor, OK",1
"Pryse, KY",1
"Pueblo, CO",110291
"Pueblo, KY",1
"Pueblo West, CO",1
"Puerto De Luna, NM",1
"Puget Sound Nava, WA",1
"Pukwana, SD",296
"Pulaski, IA",282
"Pulaski, IL",187
"Pulaski, KY",1
"Pulaski, MS",1
"Pulaski, NY",2282
"Pulaski, PA",1
"Pulaski, TN",7758
"Pulaski, VA",8837
"Pulaski, WI",3544
"Pulga, CA",1
"Pullman, MI",1
"Pullman, WA",33282
"Pullman, WV",142
"Pulteney, NY",1
"Puncheon, KY",1
"Punta Gorda, FL",18796
"Punxsutawney, PA",5814
"Puposky, MN",1
"Purcell, OK",6442
"Purchase, NY",1
"Purdin, MO",183
"Purdon, TX",1
"Purdum, NE",1
"Purdy, MO",1102
"Purdys, NY",1
"Purgitsville, WV",1
"Puritan, PA",1
"Purlear, NC",1
"Purling, NY",1
"Purmela, TX",1
"Pursglove, WV",1
"Purvis, MS",2341
"Puryear, TN",672
"Put In Bay, OH",1
"Putnam, CT",1
"Putnam, IL",1
"Putnam, OK",29
"Putnam Station, NY",1
"Putnam Valley, NY",1
"Putney, KY",1
"Putney, VT",1
"Puxico, MO",862
"Puyallup, WA",40640
"Pylesville, MD",1
"Pyote, TX",122
"Pyrmid, KY",1
"Quail, TX",1
"Quail Heights, FL",5
"Quakake, PA",1
"Quaker City, OH",491
"Quaker Hill, CT",1
"Quakertown, PA",8798
"Quality, KY",1
"Quamba, MN",129
"Quanah, TX",2478
"Quantico, MD",1
"Quantico, VA",540
"Quapaw, OK",896
"Quarryville, PA",2748
"Quartz Hill, CA",1
"Quasqueton, IA",544
"Quay, NM",1
"Quebeck, TN",1
"Queen Anne, MD",215
"Queen City, MO",590
"Queen City, TX",1466
"Queens, NY",2333054
"Queens Village, NY",3
"Queensbury, NY",2
"Queenstown, MD",659
"Quemado, NM",1
"Quenemo, KS",370
"Questa, NM",1754
"Quick, WV",1
"Quicksand, KY",1
"Quilcene, WA",1
"Quimby, IA",302
"Quinault, WA",1
"Quinby, SC",942
"Quincy, CA",1
"Quincy, FL",7680
"Quincy, IL",40531
"Quincy, IN",1
"Quincy, KY",1
"Quincy, MA",93688
"Quincy, MI",1630
"Quincy, MO",1
"Quincy, OH",695
"Quincy, WA",7387
"Quinebaug, CT",1
"Quinhagak, AK",699
"Quinlan, TX",1470
"Quinnesec, MI",1
"Quintana, TX",68
"Quinter, KS",954
"Quinton, AL",1
"Quinton, OK",996
"Quinton, VA",1
"Quitaque, TX",370
"Quitman, AR",735
"Quitman, GA",3888
"Quitman, LA",173
"Quitman, MO",43
"Quitman, MS",2189
"Quitman, TX",1843
"Qulin, MO",449
"Rabbit Hash, KY",1
"Rabun Gap, GA",1
"Raccoon Ford, VA",1
"Raceland, KY",2384
"Raceland, LA",1
"Rachel, WV",1
"Racine, MN",534
"Racine, OH",658
"Racine, PA",1
"Racine, WI",77571
"Racine, WV",1
"Rackerby, CA",1
"Raco, MI",1
"Radcliff, KY",22490
"Radcliff, OH",1
"Radcliffe, IA",536
"Radersburg, MT",1
"Radford, IL",1
"Radiant, VA",1
"Radisson, WI",241
"Radium, KS",24
"Radium, MN",1
"Radley, KS",1
"Radnor, OH",1
"Radnor, PA",1
"Radnor, WV",1
"Raeford, NC",4998
"Ragan, NE",39
"Ragland, AL",1697
"Ragley, LA",1
"Rago, KS",1
"Rahway, NJ",29451
"Raiford, FL",244
"Rainbow, TX",1
"Rainelle, WV",1468
"Rainier, OR",1960
"Rainier, WA",2011
"Rainsville, AL",5015
"Raisin, CA",1
"Rake, IA",219
"Raleigh, IL",344
"Raleigh, MS",1416
"Raleigh, NC",458880
"Raleigh, ND",1
"Ralph, AL",1
"Ralph, SD",1
"Ralston, IA",75
"Ralston, NE",7329
"Ralston, OK",329
"Ralston, PA",1
"Ramage, WV",1
"Ramah, CO",127
"Ramah, LA",1
"Ramah, NM",1
"Ramer, AL",1
"Ramer, TN",318
"Ramey, PA",442
"Ramona, CA",1
"Ramona, KS",179
"Ramona, OK",545
"Ramona, SD",205
"Rampart, AK",1
"Ramsay, MT",1
"Ramsey, IL",1013
"Ramsey, IN",1
"Ramsey, MN",26206
"Ramsey, NJ",15116
"Ramsey, WV",1
"Ranburne, AL",407
"Ranchester, WY",944
"Ranchita, CA",1
"Rancho Cordova, CA",72326
"Rancho Cucamonga, CA",176534
"Rancho Dominguez, CA",1
"Rancho Mirage, CA",18194
"Rancho Murieta, CA",1
"Rancho Palos Ver, CA",2
"Rancho Santa Mar, CA",1
"Ranchos De Taos, NM",1
"Randalia, IA",65
"Randall, IA",167
"Randall, KS",62
"Randall, MN",620
"Randallstown, MD",1
"Randle, WA",1
"Randleman, NC",4166
"Randlett, OK",422
"Randlett, UT",1
"Randolph, AL",1
"Randolph, IA",154
"Randolph, KS",163
"Randolph, MA",1
"Randolph, ME",1
"Randolph, MN",447
"Randolph, MO",55
"Randolph, NE",928
"Randolph, NJ",1
"Randolph, NY",1
"Randolph, UT",466
"Randolph, VA",1
"Randolph, VT",1
"Randolph, WI",1767
"Randolph A F B, TX",2
"Randolph Center, VT",1
"Random Lake, WI",1592
"Randsburg, CA",1
"Range, AL",1
"Rangeley, ME",1
"Rangely, CO",2364
"Ranger, GA",135
"Ranger, TX",2456
"Ranger, WV",1
"Ranier, MN",560
"Rankin, IL",530
"Rankin, PA",2069
"Ranshaw, PA",1
"Ransom, IL",371
"Ransom, KS",274
"Ransom Canyon, TX",1135
"Ransomville, NY",1
"Ranson, WV",5166
"Rantoul, IL",12815
"Rantoul, KS",182
"Rapelje, MT",1
"Raphine, VA",1
"Rapid City, MI",1
"Rapid City, SD",74048
"Rapid River, MI",1
"Rapidan, VA",1
"Rappahannock Aca, VA",1
"Raquette Lake, NY",1
"Rarden, OH",153
"Raritan, IL",130
"Raritan, NJ",8007
"Ratcliff, AR",197
"Rathdrum, ID",7921
"Ratliff City, OK",120
"Raton, NM",6103
"Rattan, OK",294
"Raub, ND",1
"Raven, KY",2
"Raven, VA",1
"Ravena, NY",3238
"Ravencliff, WV",1
"Ravendale, CA",1
"Ravenden, AR",450
"Ravenden Springs, AR",118
"Ravenel, SC",2628
"Ravenna, KY",586
"Ravenna, MI",1219
"Ravenna, NE",1373
"Ravenna, OH",11533
"Ravenna, TX",209
"Ravenscroft, TN",1
"Ravensdale, WA",1
"Ravenswood, WV",3825
"Ravenwood, MO",404
"Ravinia, SD",63
"Rawlings, MD",1
"Rawlings, VA",1
"Rawlins, WY",9075
"Rawson, ND",1
"Rawson, OH",568
"Ray, MN",1
"Ray, OH",1
"Ray City, GA",1053
"Rayland, OH",396
"Raymond, CA",1
"Raymond, GA",1
"Raymond, IA",809
"Raymond, IL",964
"Raymond, KS",77
"Raymond, ME",1
"Raymond, MN",752
"Raymond, MT",1
"Raymond, NH",1
"Raymond, OH",1
"Raymond, SD",52
"Raymond, WA",2871
"Raymondville, MO",364
"Raymondville, TX",11173
"Raymore, MO",20839
"Rayne, LA",8134
"Raynesford, MT",1
"Raynham, MA",1
"Raytown, MO",29261
"Rayville, MO",1
"Raywick, KY",135
"Rea, MO",50
"Reader, AR",1
"Reader, WV",1
"Readfield, ME",1
"Reading, KS",230
"Reading, MA",1
"Reading, MI",1050
"Reading, MN",1
"Reading, PA",87575
"Reading, VT",1
"Readlyn, IA",833
"Readsboro, VT",1
"Readstown, WI",417
"Readyville, TN",1
"Reagan, TN",1
"Reagan, TX",1
"Realitos, TX",1
"Reardan, WA",567
"Reasnor, IA",153
"Rebecca, GA",168
"Rebersburg, PA",1
"Rebuck, PA",1
"Recluse, WY",1
"Rector, AR",1814
"Rector, PA",1
"Red Bank, TN",11813
"Red Banks, MS",1
"Red Bay, AL",3119
"Red Bluff, CA",14158
"Red Boiling Spri, TN",1
"Red Bud, IL",3559
"Red Cloud, NE",948
"Red Creek, NY",503
"Red Creek, WV",1
"Red Devil, AK",1
"Red Feather Lake, CO",1
"Red Hill, PA",2378
"Red Hook, NY",1979
"Red House, VA",1
"Red House, WV",1
"Red Lake Falls, MN",1387
"Red Level, AL",485
"Red Lion, PA",6303
"Red Lodge, MT",2237
"Red Oak, IA",5476
"Red Oak, OK",500
"Red Oak, VA",1
"Red Rock, OK",280
"Red Rock, TX",1
"Red Springs, NC",3419
"Red Top, CA",1
"Red Wing, MN",16526
"Redby, MN",1
"Redcrest, CA",1
"Reddick, FL",527
"Reddick, IL",157
"Redding, CA",91808
"Redding, IA",81
"Redfield, AR",1510
"Redfield, IA",826
"Redfield, KS",142
"Redfield, NY",1
"Redfield, SD",2339
"Redford, MI",2
"Redford, MO",1
"Redford, NY",1
"Redfox, KY",1
"Redgranite, WI",2123
"Redkey, IN",1338
"Redlake, MN",1
"Redlands, CA",71288
"Redmond, OR",29322
"Redmond, WA",62458
"Redondo Beach, CA",67867
"Redowl, SD",1
"Redstone, MT",1
"Redvale, CO",1
"Redway, CA",1
"Redwood, MS",1
"Redwood, NY",1
"Redwood City, CA",84950
"Redwood Valley, CA",1
"Ree Heights, SD",60
"Reed, AR",156
"Reed, KY",1
"Reed, OK",1
"Reed City, MI",2385
"Reeder, ND",158
"Reeders, PA",1
"Reedley, CA",25582
"Reedpoint, MT",1
"Reeds, MO",94
"Reedsburg, WI",9537
"Reedsville, OH",1
"Reedsville, PA",1
"Reedsville, WI",1170
"Reedsville, WV",596
"Reedville, VA",1
"Reedy, WV",172
"Reedyville, KY",1
"Reelsville, IN",1
"Reese, MI",1394
"Reese Air Force, TX",1
"Reeseville, WI",680
"Reeves, LA",229
"Reevesville, SC",206
"Reform, AL",1616
"Refugio, TX",2876
"Regan, ND",44
"Regency, VA",1
"Regent, ND",169
"Regina, KY",1
"Regina, NM",1
"Register, GA",179
"Rego Park, NY",1
"Rehoboth, MA",1
"Reidsville, GA",2613
"Reidsville, NC",13977
"Reinbeck, IA",1635
"Reinholds, PA",1
"Reisterstown, MD",1
"Reklaw, TX",381
"Reliance, SD",219
"Reliance, TN",1
"Reliance, VA",1
"Rembert, SC",1
"Rembrandt, IA",204
"Remer, MN",391
"Reminderville, OH",4109
"Remington, IN",1185
"Remington, VA",631
"Remlap, AL",1
"Remlik, VA",1
"Remote, OR",1
"Remsen, IA",1650
"Remsen, NY",497
"Remus, MI",1
"Renault, IL",1
"Renfrew, PA",1
"Renick, WV",1
"Renner, SD",1
"Reno, NV",245255
"Reno, OH",1
"Renovo, PA",1218
"Rensselaer, NY",9340
"Rensselaer Falls, NY",318
"Rensselaerville, NY",1
"Renton, WA",100953
"Rentz, GA",292
"Renville, MN",1202
"Renwick, IA",267
"Replete, WV",1
"Repton, AL",266
"Republic, KS",109
"Republic, MI",1
"Republic, MO",16116
"Republic, OH",526
"Republic, PA",1
"Republic, WA",1069
"Republican City, NE",155
"Rescue, CA",1
"Research Triangl, NC",1
"Reseda, CA",1
"Reserve, KS",82
"Reserve, LA",1
"Reserve, MT",1
"Reserve, NM",276
"Reston, VA",2
"Reubens, ID",64
"Reva, SD",1
"Reva, VA",1
"Revelo, KY",1
"Revere, MA",53157
"Revere, MN",91
"Rew, PA",1
"Rewey, WI",295
"Rex, GA",1
"Rexburg, ID",28222
"Rexford, MT",151
"Rexford, NY",1
"Rexville, NY",1
"Reydell, AR",1
"Reydon, OK",210
"Reynolds, GA",1025
"Reynolds, IL",512
"Reynolds, IN",517
"Reynolds, ND",300
"Reynolds, NE",66
"Reynolds Station, KY",1
"Reynoldsburg, OH",37449
"Reynoldsville, PA",2688
"Rhame, ND",175
"Rhine, GA",371
"Rhinebeck, NY",2592
"Rhineland, MO",134
"Rhoadesville, VA",1
"Rhodelia, KY",1
"Rhodes, IA",306
"Rhodes, MI",1
"Rhodesdale, MD",1
"Rhome, TX",1684
"Rialto, CA",103314
"Rib Lake, WI",891
"Ribera, NM",1
"Rice, KS",1
"Rice, MN",1361
"Rice, TX",947
"Rice, VA",1
"Rice, WA",1
"Riceboro, GA",765
"Rices Landing, PA",437
"Ricetown, KY",1
"Riceville, IA",806
"Riceville, KY",1
"Riceville, TN",1
"Rich Creek, VA",754
"Rich Hill, MO",1332
"Rich Square, NC",884
"Richards, MO",96
"Richards, TX",1
"Richardson, TX",113347
"Richardsville, VA",1
"Richardton, ND",543
"Richboro, PA",1
"Richburg, SC",263
"Richey, MT",187
"Richfield, ID",479
"Richfield, KS",38
"Richfield, MN",35949
"Richfield, NC",606
"Richfield, NE",1
"Richfield, OH",3640
"Richfield, PA",1
"Richfield, WI",11622
"Richfield Spring, NY",1
"Richford, NY",1
"Richford, VT",1
"Richland, GA",1411
"Richland, IA",559
"Richland, IN",1
"Richland, MI",801
"Richland, MO",1801
"Richland, MS",7111
"Richland, MT",1
"Richland, NE",72
"Richland, NJ",1
"Richland, NY",1
"Richland, OR",177
"Richland, PA",1583
"Richland, TX",266
"Richland, WA",54989
"Richland Springs, TX",313
"Richlands, NC",1678
"Richlands, VA",5428
"Richlandtown, PA",1305
"Richmond, CA",109813
"Richmond, IL",1897
"Richmond, IN",35664
"Richmond, KS",452
"Richmond, KY",34652
"Richmond, MA",1
"Richmond, ME",1
"Richmond, MI",5876
"Richmond, MN",1439
"Richmond, MO",5575
"Richmond, NH",1
"Richmond, OH",455
"Richmond, RI",5
"Richmond, UT",2600
"Richmond, VA",223170
"Richmond Dale, OH",1
"Richmond Heights, MO",8389
"Richmond Heights, OH",10421
"Richmond Hill, GA",12482
"Richmond Hill, NY",1
"Richmondville, NY",867
"Richton, MS",1062
"Richton Park, IL",13557
"Richview, IL",238
"Richville, MN",97
"Richville, NY",316
"Richwood, LA",3446
"Richwood, MN",1
"Richwood, OH",2316
"Richwood, WV",1955
"Richwoods, MO",1
"Ricketts, IA",139
"Rickman, TN",1
"Rickreall, OR",1
"Riddle, OR",1201
"Riddleton, TN",1
"Ridge, MD",1
"Ridge, NY",1
"Ridge, VA",1
"Ridge Farm, IL",840
"Ridge Manor, FL",1
"Ridge Manor Esta, FL",1
"Ridge Manor West, FL",1
"Ridge Spring, SC",752
"Ridgedale, MO",1
"Ridgefield, CT",1
"Ridgefield, NJ",11357
"Ridgefield, WA",7066
"Ridgefield Park, NJ",13059
"Ridgeland, MS",24483
"Ridgeland, WI",282
"Ridgely, MD",1624
"Ridgely, TN",1707
"Ridgeview, WV",1
"Ridgeville, IN",765
"Ridgeville, SC",1780
"Ridgeway, CT",1
"Ridgeway, IA",300
"Ridgeway, MI",1
"Ridgeway, MO",445
"Ridgeway, OH",334
"Ridgeway, SC",303
"Ridgeway, VA",697
"Ridgeway, WI",635
"Ridgewood, NJ",25533
"Ridgewood, NY",1
"Ridgway, CO",979
"Ridgway, IL",807
"Ridley Park, PA",7023
"Ridott, IL",158
"Riegelsville, PA",854
"Riegelwood, NC",1
"Rienzi, MS",315
"Riesel, TX",1018
"Riffle, WV",1
"Rifle, CO",9665
"Rig, WV",1
"Riga, MI",1
"Rigby, ID",4062
"Riggins, ID",406
"Riley, KS",972
"Riley, MI",1
"Riley, OR",1
"Rileyville, VA",1
"Rillton, PA",1
"Rimini, SC",1
"Rimrock, AZ",1
"Rinard, IL",1
"Rinard Mills, OH",1
"Rincon, GA",9935
"Rincon, NM",1
"Rindge, NH",1
"Riner, VA",1
"Rineyville, KY",1
"Ringgold, GA",4378
"Ringgold, LA",1441
"Ringgold, PA",1
"Ringgold, TX",1
"Ringgold, VA",1
"Ringle, WI",1
"Ringling, MT",1
"Ringling, OK",995
"Ringoes, NJ",1
"Ringold, OK",1
"Ringsted, IA",383
"Ringtown, PA",791
"Ringwood, IL",818
"Ringwood, NJ",12399
"Ringwood, OK",514
"Rio, IL",213
"Rio, WI",1046
"Rio, WV",1
"Rio Bravo, TX",4749
"Rio Dell, CA",3408
"Rio Frio, TX",1
"Rio Grande, NJ",1
"Rio Grande City, TX",14483
"Rio Hondo, TX",2613
"Rio Linda, CA",1
"Rio Oso, CA",1
"Rio Rancho, NM",96028
"Rio Vista, CA",8641
"Rio Vista, TX",944
"Riomedina, TX",1
"Ripley, MS",5373
"Ripley, NY",1
"Ripley, OH",1713
"Ripley, OK",403
"Ripley, TN",8116
"Ripley, WV",3245
"Ripon, CA",15463
"Ripon, WI",7764
"Rippey, IA",285
"Ripplemead, VA",1
"Ripton, VT",1
"Ririe, ID",643
"Rising City, NE",358
"Rising Fawn, GA",1
"Rising Star, TX",833
"Rising Sun, IN",2195
"Rising Sun, MD",2799
"Risingsun, OH",626
"Rison, AR",1270
"Rison, MD",1
"Ritter, OR",1
"Ritter, SC",1
"Rittman, OH",6593
"Ritzville, WA",1626
"Riva, MD",1
"River, KY",1
"River Edge, NJ",11647
"River Falls, WI",15339
"River Forest, IL",11088
"River Grove, IL",10134
"River Oaks, TX",7740
"River Rouge, MI",7482
"Riverbank, CA",24389
"Riverdale, CA",1
"Riverdale, GA",16258
"Riverdale, IL",13398
"Riverdale, MD",1
"Riverdale, MI",1
"Riverdale, ND",228
"Riverdale, NE",185
"Riverdale, NJ",4253
"Riverhead, NY",1
"Riverside, AL",2316
"Riverside, CA",324722
"Riverside, CT",1
"Riverside, IA",1039
"Riverside, ND",1
"Riverside, OR",1
"Riverside, PA",1899
"Riverside, RI",1
"Riverside, WA",268
"Riverton, CT",1
"Riverton, IA",285
"Riverton, KS",1
"Riverton, MO",1
"Riverton, NE",84
"Riverton, VT",1
"Riverton, WV",1
"Riverton, WY",10997
"Riverview, FL",1
"Riverview, MI",12103
"Rives, TN",316
"Rives Junction, MI",1
"Rivesville, WV",934
"Riviera, TX",1
"Riviera Beach, FL",34244
"Riviera Beach, MD",1
"Rixeyville, VA",1
"Rixford, PA",1
"Roach, MO",1
"Roachdale, IN",895
"Road Forks, NM",1
"Roaming Shores, OH",1472
"Roan Mountain, TN",1
"Roann, IN",465
"Roanoke, IL",2056
"Roanoke, IN",1691
"Roanoke, LA",1
"Roanoke, VA",99660
"Roanoke, WV",1
"Roanoke Rapids, NC",15171
"Roaring Branch, PA",1
"Roaring Gap, NC",1
"Roaring River, NC",1
"Roaring Spring, PA",2513
"Roaring Springs, TX",225
"Roark, KY",1
"Robards, KY",509
"Robbins, IL",5460
"Robbins, NC",1180
"Robbins, TN",1
"Robbinsdale, MN",14461
"Robbinston, ME",1
"Robbinsville, NC",597
"Robbs, IL",1
"Robeline, LA",170
"Robersonville, NC",1414
"Robert, LA",1
"Robert Lee, TX",1025
"Roberta, GA",992
"Roberts, ID",579
"Roberts, IL",346
"Roberts, MT",1
"Roberts, WI",1682
"Robertsburg, WV",1
"Robertsdale, AL",5990
"Robertsdale, PA",1
"Robertsville, MO",1
"Robesonia, PA",2057
"Robinette, WV",1
"Robins, IA",3535
"Robins A F B, GA",1
"Robinson, IL",7596
"Robinson, PA",1
"Robinson Creek, KY",1
"Robinsonville, MS",1
"Robson, WV",1
"Robstown, TX",11517
"Roby, MO",1
"Roby, TX",626
"Roca, NE",283
"Rochdale, MA",1
"Rochelle, GA",1112
"Rochelle, IL",9227
"Rochelle, TX",1
"Rocheport, MO",249
"Rochert, MN",1
"Rochester, IN",6021
"Rochester, KY",154
"Rochester, MA",1
"Rochester, MN",114011
"Rochester, NH",30345
"Rochester, NY",208880
"Rochester, PA",3534
"Rochester, TX",312
"Rochester, VT",1
"Rochester, WA",1
"Rochester Hills, MI",73422
"Rochester Mills, PA",1
"Rochford, SD",1
"Rociada, NM",1
"Rock, KS",1
"Rock, MI",1
"Rock Camp, OH",1
"Rock Castle, WV",1
"Rock Cave, WV",1
"Rock City, IL",307
"Rock City Falls, NY",1
"Rock Creek, MN",1593
"Rock Creek, WV",1
"Rock Falls, IA",151
"Rock Falls, IL",8993
"Rock Glen, NY",1
"Rock Glen, PA",1
"Rock Hall, MD",1298
"Rock Hill, NY",1
"Rock Hill, SC",72937
"Rock Island, IL",38210
"Rock Island, WA",932
"Rock Mills, AL",1
"Rock Port, MO",1227
"Rock Rapids, IA",2550
"Rock River, WY",244
"Rock Spring, GA",1
"Rock Springs, AZ",1
"Rock Springs, WI",371
"Rock Springs, WY",23755
"Rock Stream, NY",1
"Rock Tavern, NY",1
"Rock Valley, IA",3730
"Rockaway, NJ",6478
"Rockaway, OR",1
"Rockaway Beach, MO",864
"Rockbridge, IL",159
"Rockbridge, OH",1
"Rockbridge Baths, VA",1
"Rockdale, IL",1941
"Rockdale, TX",5628
"Rockerville, SD",1
"Rockfall, CT",1
"Rockfish, VA",1
"Rockford, AL",444
"Rockford, IA",834
"Rockford, IL",147651
"Rockford, MI",6229
"Rockford, MN",4357
"Rockford, OH",1102
"Rockford, TN",861
"Rockford, WA",468
"Rockham, SD",32
"Rockholds, KY",1
"Rockingham, NC",9080
"Rocklake, ND",1
"Rockland, ID",288
"Rockland, MA",1
"Rockland, ME",7179
"Rockland, TX",1
"Rockland, WI",631
"Rockledge, FL",27068
"Rockledge, GA",1
"Rockleigh, NJ",533
"Rocklin, CA",62787
"Rockmart, GA",4299
"Rockport, IL",1
"Rockport, IN",2209
"Rockport, KY",271
"Rockport, MA",1
"Rockport, ME",1
"Rockport, TX",10645
"Rockport, WA",1
"Rockport, WV",1
"Rocks, MD",1
"Rocksprings, TX",1124
"Rockton, IL",7499
"Rockton, PA",1
"Rockvale, TN",1
"Rockville, IN",2542
"Rockville, MD",66940
"Rockville, MO",161
"Rockville, NE",103
"Rockville, VA",1
"Rockville Centre, NY",24571
"Rockwell, IA",1012
"Rockwell, NC",2144
"Rockwell City, IA",2137
"Rockwood, IL",40
"Rockwood, ME",1
"Rockwood, PA",846
"Rockwood, TN",5443
"Rockwood, TX",1
"Rockwood Corners, OR",1
"Rocky, OK",160
"Rocky Comfort, MO",1
"Rocky Face, GA",1
"Rocky Ford, CO",3816
"Rocky Ford, GA",141
"Rocky Gap, VA",1
"Rocky Hill, CT",1
"Rocky Hill, KY",1
"Rocky Hill, NJ",688
"Rocky Mount, MO",1
"Rocky Mount, NC",55466
"Rocky Mount, VA",4798
"Rocky Point, NC",1
"Rocky Point, NY",1
"Rocky Ridge, MD",1
"Rocky River, OH",20264
"Rockybranch, KY",1
"Rodeo, CA",1
"Rodessa, LA",262
"Rodman, IA",44
"Rodman, NY",1
"Rodney, IA",58
"Rodney, MI",1
"Roe, AR",101
"Roebling, NJ",1
"Roebuck, SC",1
"Roessleville, NY",1
"Roff, OK",720
"Rogers, AR",65021
"Rogers, KY",1
"Rogers, MN",12748
"Rogers, NE",93
"Rogers, NM",1
"Rogers, OH",231
"Rogers, TX",1212
"Rogers City, MI",2695
"Rogerson, ID",1
"Rogersville, AL",1220
"Rogersville, MO",3519
"Rogersville, PA",1
"Rogersville, TN",4375
"Roggen, CO",1
"Rogue River, OR",2266
"Rohnert Park, CA",42622
"Rohrerstown, PA",1
"Rohrersville, MD",1
"Rohwer, AR",1
"Roland, AR",1
"Roland, IA",1297
"Roland, OK",3637
"Rolesville, NC",6962
"Rolfe, IA",549
"Roll, AZ",1
"Rolla, KS",393
"Rolla, MO",20075
"Rolla, ND",1325
"Rollag, MN",1
"Rolling Fork, MS",2025
"Rolling Meadows, IL",24021
"Rolling Prairie, IN",1
"Rollingstone, MN",652
"Rollins, MT",1
"Rollinsford, NH",1
"Rollinsville, CO",1
"Roma, TX",10265
"Romance, AR",1
"Romance, WV",1
"Rome, GA",36407
"Rome, IN",1
"Rome, NY",32415
"Rome, PA",412
"Rome City, IN",1399
"Romeoville, IL",39706
"Romney, IN",1
"Romney, WV",1759
"Romoland, CA",1
"Romulus, MI",23281
"Ronan, MT",2016
"Ronceverte, WV",1736
"Ronda, NC",413
"Ronks, PA",1
"Roodhouse, IL",1689
"Roopville, GA",228
"Roosevelt, AZ",1
"Roosevelt, MN",145
"Roosevelt, NY",1
"Roosevelt, OK",241
"Roosevelt, TX",1
"Roosevelt, UT",6905
"Roosevelt, WA",1
"Rootstown, OH",1
"Roper, NC",558
"Ropesville, TX",435
"Rosalia, KS",1
"Rosalia, WA",565
"Rosalie, NE",164
"Rosamond, IL",1
"Rosanky, TX",1
"Rosburg, WA",1
"Roscoe, IL",10521
"Roscoe, MT",1
"Roscoe, PA",789
"Roscoe, SD",313
"Roscoe, TX",1318
"Roscommon, MI",1042
"Rose, NE",1
"Rose Bud, AR",482
"Rose City, MI",633
"Rose Creek, MN",424
"Rose Hill, IA",166
"Rose Hill, KS",4015
"Rose Hill, MS",1
"Rose Hill, NC",1656
"Rose Hill, VA",1
"Roseboom, NY",1
"Roseboro, NC",1180
"Rosebud, MO",404
"Rosebud, MT",1
"Rosebud, TX",1377
"Roseburg, OR",22437
"Rosebush, MI",368
"Rosedale, IN",705
"Rosedale, KS",1
"Rosedale, LA",774
"Rosedale, MD",1
"Rosedale, MS",1727
"Rosedale, NY",1
"Rosedale, VA",1
"Rosedale, WV",1
"Roseglen, ND",1
"Roseland, AR",1
"Roseland, LA",1220
"Roseland, NE",254
"Roseland, NJ",5885
"Roseland, VA",1
"Roselle, IL",22814
"Roselle, NJ",21625
"Roselle Park, NJ",13638
"Rosemead, CA",54500
"Rosemont, IL",4169
"Rosemont, NJ",1
"Rosemount, MN",23911
"Rosenberg, TX",36937
"Rosendale, MO",144
"Rosendale, NY",1
"Rosendale, WI",1039
"Roseto, PA",1548
"Roseville, CA",132671
"Roseville, IL",971
"Roseville, MI",47602
"Roseville, MN",35691
"Roseville, OH",1848
"Rosewood, CA",1
"Rosharon, TX",1
"Rosholt, SD",423
"Rosholt, WI",489
"Rosiclare, IL",1051
"Rosie, AR",1
"Roslindale, MA",1
"Roslyn, NY",2856
"Roslyn, SD",178
"Roslyn Heights, NY",1
"Rosman, NC",587
"Ross, ND",110
"Rossburg, OH",196
"Rossford, OH",6570
"Rossiter, PA",1
"Rossmoor, CA",1
"Rosston, AR",245
"Rosston, OK",32
"Rosston, TX",1
"Rossville, GA",3982
"Rossville, IL",1261
"Rossville, IN",1628
"Rossville, KS",1130
"Rossville, OH",1
"Rossville, TN",818
"Rostraver, PA",1
"Roswell, GA",94598
"Roswell, NM",48184
"Roswell, SD",1
"Rotan, TX",1451
"Rothbury, MI",426
"Rothsay, MN",483
"Rothschild, WI",5347
"Rothville, MO",96
"Rotterdam, NY",1
"Rotterdam Juncti, NY",1
"Rougemont, NC",1
"Rough And Ready, CA",1
"Rougon, LA",1
"Roulette, PA",1
"Round Hill, VA",659
"Round Lake, IL",18375
"Round Lake, MN",371
"Round Lake, NY",625
"Round Mountain, NV",1
"Round Mountain, TX",171
"Round O, SC",1
"Round Oak, GA",1
"Round Pond, ME",1
"Round Rock, TX",120892
"Round Top, NY",1
"Round Top, TX",93
"Roundhead, OH",1
"Roundhill, KY",1
"Roundup, MT",1840
"Rouse, KY",1
"Rouses Point, NY",2161
"Rousseau, KY",1
"Rover, AR",1
"Rowan, IA",157
"Rowdy, KY",1
"Rowe, MA",1
"Rowe, VA",1
"Rowena, TX",1
"Rowesville, SC",293
"Rowland, NC",1042
"Rowland Heights, CA",1
"Rowlett, TX",61999
"Rowley, IA",268
"Rowley, MA",1
"Roxana, IL",1474
"Roxana, KY",1
"Roxboro, NC",8348
"Roxbury, CT",1
"Roxbury, KS",1
"Roxbury, MA",3
"Roxbury, ME",1
"Roxbury, NY",1
"Roxbury, VT",1
"Roxie, MS",475
"Roxobel, NC",220
"Roxton, TX",645
"Roy, MT",1
"Roy, NM",224
"Roy, UT",38201
"Roy, WA",822
"Royal, AR",1
"Royal, IA",417
"Royal, NE",60
"Royal, TN",1
"Royal Center, IN",835
"Royal City, WA",2196
"Royal Lakes, IL",1
"Royal Oak, MD",1
"Royal Oak, MI",59006
"Royal Palm Beach, FL",38006
"Royalton, IL",1126
"Royalton, KY",1
"Royalton, MN",1216
"Royse City, TX",12093
"Royston, GA",2563
"Rozel, KS",150
"Rozet, WY",1
"Rubicon, WI",1
"Rubidoux, CA",1
"Rubottom, OK",1
"Ruby, AK",163
"Ruby, MI",1
"Ruby, SC",351
"Ruby Valley, NV",1
"Rudd, IA",357
"Rudolph, OH",1
"Rudolph, WI",430
"Rudy, AR",159
"Rudyard, MT",1
"Rueter, MO",1
"Rufe, OK",1
"Ruffin, NC",1
"Ruffin, SC",1
"Ruffs Dale, PA",1
"Rufus, OR",242
"Ruidoso, NM",7770
"Ruidoso Downs, NM",2576
"Rule, TX",613
"Ruleville, MS",2727
"Rulo, NE",162
"Rumely, MI",1
"Rumford, ME",1
"Rumford, RI",1
"Rumford Center, ME",1
"Rumford Point, ME",1
"Rumney, NH",1
"Rumsey, CA",1
"Rumsey, KY",1
"Runa, WV",1
"Runge, TX",1096
"Runnells, IA",523
"Runnemede, NJ",8382
"Rupert, GA",1
"Rural Hall, NC",3158
"Rural Retreat, VA",1480
"Rural Valley, PA",842
"Rush, CO",1
"Rush, KY",1
"Rush Center, KS",158
"Rush City, MN",3132
"Rush Hill, MO",153
"Rush Springs, OK",1266
"Rush Valley, UT",479
"Rushford, MN",1717
"Rushford, NY",1
"Rushmore, MN",337
"Rushsylvania, OH",512
"Rushville, IN",6065
"Rushville, MO",275
"Rushville, NE",851
"Rushville, NY",672
"Rushville, OH",311
"Rushville, PA",1
"Ruskin, FL",1
"Ruskin, NE",118
"Ruso, ND",4
"Russell, IA",535
"Russell, KS",4500
"Russell, MA",1
"Russell, MN",333
"Russell, PA",1
"Russell Springs, KS",25
"Russells Point, OH",1370
"Russellton, PA",1
"Russellville, AL",9815
"Russellville, AR",29583
"Russellville, IN",349
"Russellville, MO",814
"Russellville, OH",528
"Russellville, TN",1
"Russelville, WV",1
"Russia, OH",652
"Russian Mission, AK",331
"Russian River, CA",1
"Russian River Md, CA",1
"Russiaville, IN",1097
"Rustburg, VA",1
"Ruston, LA",22370
"Ruth, CA",1
"Ruth, MI",1
"Ruth, MS",1
"Ruther Glen, VA",1
"Rutherford, NJ",18635
"Rutherford, TN",1108
"Rutherfordton, NC",4147
"Rutheron, NM",1
"Ruthven, IA",700
"Rutland, IA",125
"Rutland, IL",310
"Rutland, MA",1
"Rutland, ND",159
"Rutland, OH",378
"Rutland, SD",1
"Rutland, VT",15601
"Rutledge, AL",458
"Rutledge, GA",800
"Rutledge, MO",112
"Rutledge, TN",1189
"Ryan, IA",356
"Ryan, OK",784
"Ryan Park, WY",1
"Ryderwood, WA",1
"Rye, CO",157
"Rye, NH",1
"Rye, NY",15980
"Rye Brook, NY",9575
"Ryegate, MT",236
"Ryegate, VT",1
"S Coffeyville, OK",1
"S Ozone Park, NY",1
"S Richmond Hill, NY",1
"Sabattus, ME",1
"Sabetha, KS",2584
"Sabillasville, MD",1
"Sabin, MN",557
"Sabina, OH",2537
"Sabinal, TX",1709
"Sabinsville, PA",1
"Sabula, IA",551
"Sac City, IA",2105
"Sacaton, AZ",1
"Sachse, TX",25039
"Sackets Harbor, NY",1443
"Saco, ME",19213
"Saco, MT",197
"Sacramento, CA",495234
"Sacramento, KY",459
"Sacramento, NM",1
"Sacramento, PA",1
"Sacred Heart, MN",510
"Saddle Brook, NJ",1
"Sadieville, KY",340
"Sadler, KY",1
"Sadler, TX",362
"Sadorus, IL",413
"Saegertown, PA",965
"Safety Harbor, FL",17606
"Saffell, AR",1
"Safford, AL",1
"Safford, AZ",9604
"Sag Harbor, NY",2274
"Sage, AR",1
"Sagerton, TX",1
"Saginaw, MI",48984
"Saginaw, MN",1
"Saginaw, TX",22526
"Sagle, ID",1
"Sagola, MI",1
"Saguache, CO",488
"Sahuarita, AZ",28794
"Saint Agatha, ME",1
"Saint Albans, ME",1
"Saint Albans, VT",6792
"Saint Albans, WV",10553
"Saint Amant, LA",1
"Saint Ann, MO",12812
"Saint Anne, IL",1209
"Saint Ansgar, IA",1150
"Saint Anthony, IA",102
"Saint Anthony, ID",3504
"Saint Anthony, ND",1
"Saint Augustine, FL",14280
"Saint Augustine, IL",118
"Saint Benedict, PA",1
"Saint Bernard, LA",1
"Saint Bernard, OH",4348
"Saint Catharine, KY",1
"Saint Catharine, MO",1
"Saint Charles, AR",220
"Saint Charles, IA",618
"Saint Charles, ID",141
"Saint Charles, IL",32717
"Saint Charles, KY",269
"Saint Charles, MD",2
"Saint Charles, MI",1942
"Saint Charles, MN",3720
"Saint Charles, MO",69293
"Saint Charles, SC",1
"Saint Charles, SD",1
"Saint Charles, VA",117
"Saint Clair, MI",5367
"Saint Clair, MN",834
"Saint Clair, MO",4718
"Saint Clair, PA",2876
"Saint Clair Shor, MI",3
"Saint Clairsvill, OH",1
"Saint Cloud, FL",47809
"Saint Cloud, MN",67641
"Saint Cloud, WI",458
"Saint Croix, IN",1
"Saint Croix Fall, WI",1
"Saint David, AZ",1
"Saint David, IL",550
"Saint David, ME",1
"Saint Davids Chu, VA",1
"Saint Donatus, IA",131
"Saint Edward, NE",681
"Saint Elizabeth, MO",343
"Saint Elmo, IL",1387
"Saint Francis, AR",232
"Saint Francis, KY",1
"Saint Francis, ME",1
"Saint Francis, MN",7466
"Saint Francis, SD",576
"Saint Francisvil, IL",1
"Saint George, GA",1
"Saint George, KS",941
"Saint George, ME",1
"Saint George, SC",2165
"Saint George, UT",82318
"Saint George Isl, AK",1
"Saint George Isl, FL",1
"Saint Germain, WI",1
"Saint Hedwig, TX",2406
"Saint Helen, MI",1
"Saint Helena, CA",6154
"Saint Helena, NE",94
"Saint Helens, OR",13526
"Saint Henry, OH",2513
"Saint Hilaire, MN",277
"Saint Huberts, NY",1
"Saint Ignace, MI",2377
"Saint Ignatius, MT",824
"Saint Inigoes, MD",1
"Saint Jacob, IL",1218
"Saint James, LA",1
"Saint James, MI",1
"Saint James, MN",4447
"Saint James, MO",4119
"Saint James, NY",1
"Saint James City, FL",1
"Saint Jo, TX",1018
"Saint Joe, AR",127
"Saint Joe, IN",464
"Saint John, IN",16800
"Saint John, KS",1
"Saint John, ND",361
"Saint John, WA",558
"Saint Johns, AZ",3568
"Saint Johns, MI",7928
"Saint Johnsbury, VT",1
"Saint Johnsville, NY",1681
"Saint Joseph, IL",3990
"Saint Joseph, LA",1029
"Saint Joseph, MI",8288
"Saint Joseph, MN",6743
"Saint Joseph, MO",76472
"Saint Joseph, TN",787
"Saint Joseph, WI",1
"Saint Landry, LA",1
"Saint Lawrence, SD",198
"Saint Leo, MN",96
"Saint Leonard, MD",1
"Saint Libory, NE",1
"Saint Louis, MI",7060
"Saint Louis, MO",311404
"Saint Louis Park, MN",48747
"Saint Louisville, OH",379
"Saint Lucas, IA",137
"Saint Maries, ID",2428
"Saint Martinvill, LA",1
"Saint Mary, IL",1
"Saint Mary, MO",349
"Saint Mary, MT",1
"Saint Mary, NE",1
"Saint Marys, AK",1
"Saint Marys, GA",18088
"Saint Marys, IA",128
"Saint Marys, IN",1
"Saint Marys, KS",2664
"Saint Marys, OH",8230
"Saint Marys, PA",12499
"Saint Marys, WV",1837
"Saint Matthews, KY",18071
"Saint Meinrad, IN",1
"Saint Michael, AK",413
"Saint Michael, MN",17295
"Saint Michael, ND",1
"Saint Michael, PA",1
"Saint Michaels, MD",1038
"Saint Nazianz, WI",755
"Saint Olaf, IA",104
"Saint Onge, SD",1
"Saint Paris, OH",2016
"Saint Patrick, MO",1
"Saint Paul, AR",120
"Saint Paul, IA",131
"Saint Paul, IN",1050
"Saint Paul, KS",597
"Saint Paul, KY",1
"Saint Paul, MN",302398
"Saint Paul, MO",2195
"Saint Paul, NE",2349
"Saint Paul, OR",447
"Saint Paul, VA",907
"Saint Paul Islan, AK",1
"Saint Paul Park, MN",5381
"Saint Pauls, NC",2403
"Saint Peter, IL",355
"Saint Peter, MN",11692
"Saint Peters, MO",57289
"Saint Petersburg, FL",260999
"Saint Regis, MT",1
"Saint Regis Fall, NY",1
"Saint Robert, MO",5753
"Saint Rose, LA",1
"Saint Simons Isl, GA",1
"Saint Stephen, MN",860
"Saint Stephens, AL",1
"Saint Thomas, MO",276
"Saint Thomas, ND",316
"Saint Thomas, PA",1
"Saint Vincent, MN",61
"Saint Vrain, NM",1
"Saint Xavier, MT",1
"Salado, AR",1
"Salado, TX",2156
"Salamanca, NY",5552
"Salamonia, IN",156
"Salcha, AK",1
"Saldee, KY",1
"Sale City, GA",348
"Sale Creek, TN",1
"Salem, AL",1
"Salem, CT",1
"Salem, FL",1
"Salem, IA",379
"Salem, IL",7241
"Salem, IN",6176
"Salem, KY",735
"Salem, MA",43132
"Salem, MO",4924
"Salem, NE",107
"Salem, NH",1
"Salem, NJ",4824
"Salem, NM",1
"Salem, NY",912
"Salem, OH",11947
"Salem, OR",167419
"Salem, SC",149
"Salem, SD",1324
"Salem, VA",25549
"Salem, WI",1
"Salem, WV",1541
"Salemburg, NC",427
"Salesville, OH",126
"Salida, CA",1
"Salida, CO",5581
"Salina, KS",47336
"Salina, OK",1384
"Salina, UT",2551
"Salinas, CA",157218
"Saline, MI",9151
"Salineville, OH",1250
"Salisbury, CT",1
"Salisbury, MA",1
"Salisbury, MD",33114
"Salisbury, MO",1544
"Salisbury, NC",34001
"Salisbury, NH",1
"Salisbury, PA",693
"Salisbury, VT",1
"Salisbury Center, NY",1
"Salisbury Mills, NY",1
"Salitpa, AL",1
"Salix, IA",384
"Salix, PA",1
"Salkum, WA",1
"Salladasburg, PA",237
"Salley, SC",421
"Sallis, MS",129
"Sallisaw, OK",8602
"Salmon, ID",3055
"Salol, MN",1
"Salome, AZ",1
"Salt Flat, TX",1
"Salt Gum, KY",1
"Salt Lake City, UT",193744
"Salt Lick, KY",324
"Salt Point, NY",1
"Salt Rock, WV",1
"Salt Springs, FL",1
"Salters, SC",1
"Saltillo, MS",5008
"Saltillo, TN",503
"Saltillo, TX",1
"Salton City, CA",1
"Saltsburg, PA",822
"Saltville, VA",2009
"Saluda, NC",706
"Saluda, SC",3617
"Saluda, VA",1
"Salunga, PA",1
"Salyer, CA",1
"Sam Rayburn, TX",1
"Samoa, CA",1
"Samson, AL",1912
"San Acacia, NM",1
"San Acacio, CO",1
"San Andreas, CA",1
"San Angelo, TX",100702
"San Anselmo, CA",12599
"San Antonio, FL",1359
"San Antonio, TX",1492510
"San Ardo, CA",1
"San Augustine, TX",1924
"San Benito, TX",24476
"San Bernardino, CA",216239
"San Bruno, CA",42957
"San Buenaventura, CA",3
"San Carlos, AZ",1
"San Carlos, CA",29797
"San Clemente, CA",65309
"San Cristobal, NM",1
"San Diego, CA",1406630
"San Diego, TX",4382
"San Dimas, CA",34338
"San Fernando, CA",24717
"San Francisco, CA",870887
"San Gabriel, CA",40404
"San Geronimo, CA",1
"San Gregorio, CA",1
"San Haven, ND",1
"San Isidro, TX",1
"San Jacinto, CA",47413
"San Joaquin, CA",4024
"San Jon, NM",201
"San Jose, CA",1025350
"San Jose, NM",1
"San Juan, TX",36663
"San Juan Bautist, CA",1
"San Juan Pueblo, NM",1
"San Leandro, CA",90465
"San Leon, TX",1
"San Lorenzo, CA",1
"San Lorenzo, NM",1
"San Luis Obispo, CA",47536
"San Luis Rey, CA",1
"San Manuel, AZ",1
"San Marcos, CA",95261
"San Marcos, TX",61980
"San Marino, CA",13365
"San Martin, CA",1
"San Mateo, CA",103959
"San Mateo, FL",1
"San Mateo, NM",1
"San Pablo, CA",30536
"San Pablo, CO",1
"San Patricio, NM",1
"San Pedro, CA",1
"San Perlita, TX",556
"San Pierre, IN",1
"San Rafael, CA",58954
"San Ramon, CA",75639
"San Saba, TX",3087
"San Simeon, CA",1
"San Ygnacio, TX",1
"San Ysidro, CA",1
"Sanatoga, PA",1
"Sanborn, IA",1396
"Sanborn, MN",312
"Sanborn, ND",188
"Sanborn, NY",1
"Sanbornton, NH",1
"Sanbornville, NH",1
"Sand City, CA",383
"Sand Coulee, MT",1
"Sand Creek, MI",1
"Sand Creek, WI",1
"Sand Lake, FL",1
"Sand Lake, MI",523
"Sand Lake, NY",1
"Sand Point, AK",1044
"Sand Ridge, WV",1
"Sand Springs, MT",1
"Sand Springs, OK",19822
"Sandborn, IN",408
"Sanders, KY",236
"Sanderson, FL",1
"Sandestin, FL",1
"Sandford, IN",1
"Sandgap, KY",1
"Sandia, TX",1
"Sandia Park, NM",1
"Sandisfield, MA",1
"Sandoval, IL",1220
"Sandown, NH",1
"Sandpoint, ID",7984
"Sandston, VA",1
"Sandstone, WV",1
"Sandusky, MI",2563
"Sandusky, OH",25006
"Sandwich, IL",7358
"Sandwich, MA",1
"Sandy, OR",11005
"Sandy, TX",1
"Sandy, UT",3
"Sandy Creek, NY",735
"Sandy Hook, CT",1
"Sandy Hook, MS",1
"Sandy Hook, VA",1
"Sandy Lake, PA",644
"Sandy Level, VA",1
"Sandy Ridge, NC",1
"Sandy Spring, MD",1
"Sandy Springs, GA",105703
"Sandyville, WV",1
"Sanford, CO",865
"Sanford, FL",58605
"Sanford, ME",20938
"Sanford, MI",846
"Sanford, VA",1
"Sang Run, MD",1
"Sanger, CA",25007
"Sanger, TX",7991
"Sangerville, ME",1
"Sanibel, FL",7351
"Sanitaria Spring, NY",1
"Santa Ana, CA",334217
"Santa Ana Height, CA",1
"Santa Anna, TX",1045
"Santa Barbara, CA",91930
"Santa Clara, CA",125948
"Santa Claus, IN",2463
"Santa Cruz, CA",64465
"Santa Cruz, NM",1
"Santa Elena, TX",1
"Santa Fe, FL",1
"Santa Fe, MO",1
"Santa Fe, NM",83875
"Santa Fe, TN",1
"Santa Fe Springs, CA",18027
"Santa Maria, CA",106290
"Santa Monica, CA",92478
"Santa Paula, CA",30335
"Santa Rosa, CA",175155
"Santa Rosa, TX",2852
"Santa Rosa Beach, FL",1
"Santa Susana, CA",1
"Santa Ynez, CA",1
"Santa Ysabel, CA",1
"Santee, CA",57834
"Santee, SC",923
"Santo, TX",1
"Santo Domingo Pu, NM",1
"Sapello, NM",1
"Sapelo Island, GA",1
"Sapphire, NC",1
"Sappington, MO",3
"Sapulpa, OK",20928
"Sarahsville, OH",166
"Saraland, AL",13942
"Saranac, MI",1335
"Saranac, NY",1
"Saranac Lake, NY",5288
"Sarasota, FL",56610
"Sarasota Square, FL",1
"Saratoga, AR",1
"Saratoga, CA",30767
"Saratoga, IN",246
"Saratoga, NC",406
"Saratoga, TX",1
"Sarcoxie, MO",1294
"Sardinia, NY",1
"Sardinia, OH",952
"Sardis, AL",1
"Sardis, GA",975
"Sardis, MS",1655
"Sardis, OH",1
"Sardis, TN",371
"Sarepta, LA",856
"Sarepta, MS",1
"Sargeant, MN",61
"Sargent, NE",507
"Sargent, TX",1
"Sargentville, ME",1
"Sarita, TX",1
"Sarles, ND",27
"Sarona, WI",1
"Saronville, NE",45
"Sartell, MN",17147
"Sarver, PA",1
"Sasakwa, OK",143
"Sasser, KY",1
"Satanta, KS",1090
"Satartia, MS",53
"Satsuma, AL",6193
"Satsuma, FL",1
"Saucier, MS",1
"Saugatuck, MI",980
"Saugerties, NY",3869
"Sauget, IL",151
"Saugus, MA",1
"Sauk Centre, MN",4366
"Sauk City, WI",3495
"Sauk Rapids, MN",13631
"Sauk Village, IL",10438
"Saukville, WI",4470
"Saulsbury, TN",93
"Saulsville, WV",1
"Sault Sainte Mar, MI",1
"Saum, MN",1
"Saunderstown, RI",1
"Saunemin, IL",402
"Sauquoit, NY",1
"Sausalito, CA",7125
"Sautee Nacoochee, GA",1
"Savage, MD",1
"Savage, MN",30807
"Savage, MS",1
"Savage, MT",1
"Savanna, IL",2859
"Savannah, GA",146763
"Savannah, MO",5127
"Savannah, NY",1
"Savannah, OH",409
"Savannah, TN",7019
"Savery, WY",1
"Savona, NY",801
"Savonburg, KS",103
"Savoonga, AK",705
"Savoy, IL",8177
"Savoy, MA",1
"Savoy, TX",836
"Sawyer, KS",124
"Sawyer, KY",1
"Sawyer, MI",1
"Sawyer, MN",1
"Sawyer, ND",338
"Sawyer, OK",313
"Sawyers Bar, CA",1
"Sawyerville, AL",1
"Saxe, VA",1
"Saxon, WI",1
"Saxon, WV",1
"Saxonburg, PA",1480
"Saxton, PA",701
"Saxtons River, VT",545
"Saybrook, IL",677
"Saylor Park, OH",1
"Saylorsburg, PA",1
"Sayner, WI",1
"Sayre, OK",4603
"Sayre, PA",5357
"Sayreville, NJ",44905
"Scales Mound, IL",373
"Scalf, KY",1
"Scaly Mountain, NC",1
"Scammon Bay, AK",519
"Scandia, KS",348
"Scandia, MN",4086
"Scandinavia, WI",364
"Scappoose, OR",7158
"Scarborough, ME",1
"Scarbro, WV",1
"Scarville, IA",71
"Scenery Hill, PA",1
"Scenic, SD",1
"Schaghticoke, NY",587
"Schaller, IA",736
"Schaumburg, IL",74446
"Schell City, MO",246
"Scheller, IL",1
"Schellsburg, PA",331
"Schenectady, NY",64913
"Schenevus, NY",1
"Schererville, IN",28701
"Scherr, WV",1
"Schiller Park, IL",11692
"Schlater, MS",295
"Schleswig, IA",866
"Schnecksville, PA",1
"Schnellville, IN",1
"Schodack Landing, NY",1
"Schoenchen, KS",206
"Schofield, WI",2189
"Schoharie, NY",838
"Schoolcraft, MI",1565
"Schriever, LA",1
"Schroeder, MN",1
"Schroon Lake, NY",1
"Schulenburg, TX",2929
"Schurz, NV",1
"Schuyler, NE",6106
"Schuyler, VA",1
"Schuyler Falls, NY",1
"Schuylerville, NY",1355
"Schuylkill Haven, PA",5203
"Schwenksville, PA",1397
"Science Hill, KY",697
"Scio, NY",1
"Scio, OH",739
"Scio, OR",929
"Sciota, IL",58
"Sciota, PA",1
"Scipio, IN",1
"Scituate, MA",1
"Scobey, MS",1
"Scobey, MT",1032
"Scooba, MS",697
"Scopus, MO",1
"Scotch Grove, IA",1
"Scotch Plains, NJ",1
"Scotchtown, NY",1
"Scotia, CA",1
"Scotia, NE",294
"Scotland, AR",1
"Scotland, CT",1
"Scotland, MD",1
"Scotland, SD",819
"Scotland, TX",477
"Scotland Neck, NC",1937
"Scotlandville, LA",1
"Scotrun, PA",1
"Scott, AR",1
"Scott, LA",8733
"Scott, OH",279
"Scott A F B, IL",1
"Scott Bar, CA",1
"Scott City, MO",4492
"Scott Depot, WV",1
"Scottdale, GA",1
"Scottdale, PA",4211
"Scottown, OH",1
"Scotts, MI",1
"Scotts Hill, TN",985
"Scotts Mills, OR",372
"Scotts Valley, CA",11928
"Scottsbluff, NE",14883
"Scottsburg, IN",6684
"Scottsburg, NY",1
"Scottsburg, OR",1
"Scottsburg, VA",131
"Scottsdale, AZ",246645
"Scottsville, KS",24
"Scottsville, KY",4416
"Scottsville, NY",1958
"Scottsville, VA",607
"Scottville, IL",112
"Scottville, MI",1221
"Scranton, AR",222
"Scranton, IA",532
"Scranton, KS",687
"Scranton, KY",1
"Scranton, NC",1
"Scranton, PA",77291
"Scranton, SC",860
"Screven, GA",776
"Scribner, NE",843
"Scroggins, TX",1
"Scuddy, KY",1
"Scurry, TX",737
"Se Ree, KY",1
"Sea Bright, NJ",1387
"Sea Cliff, NY",5054
"Sea Girt, NJ",1785
"Seabeck, WA",1
"Seaboard, NC",573
"Seabrook, NH",1
"Seabrook, NJ",1
"Seabrook, SC",1
"Seadrift, TX",1503
"Seaford, DE",7736
"Seaford, NY",1
"Seaford, VA",1
"Seaforth, MN",82
"Seagoville, TX",16093
"Seagraves, TX",2820
"Seagrove, NC",229
"Seal Beach, CA",24440
"Seal Rock, OR",1
"Seale, AL",1
"Sealevel, NC",1
"Sealy, TX",6490
"Seaman, OH",910
"Seanor, PA",1
"Sears, MI",1
"Searsboro, IA",144
"Searsmont, ME",1
"Searsport, ME",1
"Seaside Heights, NJ",2896
"Seaside Park, NJ",1551
"Seatac, WA",28873
"Seaton, IL",211
"Seattle, WA",704352
"Sebago Lake, ME",1
"Sebasco Estates, ME",1
"Sebastian, FL",24772
"Sebastian, TX",1
"Sebeka, MN",683
"Sebewaing, MI",1669
"Seboeis, ME",1
"Seboyeta, NM",1
"Sebree, KY",1573
"Sebring, FL",10638
"Sebring, OH",4256
"Secaucus, NJ",19822
"Seco, KY",1
"Second Mesa, AZ",1
"Secondcreek, WV",1
"Secor, IL",368
"Section, AL",754
"Sedalia, KY",1
"Sedalia, MO",21489
"Sedan, KS",1034
"Sedan, MN",44
"Sedan, NM",1
"Sedgewickville, MO",171
"Sedgwick, AR",146
"Sedgwick, CO",149
"Sedgwick, KS",1695
"Sedgwick, ME",1
"Sedley, VA",1
"Sedona, AZ",10397
"Sedro Woolley, WA",1
"Seekonk, MA",1
"Seeley Lake, MT",1
"Seffner, FL",1
"Segno, TX",1
"Seguin, TX",28614
"Seiad Valley, CA",1
"Seibert, CO",219
"Seiling, OK",851
"Seitz, KY",1
"Sekiu, WA",1
"Selah, WA",7768
"Selawik, AK",849
"Selby, SD",649
"Selbyville, DE",2421
"Selbyville, WV",1
"Selden, KS",216
"Selden, NY",1
"Selfridge, ND",176
"Selfridge A N G, MI",1
"Seligman, AZ",1
"Seligman, MO",834
"Selinsgrove, PA",5890
"Selkirk, NY",1
"Sellers, SC",213
"Sellersville, PA",4261
"Selma, AL",18983
"Selma, CA",24597
"Selma, IA",1
"Selma, IN",839
"Selma, NC",6589
"Selma, OH",1
"Selma, OR",1
"Selma, TX",10088
"Selman, OK",1
"Selmer, TN",4465
"Seminary, MS",313
"Seminole, AL",1
"Seminole, FL",18334
"Seminole, OK",7424
"Seminole, TX",7594
"Semmes, AL",4155
"Semora, NC",1
"Senath, MO",1691
"Senatobia, MS",7909
"Seneca, IL",2281
"Seneca, MO",2407
"Seneca, NE",1
"Seneca, NM",1
"Seneca, OR",192
"Seneca, PA",1
"Seneca, SC",8352
"Seneca, SD",37
"Seneca Falls, NY",1
"Seneca Rocks, WV",1
"Senecaville, OH",449
"Seney, MI",1
"Senoia, GA",4137
"Senterville, KY",1
"Sentinel, OK",891
"Sentinel Butte, ND",64
"Sequatchie, TN",1
"Sequim, WA",6964
"Serena, IL",1
"Sergeant Bluff, IA",4551
"Sesser, IL",1890
"Sessums, MS",1
"Setauket, NY",1
"Seth, WV",1
"Seven Corners, VA",1
"Seven Mile Ford, VA",1
"Seven Points, TX",1460
"Seven Springs, NC",111
"Seven Valleys, PA",504
"Severance, KS",91
"Severance, NY",1
"Severn, MD",1
"Severna Park, MD",1
"Sevier, UT",1
"Sevierville, TN",16665
"Seville, FL",1
"Seville, OH",2382
"Sewal, IA",1
"Sewanee, TN",1
"Seward, AK",2787
"Seward, KS",61
"Seward, NE",7219
"Seward, PA",472
"Sewaren, NJ",1
"Sewell, NJ",1
"Sewickley, PA",3833
"Sextons Creek, KY",1
"Seymour, CT",1
"Seymour, IA",704
"Seymour, IL",1
"Seymour, IN",19384
"Seymour, MO",1987
"Seymour, TN",1
"Seymour, TX",2719
"Seymour, WI",3443
"Seymour Johnson, NC",1
"Shabbona, IL",933
"Shade, OH",1
"Shade Gap, PA",104
"Shadehill, SD",1
"Shadow, VA",1
"Shadow Hills, CA",1
"Shady, NY",1
"Shady Cove, OR",3055
"Shady Dale, GA",239
"Shady Hills, FL",1
"Shady Point, OK",1000
"Shady Side, MD",1
"Shady Valley, TN",1
"Shadyside, OH",3662
"Shadyside, PA",1
"Shafer, MN",1037
"Shafter, CA",18945
"Shaftsbury, VT",1
"Shageluk, AK",81
"Shakopee, MN",40610
"Shaktoolik, AK",258
"Shalimar, FL",805
"Shallmar, MD",1
"Shallotte, NC",3970
"Shallowater, TX",2546
"Shambaugh, IA",184
"Shandaken, NY",1
"Shandon, CA",1
"Shanghai, VA",1
"Shaniko, OR",37
"Shanks, WV",1
"Shannon, IL",707
"Shannon, MS",1772
"Shannon, NC",1
"Shannon City, IA",70
"Shannon Hills, AR",3832
"Shapleigh, ME",1
"Sharon, CT",1
"Sharon, KS",154
"Sharon, MA",1
"Sharon, ND",95
"Sharon, OK",138
"Sharon, PA",13405
"Sharon, SC",569
"Sharon, TN",903
"Sharon, VT",1
"Sharon, WI",1580
"Sharon Grove, KY",1
"Sharon Hill, PA",5685
"Sharon Springs, KS",749
"Sharon Springs, NY",530
"Sharonville, OH",13761
"Sharps Chapel, TN",1
"Sharpsburg, GA",366
"Sharpsburg, IA",88
"Sharpsburg, KY",345
"Sharpsburg, MD",703
"Sharpsville, IN",575
"Sharpsville, PA",4218
"Shasta, CA",1
"Shasta Lake, CA",10162
"Shattuc, IL",1
"Shattuck, OK",1336
"Shavano Park, TX",3684
"Shaver Lake, CA",1
"Shavertown, PA",1
"Shaw, MS",1803
"Shaw A F B, SC",1
"Shawano, WI",9054
"Shawboro, NC",1
"Shawmut, MT",1
"Shawnee, KS",65194
"Shawnee, OH",643
"Shawnee, OK",31465
"Shawnee, WY",1
"Shawnee Hills, OH",769
"Shawnee Mission, KS",1
"Shawneetown, IL",1156
"Shawsville, VA",1
"Sheboygan, WI",48686
"Sheboygan Falls, WI",7824
"Shedd, OR",1
"Sheffield, AL",9025
"Sheffield, IA",1125
"Sheffield, IL",882
"Sheffield, MA",1
"Sheffield, PA",1
"Sheffield, TX",1
"Sheffield, VT",1
"Sheffield Lake, OH",9004
"Shelbiana, KY",1
"Shelbina, MO",1623
"Shelburn, IN",1216
"Shelburne, VT",1
"Shelburne Falls, MA",1
"Shelby, AL",1
"Shelby, IA",626
"Shelby, MI",2008
"Shelby, MS",2083
"Shelby, MT",3216
"Shelby, NC",20260
"Shelby, NE",688
"Shelby, OH",9030
"Shelby Gap, KY",1
"Shelby Township, MI",3
"Shelbyville, IN",19048
"Shelbyville, KY",15514
"Shelbyville, MI",1
"Shelbyville, MO",525
"Shelbyville, TX",1
"Sheldon, IA",5115
"Sheldon, IL",1010
"Sheldon, MO",532
"Sheldon, ND",123
"Sheldon, VT",1
"Sheldon, WI",222
"Shell, WY",1
"Shell Beach, CA",1
"Shell Knob, MO",1
"Shell Lake, WI",1325
"Shell Rock, IA",1313
"Shelley, ID",4342
"Shellman, GA",985
"Shellsburg, IA",952
"Shelly, MN",185
"Shelocta, PA",125
"Shelter Island, NY",1
"Shelter Island H, NY",1
"Shelton, CT",41334
"Shelton, NE",1067
"Shelton, WA",9980
"Shenandoah, IA",4972
"Shenandoah, PA",4847
"Shenandoah, VA",2334
"Shenandoah Caver, VA",1
"Shenandoah Junct, WV",1
"Shenango, PA",1
"Shepard, OH",1
"Shepherd, MI",1516
"Shepherd, MT",1
"Shepherd, TX",2418
"Shepherdstown, WV",1991
"Shepherdsville, KY",12082
"Sheppard Afb, TX",1
"Sheppton, PA",1
"Sherando, VA",1
"Sherborn, MA",1
"Sherburn, MN",1091
"Sherburne, NY",1330
"Sheridan, AR",4827
"Sheridan, CA",1
"Sheridan, IL",2711
"Sheridan, IN",3004
"Sheridan, MI",651
"Sheridan, MO",183
"Sheridan, MT",677
"Sheridan, OR",6106
"Sheridan, WY",17954
"Sherman, CT",1
"Sherman, NY",693
"Sherman, SD",81
"Sherman, TX",41567
"Sherman, WV",1
"Sherman Mills, ME",1
"Sherman Oaks, CA",2
"Sherman Station, ME",1
"Shermans Dale, PA",1
"Sherrard, IL",600
"Sherrill, AR",75
"Sherrill, IA",179
"Sherrill, NY",3048
"Sherrills Ford, NC",1
"Sherrodsville, OH",297
"Sherwood, AR",30657
"Sherwood, MD",1
"Sherwood, MI",309
"Sherwood, ND",249
"Sherwood, OH",809
"Sherwood, OR",19294
"Sherwood, TN",1
"Shevlin, MN",179
"Sheyenne, ND",198
"Shickley, NE",337
"Shields, KS",1
"Shields, ND",1
"Shillington, PA",5246
"Shiloh, GA",460
"Shiloh, IL",13011
"Shiloh, NC",1
"Shiloh, OH",622
"Shiloh, TN",1
"Shiner, TX",2137
"Shinglehouse, PA",1081
"Shingleton, MI",1
"Shingletown, CA",1
"Shinnston, WV",2161
"Shinrock, OH",1
"Shiocton, WI",919
"Shippensburg, PA",5559
"Shippenville, PA",449
"Shippingport, PA",210
"Shiprock, NM",1
"Shipshewana, IN",703
"Shiremanstown, PA",1582
"Shirley, AR",278
"Shirley, IL",1
"Shirley, IN",830
"Shirley, NY",1
"Shirley Center, MA",1
"Shirleysburg, PA",148
"Shishmaref, AK",614
"Shively, KY",15751
"Shoal Creek, AL",1
"Shoals, IN",779
"Shoals Junction, SC",1
"Shobonier, IL",1
"Shock, WV",1
"Shoemakersville, PA",1364
"Shohola, PA",1
"Shokan, NY",1
"Shongaloo, LA",174
"Shonto, AZ",1
"Shook, MO",1
"Shopiere, WI",1
"Shopville, KY",1
"Shore, OH",1
"Shore Acres, CA",1
"Shoreacres, TX",1600
"Shoreham, NY",531
"Shoreham, VT",1
"Shoreview, MN",26548
"Shorewood, IL",16948
"Shorewood, WI",13368
"Short Hills, NJ",1
"Shorter, AL",427
"Shorterville, AL",1
"Shortsville, NY",1433
"Shoshone, CA",1
"Shoshone, ID",1503
"Shoshoni, WY",644
"Shoup, ID",1
"Show Low, AZ",11096
"Shreve, OH",1521
"Shreveport, LA",194920
"Shrewsbury, MA",1
"Shrewsbury, NJ",4122
"Shrewsbury, PA",3858
"Shrub Oak, NY",1
"Shubert, NE",144
"Shulerville, SC",1
"Shullsburg, WI",1209
"Shumway, IL",200
"Shungnak, AK",269
"Shunk, PA",1
"Shuqualak, MS",483
"Shushan, NY",1
"Shutesbury, MA",1
"Sias, WV",1
"Siberia, IN",1
"Sibley, IA",2622
"Sibley, IL",260
"Sibley, LA",1176
"Sibley, MO",360
"Sibley, ND",30
"Sicily, IL",1
"Sicily Island, LA",495
"Sicklerville, NJ",1
"Sidell, IL",582
"Sidman, PA",1
"Sidney, AR",188
"Sidney, IA",1048
"Sidney, IL",1213
"Sidney, KY",1
"Sidney, MI",1
"Sidney, MT",6566
"Sidney, NE",6888
"Sidney, NY",3702
"Sidney, OH",20564
"Sidney, TX",1
"Sidney Center, NY",1
"Sidon, MS",484
"Sieper, LA",1
"Sierra Blanca, TX",1
"Sierra City, CA",1
"Sierra Madre, CA",11057
"Sierra Vista, AZ",43208
"Sierraville, CA",1
"Sigel, IL",361
"Sigel, PA",1
"Signal Hill, CA",11649
"Signal Mountain, TN",8573
"Sigourney, IA",1987
"Sikes, LA",111
"Sikeston, MO",16327
"Silas, AL",426
"Siler, KY",1
"Siler City, NC",8444
"Silesia, MT",1
"Siletz, OR",1241
"Silex, MO",285
"Siloam, NC",1
"Siloam Springs, AR",16448
"Silsbee, TX",6735
"Silt, CO",3087
"Silva, MO",1
"Silver, TX",1
"Silver Bay, NY",1
"Silver City, IA",247
"Silver City, MS",295
"Silver City, NM",9907
"Silver City, SD",1
"Silver Creek, GA",1
"Silver Creek, MN",1
"Silver Creek, MS",206
"Silver Creek, NE",361
"Silver Creek, NY",2516
"Silver Creek, WA",1
"Silver Grove, KY",1117
"Silver Lake, IN",924
"Silver Lake, KS",1426
"Silver Lake, MN",807
"Silver Lake, NH",1
"Silver Lake, OR",1
"Silver Point, TN",1
"Silver Spring, MD",3
"Silver Springs, NV",1
"Silver Star, MT",1
"Silverdale, WA",2
"Silverhill, AL",802
"Silverlake, WA",1
"Silverpeak, NV",1
"Silverstreet, SC",164
"Silverton, CO",630
"Silverton, OR",10002
"Silverton, TX",658
"Silverwood, MI",1
"Silvis, IL",7586
"Simi Valley, CA",126327
"Simla, CO",624
"Simmesport, LA",2120
"Simms, TX",1
"Simon, WV",1
"Simpson, KS",84
"Simpson, PA",1
"Simpsons, VA",1
"Simpsonville, KY",2751
"Simpsonville, SC",21314
"Sims, AR",1
"Sims, IL",250
"Sims, NC",283
"Simsboro, LA",846
"Simsbury, CT",1
"Sinai, SD",119
"Sinclair, ME",1
"Sinclair, WY",415
"Sinclairville, NY",558
"Singer, LA",1
"Singleton, TX",1
"Sinking Spring, PA",4086
"Sinnamahoning, PA",1
"Sinton, TX",5617
"Sioux Center, IA",7501
"Sioux City, IA",82872
"Sioux Falls, SD",174360
"Sioux Rapids, IA",776
"Siren, WI",778
"Sissonville, WV",1
"Sister Bay, WI",925
"Sisterdale, TX",1
"Sistersville, WV",1316
"Sitka, AK",8830
"Sitka, KY",1
"Six Lakes, MI",1
"Six Mile, SC",686
"Six Mile Run, PA",1
"Sixes, OR",1
"Skagway, AK",1
"Skamokawa, WA",1
"Skandia, MI",1
"Skaneateles, NY",2487
"Skanee, MI",1
"Skellytown, TX",462
"Skiatook, OK",7908
"Skidmore, MO",269
"Skidmore, TX",1
"Skillman, NJ",1
"Skippers, VA",1
"Skipperville, AL",1
"Skipwith, VA",1
"Skokie, IL",64270
"Skowhegan, ME",1
"Sky Ranch, SD",1
"Sky Valley, GA",269
"Skykomish, WA",206
"Skyline, KY",1
"Slab Fork, WV",1
"Slade, KY",1
"Slana, AK",1
"Slanesville, WV",1
"Slate Hill, NY",1
"Slater, CO",1
"Slater, IA",1497
"Slater, MO",1805
"Slatersville, RI",1
"Slaterville Spri, NY",1
"Slatyfork, WV",1
"Slaughter, LA",961
"Slaughters, KY",212
"Slayton, MN",2035
"Sledge, MS",510
"Sleepy Eye, MN",3445
"Sleetmute, AK",1
"Slemp, KY",1
"Slickville, PA",1
"Slidell, LA",28013
"Sligo, PA",684
"Slinger, WI",5287
"Slingerlands, NY",1
"Slippery Rock, PA",3583
"Sloan, IA",983
"Sloans Valley, KY",2
"Sloansville, NY",1
"Slocomb, AL",1956
"Slocum, RI",1
"Slocum, TX",1
"Slovan, PA",1
"Smackover, AR",1763
"Small Point, ME",1
"Smartville, CA",1
"Smelterville, ID",598
"Smethport, PA",1566
"Smicksburg, PA",44
"Smilax, KY",1
"Smiley, TX",575
"Smith, KY",1
"Smith, NV",1
"Smith Center, KS",1583
"Smith River, CA",1
"Smithboro, IL",166
"Smithdale, MS",1
"Smithfield, IL",222
"Smithfield, KY",108
"Smithfield, ME",1
"Smithfield, NC",12266
"Smithfield, NE",51
"Smithfield, PA",849
"Smithfield, RI",1
"Smithfield, UT",11146
"Smithfield, VA",8435
"Smithfield, WV",157
"Smithland, IA",223
"Smithland, TX",1
"Smithmill, PA",1
"Smiths, AL",1
"Smiths Grove, KY",770
"Smithsburg, MD",3000
"Smithshire, IL",1
"Smithton, IL",3763
"Smithton, MO",560
"Smithtown, NY",1
"Smithville, AR",72
"Smithville, GA",587
"Smithville, MO",9455
"Smithville, MS",913
"Smithville, NJ",1
"Smithville, NY",1
"Smithville, OH",1273
"Smithville, TN",4692
"Smithville, TX",4218
"Smithville, WV",1
"Smithville Flats, NY",1
"Smithwick, SD",1
"Smoaks, SC",125
"Smock, PA",1
"Smoketown, PA",1
"Smolan, KS",212
"Smoot, WV",1
"Smoot, WY",1
"Smugglers Notch, VT",1
"Smyrna, DE",11371
"Smyrna, GA",56664
"Smyrna, NC",1
"Smyrna, NY",224
"Smyrna, SC",50
"Smyrna, TN",48596
"Smyrna Mills, ME",1
"Snead, AL",841
"Sneads, FL",1768
"Sneads Ferry, NC",1
"Sneedville, TN",1347
"Snell, VA",1
"Snelling, CA",1
"Snellville, GA",19738
"Snohomish, WA",9915
"Snoqualmie, WA",13190
"Snover, MI",1
"Snow, OK",1
"Snow Camp, NC",1
"Snow Hill, MD",2071
"Snow Hill, NC",1556
"Snow Lake, AR",1
"Snow Shoe, PA",768
"Snowflake, AZ",5764
"Snowmass, CO",1
"Snowville, UT",172
"Snyder, CO",1
"Snyder, OK",1335
"Snydertown, PA",329
"Soap Lake, WA",1571
"Sobieski, WI",1
"Social Circle, GA",4452
"Society Hill, SC",542
"Socorro, NM",8612
"Sod, WV",1
"Soda Springs, CA",1
"Soda Springs, ID",2982
"Soddy Daisy, TN",1
"Sodus, MI",1
"Sodus, NY",1738
"Sodus Point, NY",872
"Soft Shell, KY",1
"Solana Beach, CA",13449
"Solano, NM",1
"Soldier, IA",167
"Soldier, KS",138
"Soldier Pond, ME",1
"Soldiers Grove, WI",552
"Soldotna, AK",4617
"Soledad, CA",25622
"Solgohachia, AR",1
"Solo, MO",1
"Solomon, KS",1040
"Solomons, MD",1
"Solon, IA",2587
"Solon, ME",1
"Solon, OH",23003
"Solsberry, IN",1
"Solvay, NY",6365
"Solway, MN",97
"Somerdale, NJ",5506
"Somers, CT",1
"Somers, IA",108
"Somers, MT",1
"Somers, NY",1
"Somers Point, NJ",10545
"Somerset, CA",1
"Somerset, CO",1
"Somerset, MA",2
"Somerset, MI",1
"Somerset, NJ",1
"Somerset, OH",1463
"Somerset, PA",5991
"Somerset, TX",1806
"Somerset, VA",1
"Somerset, WI",2717
"Somersworth, NH",11791
"Somerton, AZ",14970
"Somerton, OH",1
"Somerville, AL",712
"Somerville, MA",81322
"Somerville, OH",283
"Somerville, TN",3137
"Somerville, TX",1422
"Somes Bar, CA",1
"Somis, CA",1
"Somonauk, IL",1882
"Sondheimer, LA",1
"Sonoita, AZ",1
"Sonoma, CA",11054
"Sonora, CA",4823
"Sonora, KY",507
"Sonora, OH",1
"Sonora, TX",2835
"Sontag, MS",1
"Sopchoppy, FL",470
"Soper, OK",254
"Soperton, GA",2986
"Sophia, NC",1
"Soquel, CA",1
"Sorento, IL",458
"Sorrento, FL",1
"Sorrento, LA",1615
"Sorrento, ME",1
"Soso, MS",401
"Souder, MO",1
"Soulsbyville, CA",1
"Sound Beach, NY",1
"Sour Lake, TX",1832
"South Acworth, NH",1
"South Amana, IA",1
"South Amherst, OH",1693
"South Bay, FL",5111
"South Beach, OR",1
"South Beloit, IL",7652
"South Bend, IN",101735
"South Bend, WA",1636
"South Berwick, ME",1
"South Bloomingvi, OH",1
"South Boardman, MI",1
"South Boston, MA",1
"South Boston, VA",7950
"South Bound Broo, NJ",1
"South Branch, MI",1
"South Bristol, ME",1
"South Burlington, VT",18971
"South Byron, WI",1
"South Cairo, NY",1
"South Casco, ME",1
"South Charleston, WV",12859
"South Chatham, MA",2
"South Chelmsford, MA",1
"South China, ME",1
"South Colton, NY",1
"South Connellsvi, PA",1
"South County, MO",1
"South Dayton, NY",592
"South Deerfield, MA",1
"South Dennis, MA",1
"South Easton, MA",1
"South Edmeston, NY",1
"South Effingham, NH",1
"South Egremont, MA",1
"South El Monte, CA",20883
"South Elgin, IL",22433
"South English, IA",207
"South Euclid, OH",21658
"South Fallsburg, NY",1
"South Farmingdal, NY",1
"South Fork, CO",365
"South Fork, MO",1
"South Fork, PA",864
"South Fulton, TN",2256
"South Gate, CA",95538
"South Gate Plaza, ID",1
"South Gibson, PA",1
"South Glastonbur, CT",1
"South Glens Fall, NY",1
"South Gouldsboro, ME",1
"South Grafton, MA",1
"South Greenfield, MO",88
"South Hackensack, NJ",1
"South Hadley, MA",1
"South Hamilton, MA",1
"South Hampton, NH",1
"South Harpswell, ME",1
"South Haven, KS",346
"South Haven, MI",4366
"South Haven, MN",192
"South Heart, ND",423
"South Hero, VT",1
"South Hill, VA",4471
"South Hills, PA",1
"South Holland, IL",21817
"South Houston, TX",17463
"South Hutchinson, KS",2539
"South Jordan, UT",69034
"South Kent, CT",1
"South Kortright, NY",1
"South Lake Tahoe, CA",21717
"South Lebanon, OH",4402
"South Londonderr, VT",1
"South Lyon, MI",11713
"South Miami, FL",12207
"South Mills, NC",1
"South Milwaukee, WI",21052
"South Naknek, AK",1
"South New Berlin, NY",1
"South Of The Bor, SC",1
"South Orange, NJ",1
"South Otselic, NY",1
"South Padre Isla, TX",1
"South Paris, ME",1
"South Park Villa, WA",1
"South Pasadena, CA",25913
"South Pittsburg, TN",3097
"South Plainfield, NJ",24221
"South Plymouth, NY",1
"South Point, OH",3938
"South Pomfret, VT",1
"South Portland, ME",25577
"South Portsmouth, KY",1
"South River, NJ",16295
"South Road, NY",1
"South Rockwood, MI",1644
"South Royalton, VT",1
"South Ryegate, VT",1
"South Saint Paul, MN",20217
"South Salem, NY",1
"South Salem, OH",206
"South Salt Lake, UT",24630
"South San Franci, CA",1
"South Shore, SD",226
"South Sioux City, NE",13120
"South Solon, OH",361
"South Sterling, PA",1
"South Strafford, VT",1
"South Tamworth, NH",1
"South Thomaston, ME",1
"South Trail, FL",1
"South Venice, FL",1
"South Vienna, OH",376
"South Wales, NY",1
"South Walpole, MA",1
"South Waterford, ME",1
"South Wayne, WI",475
"South Webster, OH",820
"South West City, MO",956
"South Whitley, IN",1740
"South Williamson, KY",1
"South Williamspo, PA",1
"South Windham, CT",1
"South Windsor, CT",1
"South Woodstock, VT",1
"Southam, ND",1
"Southampton, MA",1
"Southampton, NJ",1
"Southampton, NY",3280
"Southard, OK",1
"Southaven, MS",53214
"Southborough, MA",2
"Southbridge, MA",1
"Southbury, CT",1
"Southeast, MI",2
"Southern Pines, NC",13782
"Southern Shores, NC",2890
"Southern View, IL",1618
"Southfield, MA",1
"Southfield, MI",73100
"Southfields, NY",1
"Southgate, KY",3845
"Southgate, MI",29085
"Southington, CT",1
"Southington, OH",1
"Southold, NY",1
"Southport, CT",1
"Southport, FL",1
"Southport, IN",1750
"Southside, AL",8600
"Southside, FL",2
"Southside, TN",1
"Southside, WV",1
"Southwest Harbor, ME",1
"Southwick, MA",1
"Spalding, MI",1
"Spalding, NE",452
"Spanaway, WA",1
"Spangle, WA",297
"Spangler, PA",1
"Spanish Flat, CA",1
"Spanish Fork, UT",38861
"Spanish Fort, AL",8327
"Spanishburg, WV",1
"Sparkill, NY",1
"Sparks, GA",2002
"Sparks, NV",98345
"Sparks, OK",173
"Sparland, IL",385
"Sparrowbush, NY",1
"Sparta, IL",4374
"Sparta, KY",267
"Sparta, MI",4337
"Sparta, MO",1864
"Sparta, NC",1727
"Sparta, NJ",1
"Sparta, OH",163
"Sparta, WI",9695
"Spartanburg, SC",37876
"Spartansburg, PA",299
"Spaulding, IL",865
"Spavinaw, OK",432
"Spearfish, SD",11531
"Spearfish Canyon, SD",1
"Spearman, TX",3336
"Spearsville, LA",134
"Spearville, KS",791
"Speculator, NY",302
"Speed, IN",1
"Speedway, IN",12102
"Speedwell, TN",1
"Speedwell, VA",1
"Speer, IL",1
"Speight, KY",1
"Spencer, IA",11138
"Spencer, ID",32
"Spencer, IN",2271
"Spencer, LA",1
"Spencer, MA",1
"Spencer, NC",3308
"Spencer, NE",426
"Spencer, NY",721
"Spencer, OH",774
"Spencer, OK",4015
"Spencer, SD",151
"Spencer, TN",1629
"Spencer, VA",1
"Spencer, WI",1911
"Spencer, WV",2158
"Spencerport, NY",3669
"Spencertown, NY",1
"Spencerville, IN",1
"Spencerville, MD",1
"Spencerville, OH",2190
"Spencerville, OK",1
"Sperry, IA",1
"Sperry, OK",1279
"Sperryville, VA",1
"Spiceland, IN",860
"Spicer, MN",1198
"Spicewood, TX",1
"Spickard, MO",253
"Spindale, NC",4248
"Spirit Lake, IA",5086
"Spirit Lake, ID",2167
"Spiritwood, ND",1
"Spiro, OK",2182
"Spivey, KS",74
"Splendora, TX",1964
"Spofford, NH",1
"Spofford, TX",94
"Spokane, MO",1
"Spokane, WA",215973
"Spokane Valley, WA",96340
"Spooner, WI",2597
"Spotswood, NJ",8429
"Spottsville, KY",1
"Spottswood, VA",1
"Spout Spring, VA",1
"Spraggs, PA",1
"Sprague, WA",427
"Spragueville, IA",81
"Sprakers, NY",1
"Sprankle Mills, PA",1
"Spray, OR",150
"Spring, TX",4
"Spring Arbor, MI",1
"Spring Branch, TX",1
"Spring Church, PA",1
"Spring City, PA",3301
"Spring City, TN",1988
"Spring Creek, PA",1
"Spring Dale, WV",1
"Spring Glen, PA",1
"Spring Green, WI",1652
"Spring Grove, IL",5674
"Spring Grove, MN",1296
"Spring Grove, PA",2168
"Spring Grove, VA",1
"Spring Hill, FL",4
"Spring Hill, IA",64
"Spring Hill, KS",6166
"Spring Hill, TN",37731
"Spring Hope, NC",1314
"Spring House, PA",1
"Spring Lake, MI",2462
"Spring Lake, MN",1
"Spring Lake, NC",13168
"Spring Lake, NJ",2963
"Spring Mills, PA",1
"Spring Park, MN",1786
"Spring Run, PA",1
"Spring Valley, CA",2
"Spring Valley, IL",5262
"Spring Valley, MN",2425
"Spring Valley, OH",484
"Spring Valley, WI",1348
"Spring Valley La, CA",1
"Springboro, OH",18452
"Springboro, PA",454
"Springbrook, IA",140
"Springbrook, ND",1
"Springdale, AR",78557
"Springdale, PA",3344
"Springdale, WA",276
"Springer, NM",929
"Springer, OK",698
"Springerton, IL",108
"Springerville, AZ",1995
"Springfield, AR",1
"Springfield, CO",1378
"Springfield, IL",115715
"Springfield, LA",527
"Springfield, MA",154074
"Springfield, ME",1
"Springfield, MI",5196
"Springfield, MN",2053
"Springfield, MO",167319
"Springfield, NE",1604
"Springfield, NJ",1
"Springfield, OH",59087
"Springfield, OR",61893
"Springfield, PA",1
"Springfield, SC",497
"Springfield, SD",1950
"Springfield, TN",16809
"Springfield, VA",2
"Springfield, VT",1
"Springfield, WV",1
"Springfield Cent, NY",1
"Springfield Gard, NY",1
"Springhill, LA",5048
"Springlake, TX",103
"Springport, IN",142
"Springport, MI",785
"Springs, PA",1
"Springs Plaza, FL",1
"Springtown, TX",2870
"Springvale, GA",1
"Springvale, ME",1
"Springview, NE",232
"Springville, AL",4251
"Springville, CA",1
"Springville, IA",1135
"Springville, IN",1
"Springville, NY",4318
"Springville, PA",1
"Springville, TN",1
"Springville, UT",33044
"Springwater, NY",1
"Sprott, AL",1
"Sprouses Corner, VA",1
"Spruce, MI",1
"Spruce Creek, PA",1
"Spruce Head, ME",1
"Spruce Pine, AL",1
"Spruce Pine, NC",2103
"Spur, TX",1196
"Spurger, TX",1
"Squaw Lake, MN",106
"Squaw Valley, CA",1
"Squire, WV",1
"Squires, MO",1
"Squirrel Hill, PA",1
"Squirrel Island, ME",1
"St Clairsville, PA",1
"St George, UT",1
"St Helena Island, SC",1
"Staatsburg, NY",1
"Stacy, MN",1475
"Stacy, NC",1
"Stacyville, IA",475
"Stafford, KS",978
"Stafford, NY",1
"Stafford, TX",18422
"Stafford, VA",1
"Stafford Springs, CT",1
"Staffordsville, VA",1
"Stahlstown, PA",1
"Staley, NC",394
"Stallings, NC",15378
"Stalwart, MI",1
"Stambaugh, KY",1
"Stamford, CT",129113
"Stamford, NE",186
"Stamford, NY",1056
"Stamford, TX",2984
"Stamford, VT",1
"Stamping Ground, KY",746
"Stamps, AR",1519
"Stanberry, MO",1181
"Stanchfield, MN",1
"Standish, CA",1
"Standish, ME",1
"Standish, MI",1437
"Stanfield, AZ",1
"Stanfield, NC",1488
"Stanfield, OR",2078
"Stanford, CA",1
"Stanford, IL",580
"Stanford, KY",3662
"Stanford, MT",384
"Stanfordville, NY",1
"Stanhope, IA",408
"Stanhope, NJ",3364
"Stanley, IA",125
"Stanley, ID",69
"Stanley, KS",3
"Stanley, NC",3735
"Stanley, NM",1
"Stanley, NY",1
"Stanley, VA",1648
"Stanley, WI",3660
"Stanleytown, VA",1
"Stanton, AL",1
"Stanton, CA",38644
"Stanton, IA",637
"Stanton, MI",1415
"Stanton, MN",1
"Stanton, ND",361
"Stanton, NE",1516
"Stanton, TN",422
"Stanton, TX",2980
"Stantonsburg, NC",784
"Stantonville, TN",267
"Stanville, KY",1
"Stanwood, IA",662
"Stanwood, MI",213
"Stanwood, WA",7009
"Staplehurst, NE",242
"Staples, MN",2898
"Stapleton, GA",402
"Stapleton, NE",309
"Star, ID",8375
"Star, NC",868
"Star, TX",1
"Star City, AR",2150
"Star City, IN",1
"Star City, WV",2024
"Star Junction, PA",1
"Star Lake, NY",1
"Star Prairie, WI",568
"Star Tannery, VA",1
"Starbuck, MN",1261
"Starford, PA",1
"Stark, KS",69
"Stark City, MO",140
"Starke, FL",5416
"Starks, LA",1
"Starksboro, VT",1
"Starkweather, ND",115
"Starlight, PA",1
"Starr, SC",186
"Starrsville, GA",1
"Starrucca, PA",165
"State Center, IA",1452
"State College, GA",1
"State College, PA",41992
"State Line, MS",551
"State Road, NC",1
"State University, AR",1
"Staten Island, NY",476015
"Statenville, GA",1
"Statesboro, GA",31419
"Statesville, NC",26506
"Statham, GA",2647
"Statts Mills, WV",1
"Staunton, IL",5044
"Stayton, OR",8080
"Stead, NM",1
"Steamboat Rock, IA",309
"Steamboat Spring, CO",1
"Stearns, KY",1
"Stebbins, AK",572
"Stedman, NC",1063
"Steedman, MO",1
"Steele, AL",1086
"Steele, KY",1
"Steele, MO",2051
"Steele, ND",709
"Steele City, NE",58
"Steeleville, IL",1973
"Steelton, PA",5910
"Steen, MN",177
"Steens, MS",1
"Steep Falls, ME",1
"Steffenville, MO",1
"Steger, IL",9456
"Stehekin, WA",1
"Steilacoom, WA",6309
"Steinauer, NE",71
"Steinhatchee, FL",1
"Stella, MO",159
"Stella, NC",1
"Stella, NE",146
"Stem, NC",565
"Stendal, IN",1
"Stephen, MN",649
"Stephens, AR",819
"Stephens, GA",1
"Stephens, KY",1
"Stephens City, VA",1967
"Stephensburg, KY",1
"Stephenson, MI",855
"Stephenson, VA",1
"Stephenson, WV",1
"Stephensport, KY",1
"Stephentown, NY",2
"Stephenville, TX",20607
"Sterling, AK",1
"Sterling, CO",13988
"Sterling, CT",1
"Sterling, ID",1
"Sterling, IL",14908
"Sterling, KS",2264
"Sterling, MA",1
"Sterling, MI",511
"Sterling, ND",1
"Sterling, NE",458
"Sterling, NY",1
"Sterling, OH",1
"Sterling, PA",1
"Sterling, VA",1
"Sterling City, TX",1062
"Sterling Heights, MI",132427
"Sterlington, NY",1
"Sterrett, AL",1
"Stetson, ME",1
"Stetsonville, WI",522
"Steuben, ME",1
"Steuben, WI",128
"Stevens, PA",1
"Stevens Point, WI",26423
"Stevens Pottery, GA",1
"Stevens Village, AK",1
"Stevensburg, VA",1
"Stevenson, AL",1977
"Stevenson, WA",1527
"Stevensville, MD",1
"Stevensville, MI",1119
"Stevensville, MT",1963
"Stevensville, PA",1
"Stevensville, VA",1
"Stevinson, CA",1
"Steward, IL",242
"Stewardson, IL",721
"Stewart, AL",1
"Stewart, MN",546
"Stewart, MS",1
"Stewart, OH",1
"Stewart, TN",1
"Stewartstown, PA",2302
"Stewartsville, NJ",1
"Stewartsville, VA",1
"Stewartville, MN",6089
"Stickney, IL",6722
"Stickney, SD",286
"Stickney, WV",1
"Stidham, OK",19
"Stigler, OK",2749
"Stiles, WI",1
"Stilesville, IN",330
"Still Pond, MD",1
"Stillman Valley, IL",1062
"Stillwater, NY",1714
"Stillwater, OK",49504
"Stillwater, PA",209
"Stillwell, GA",1
"Stilwell, KS",1
"Stilwell, OK",4048
"Stinnett, KY",1
"Stinnett, TX",1831
"Stinson Beach, CA",1
"Stirling, NJ",1
"Stirum, ND",1
"Stittville, NY",1
"Stitzer, WI",1
"Stockbridge, GA",28677
"Stockbridge, MA",1
"Stockbridge, MI",1234
"Stockbridge, VT",1
"Stockdale, PA",500
"Stockdale, TX",1596
"Stockett, MT",1
"Stockholm, ME",1
"Stockholm, NJ",1
"Stockholm, SD",107
"Stockholm, WI",66
"Stockport, IA",290
"Stockton, AL",1
"Stockton, CA",307072
"Stockton, GA",1
"Stockton, IA",197
"Stockton, IL",1763
"Stockton, KS",1297
"Stockton, MD",1
"Stockton, MO",1879
"Stockton, NJ",519
"Stockton, NY",1
"Stockton, UT",647
"Stockton Springs, ME",1
"Stockville, NE",24
"Stoddard, NH",1
"Stoddard, WI",826
"Stokes, NC",1
"Stokesdale, NC",5336
"Stone, ID",1
"Stone, KY",1
"Stone Creek, OH",178
"Stone Harbor, NJ",833
"Stone Lake, WI",1
"Stone Mountain, GA",6328
"Stone Park, IL",4883
"Stone Ridge, NY",1
"Stoneboro, PA",1001
"Stonefort, IL",294
"Stonega, VA",1
"Stoneham, CO",1
"Stoneham, MA",1
"Stoneville, NC",1031
"Stoneville, SD",1
"Stonewall, LA",2188
"Stonewall, MS",1021
"Stoney Fork, KY",1
"Stonington, CT",900
"Stonington, IL",880
"Stonington, ME",1
"Stony Bottom, WV",1
"Stony Brook, NY",1
"Stony Creek, NY",1
"Stony Creek, VA",188
"Stony Point, NC",1
"Stony Point, NY",1
"Stonyford, CA",1
"Storden, MN",215
"Storm Lake, IA",10773
"Stormville, NY",1
"Storrs Mansfield, CT",1
"Story, AR",1
"Story, WY",1
"Story City, IA",3410
"Stotesbury, MO",18
"Stotts City, MO",220
"Stoughton, MA",1
"Stoughton, WI",13134
"Stout, OH",1
"Stoutland, MO",192
"Stouts Mills, WV",1
"Stoutsville, MO",46
"Stoutsville, OH",558
"Stovall, GA",1
"Stovall, MS",1
"Stover, MO",1075
"Stow, MA",1
"Stow, OH",34711
"Stowe, VT",1
"Stoystown, PA",333
"Strabane, PA",1
"Strafford, MO",2340
"Strafford, NH",1
"Strafford, VT",1
"Strandburg, SD",71
"Strandquist, MN",68
"Strang, NE",28
"Strang, OK",88
"Strange Creek, WV",1
"Strasburg, CO",1
"Strasburg, IL",445
"Strasburg, ND",385
"Strasburg, OH",2678
"Strasburg, PA",2939
"Strasburg, VA",6583
"Stratford, CA",1
"Stratford, CT",1
"Stratford, IA",718
"Stratford, NJ",7001
"Stratford, NY",1
"Stratford, OK",1537
"Stratford, SD",73
"Stratford, TX",2081
"Stratford, WI",1571
"Stratham, NH",1
"Strathcona, MN",44
"Strathmere, NJ",1
"Strathmore, CA",1
"Strattanville, PA",519
"Stratton, CO",654
"Stratton, ME",1
"Stratton, NE",331
"Straughn, IN",217
"Strawberry, AZ",1
"Strawberry Plain, TN",1
"Strawberry Point, IA",1227
"Strawn, IL",96
"Strawn, KS",1
"Strawn, TX",649
"Streamwood, IL",40166
"Streator, IL",13148
"Streeter, ND",166
"Streeter, WV",1
"Streetman, TX",244
"Streetsboro, OH",16272
"Stringer, MS",1
"Stringtown, OK",403
"Stromsburg, NE",1140
"Stronach, MI",1
"Strong, AR",528
"Strong, ME",1
"Strong City, KS",455
"Strong City, OK",47
"Stronghurst, IL",820
"Strongstown, PA",1
"Strongsville, OH",44631
"Stroudsburg, PA",5416
"Strum, WI",1114
"Strunk, KY",1
"Struthers, OH",10293
"Stryker, OH",1308
"Strykersville, NY",1
"Stuart, FL",16623
"Stuart, IA",1589
"Stuart, NE",592
"Stuart, OK",172
"Stuart, VA",1376
"Stuarts Draft, VA",1
"Studio City, CA",1
"Studley, KS",1
"Stumptown, WV",1
"Stumpy Point, NC",1
"Sturbridge, MA",1
"Sturdivant, MO",1
"Sturgeon, MO",911
"Sturgeon Bay, WI",8910
"Sturgeon Lake, MN",406
"Sturgis, KY",1890
"Sturgis, MI",10879
"Sturgis, MS",265
"Sturkie, AR",1
"Sturtevant, WI",6937
"Stuttgart, AR",8945
"Stuyvesant, NY",1
"Subiaco, AR",563
"Sublette, IL",425
"Sublette, KS",1364
"Sublimity, OR",2912
"Subtle, KY",1
"Suburban, NJ",1
"Succasunna, NJ",1
"Success, AR",138
"Success, MO",1
"Suches, GA",1
"Sudan, TX",914
"Sudbury, MA",1
"Sudlersville, MD",472
"Suffern, NY",10948
"Suffield, CT",1
"Suffolk, VA",89273
"Sugar City, CO",253
"Sugar City, ID",1361
"Sugar Creek, MO",3304
"Sugar Grove, IL",9573
"Sugar Grove, NC",1
"Sugar Grove, OH",432
"Sugar Grove, PA",590
"Sugar Grove, VA",1
"Sugar Grove, WV",1
"Sugar Land, TX",88177
"Sugar Run, PA",1
"Sugar Tree, TN",1
"Sugar Valley, GA",1
"Sugarbush Valley, VT",1
"Sugarcreek, OH",2222
"Sugarloaf, PA",1
"Sugartown, LA",1
"Suisun City, CA",1
"Suitland, MD",1
"Sula, MT",1
"Sulligent, AL",1849
"Sullivan, IL",4475
"Sullivan, IN",4124
"Sullivan, MO",7126
"Sullivan, OH",1
"Sullivan, WI",668
"Sullivan, WV",1
"Sullivan City, TX",4194
"Sullivans Island, SC",1936
"Sully, IA",819
"Sulphur, IN",1
"Sulphur, KY",1
"Sulphur, LA",20272
"Sulphur, OK",5081
"Sulphur Bluff, TX",1
"Sulphur Rock, AR",457
"Sulphur Springs, AR",531
"Sulphur Springs, IN",382
"Sulphur Springs, TX",16162
"Sultan, WA",5059
"Sumas, WA",1409
"Sumerco, WV",1
"Sumerduck, VA",1
"Sumiton, AL",2407
"Summer Lake, OR",1
"Summer Shade, KY",1
"Summerdale, AL",1244
"Summerfield, KS",150
"Summerfield, LA",1
"Summerfield, NC",11033
"Summerfield, OH",244
"Summerfield, TX",1
"Summerhill, PA",459
"Summerland, CA",1
"Summerland Key, FL",1
"Summers, AR",1
"Summersville, KY",1
"Summersville, MO",502
"Summersville, WV",3434
"Summerton, SC",966
"Summertown, TN",1
"Summerville, GA",4360
"Summerville, OR",136
"Summerville, PA",514
"Summerville, SC",49323
"Summit, MS",1651
"Summit, NJ",22019
"Summit, NY",1
"Summit, SD",288
"Summit, UT",1
"Summit Hill, PA",2929
"Summit Lake, WI",1
"Summit Point, WV",1
"Summitville, IN",985
"Sumner, GA",402
"Sumner, IA",1998
"Sumner, IL",3167
"Sumner, MI",1
"Sumner, MO",98
"Sumner, NE",228
"Sumner, TX",1
"Sumpter, OR",204
"Sumrall, MS",1728
"Sumter, SC",40723
"Sun City, AZ",2
"Sun City, CA",1
"Sun City, KS",52
"Sun City Center, FL",1
"Sun City West, AZ",1
"Sun Lakes, AZ",1
"Sun Prairie, WI",32820
"Sun River, MT",1
"Sun Valley, CA",1
"Sun Valley, NV",1
"Sunapee, NH",1
"Sunbright, TN",545
"Sunburg, MN",101
"Sunburst, MT",338
"Sunbury, NC",1
"Sunbury, OH",5216
"Sunbury, PA",9571
"Sundance, WY",1279
"Sunderland, MA",1
"Sunderland, MD",1
"Sundown, NY",1
"Sunfield, MI",584
"Sunfish, KY",1
"Sunflower, MS",1049
"Sunman, IN",1044
"Sunmount, NY",1
"Sunny Valley, OR",1
"Sunnyland, IL",1
"Sunnyside, NY",1
"Sunnyside, WA",16411
"Sunnyvale, CA",152771
"Sunol, CA",1
"Sunray, TX",1913
"Sunrise, FL",93734
"Sunrise Beach, MO",473
"Sunrise Beach, TX",1
"Sunriver, OR",1
"Sunset, ME",1
"Sunset, SC",1
"Sunset, TX",1
"Sunset Beach, NC",3902
"Sunshine, LA",1
"Suny Stony Brook, NY",1
"Supai, AZ",1
"Superior, AZ",2999
"Superior, IA",128
"Superior, MT",826
"Superior, NE",1856
"Superior, WI",26475
"Supply, VA",1
"Suquamish, WA",1
"Surf City, NC",2274
"Surfside Beach, SC",4391
"Surgoinsville, TN",1787
"Suring, WI",526
"Surprise, AZ",132677
"Surprise, NY",1
"Surrency, GA",206
"Surrey, ND",1365
"Surry, ME",1
"Surry, NH",1
"Surry, VA",225
"Surveyor, WV",1
"Susank, KS",33
"Susanville, CA",14843
"Susquehanna, PA",1
"Sussex, NJ",2039
"Sussex, WI",10765
"Sutersville, PA",577
"Sutherland, IA",616
"Sutherland, NE",1343
"Sutherland, VA",1
"Sutherland Sprin, TX",1
"Sutherlin, OR",8000
"Sutherlin, VA",1
"Sutter, CA",1
"Sutter, IL",1
"Sutter Creek, CA",2516
"Sutton, ND",1
"Sutton, NE",1411
"Sutton, VT",1
"Suttons Bay, MI",620
"Suwanee, GA",19421
"Svea, MN",1
"Swain, NY",1
"Swaledale, IA",160
"Swampscott, MA",1
"Swan, IA",72
"Swan Lake, MT",1
"Swan Lake, NY",1
"Swan River, MN",1
"Swan Valley, ID",221
"Swanquarter, NC",1
"Swansboro, NC",3173
"Swansea, MA",1
"Swansea, SC",903
"Swanton, MD",1
"Swanton, NE",95
"Swanton, OH",3910
"Swanton, VT",2380
"Swanville, MN",337
"Swanwick, IL",1
"Swarthmore, PA",6239
"Swartz Creek, MI",5557
"Swatara, MN",1
"Swatara, PA",1
"Swayzee, IN",936
"Swea City, IA",516
"Swedesboro, NJ",2602
"Sweeny, TX",3766
"Sweet, ID",1
"Sweet Home, OR",9418
"Sweet Springs, MO",1446
"Sweet Springs, WV",1
"Sweet Valley, PA",1
"Sweet Water, AL",242
"Sweetgrass, MT",1
"Sweetland, WV",1
"Sweetwater, OK",86
"Sweetwater, TN",5933
"Sweetwater, TX",10755
"Swift, MN",1
"Swifton, AR",747
"Swiftwater, PA",1
"Swisher, IA",924
"Swiss, WV",1
"Swisshome, OR",1
"Swissvale, PA",8769
"Switz City, IN",288
"Swoope, VA",1
"Swords Creek, VA",1
"Swormville, NY",1
"Sycamore, GA",654
"Sycamore, IL",17867
"Sycamore, MO",1
"Sycamore, OH",831
"Sycamore, PA",1
"Sykeston, ND",113
"Sykesville, PA",1127
"Sylacauga, AL",12540
"Sylmar, CA",1
"Sylva, NC",2644
"Sylvan Grove, KS",258
"Sylvan Lake, MI",1824
"Sylvan Springs, AL",1509
"Sylvania, AL",1850
"Sylvania, OH",18909
"Sylvester, GA",6064
"Sylvester, TX",1
"Sylvester, WV",149
"Sylvia, KS",213
"Symbol, KY",1
"Symsonia, KY",1
"Syosset, NY",1
"Syracuse, IN",2882
"Syracuse, KS",1705
"Syracuse, MO",171
"Syracuse, NE",2007
"Syracuse, NY",143378
"Syracuse, UT",28407
"Syria, VA",1
"Syringa, VA",1
"T Ville, KY",1
"Tabb, VA",1
"Taberg, NY",1
"Tabiona, UT",169
"Table Grove, IL",399
"Table Rock, NE",260
"Tabor, IA",986
"Tabor, SD",413
"Tabor City, NC",4193
"Tacoma, WA",211277
"Taconic Lake, NY",1
"Taft, CA",9373
"Taft, OH",2
"Taft, OK",244
"Taft, TN",1
"Taft, TX",3023
"Tafton, PA",1
"Taftsville, VT",1
"Taftville, CT",1
"Tahlequah, OK",16741
"Tahoe City, CA",1
"Tahoe Vista, CA",1
"Tahoka, TX",2561
"Taholah, WA",1
"Tahoma, CA",1
"Tahuya, WA",1
"Taiban, NM",1
"Takoma Park, MD",17765
"Talala, OK",277
"Talbert, KY",1
"Talbott, TN",1
"Talbotton, GA",850
"Talco, TX",504
"Talcott, WV",1
"Talcum, KY",1
"Talent, OR",6485
"Talihina, OK",1099
"Talkeetna, AK",1
"Talking Rock, GA",67
"Tall Timbers, MD",1
"Talladega, AL",15451
"Tallahassee, FL",190894
"Tallapoosa, GA",3187
"Tallassee, AL",4759
"Tallassee, TN",1
"Talleyville, DE",1
"Tallmadge, OH",17534
"Tallmansville, WV",1
"Tallula, IL",484
"Talmage, KS",1
"Talmage, NE",240
"Talmage, UT",1
"Talmo, GA",192
"Talmoon, MN",1
"Taloga, OK",303
"Talpa, TX",1
"Tama, IA",2831
"Tamaqua, PA",6797
"Tamarac, FL",65199
"Tamarack, MN",88
"Tamaroa, IL",606
"Tamassee, SC",1
"Tamiment, PA",1
"Tamms, IL",526
"Tamo, AR",1
"Tampa, FL",377165
"Tampa, KS",107
"Tampico, IL",750
"Tamworth, NH",1
"Tamworth, VA",1
"Tanana, AK",258
"Taneytown, MD",6760
"Taneyville, MO",391
"Tangent, OR",1243
"Tangier, IN",1
"Tangier, VA",722
"Tanner, AL",1
"Tanner, WV",1
"Tannersville, NY",512
"Tannersville, PA",1
"Tannersville, VA",1
"Taopi, MN",58
"Taos, NM",5763
"Tapoco, NC",1
"Tappahannock, VA",2386
"Tappan, NY",1
"Tappen, ND",201
"Tar Heel, NC",143
"Tarawa Terrace, NC",1
"Tarboro, NC",10994
"Tarentum, PA",4419
"Tariff, WV",1
"Tariffville, CT",1
"Tarkio, MO",1473
"Tarpley, TX",1
"Tarpon Springs, FL",24867
"Tarrs, PA",1
"Tarrytown, GA",87
"Tarzan, TX",1
"Tarzana, CA",1
"Taswell, IN",1
"Tate, GA",1
"Tateville, KY",1
"Tatum, NM",827
"Tatum, TX",1369
"Taunton, MA",56843
"Taunton, MN",137
"Tavares, FL",15922
"Tavernier, FL",1
"Tawas City, MI",1787
"Taycheedah, WI",1
"Taylor, AL",2393
"Taylor, AR",538
"Taylor, MI",61177
"Taylor, MO",1
"Taylor, MS",372
"Taylor, ND",170
"Taylor, PA",5975
"Taylor, TX",16857
"Taylor, WI",472
"Taylor Ridge, IL",1
"Taylors, SC",1
"Taylors Falls, MN",1016
"Taylors Island, MD",1
"Taylorsville, CA",1
"Taylorsville, GA",215
"Taylorsville, KY",1252
"Taylorsville, MS",1286
"Taylorsville, NC",2100
"Tazewell, GA",1
"Tazewell, TN",2281
"Tazewell, VA",4365
"Tchula, MS",1981
"Tea, SD",5032
"Teaberry, KY",1
"Teachey, NC",432
"Teague, TX",3540
"Teaneck, NJ",1
"Teasdale, UT",1
"Teaticket, MA",1
"Tebbetts, MO",1
"Tecate, CA",1
"Techny, IL",1
"Tecopa, CA",1
"Tecumseh, KS",1
"Tecumseh, MI",8362
"Tecumseh, MO",1
"Tecumseh, NE",1631
"Tecumseh, OK",6666
"Teec Nos Pos, AZ",1
"Tega Cay, SC",9946
"Tekamah, NE",1730
"Tekoa, WA",808
"Tekonsha, MI",705
"Telegraph, TX",1
"Telephone, TX",1
"Telford, PA",4847
"Telford, TN",1
"Tell, TX",1
"Tell City, IN",7323
"Teller, AK",236
"Tellico Plains, TN",941
"Telluride, CO",2444
"Temecula, CA",113054
"Tempe, AZ",182498
"Temperance, MI",1
"Temperanceville, VA",1
"Temple, GA",4378
"Temple, ME",1
"Temple, ND",1
"Temple, NH",1
"Temple, OK",959
"Temple, PA",1
"Temple, TX",73600
"Temple City, CA",36365
"Temple Hills, MD",1
"Templeton, CA",1
"Templeton, IA",349
"Templeton, MA",1
"Templeton, PA",1
"Temvik, ND",1
"Ten Mile, TN",1
"Ten Sleep, WY",250
"Tenafly, NJ",14846
"Tenaha, TX",1161
"Tenants Harbor, ME",1
"Tenino, WA",1819
"Tenmile, OR",1
"Tennerton, WV",1
"Tennessee, IL",110
"Tennessee Colony, TX",1
"Tennessee Ridge, TN",1334
"Tenney, MN",1
"Tennille, GA",1854
"Tennyson, IN",296
"Tensed, ID",121
"Tenstrike, MN",205
"Tequesta, FL",5990
"Tererro, NM",1
"Teresita, MO",1
"Terlingua, TX",1
"Terlton, OK",108
"Termo, CA",1
"Terra Bella, CA",1
"Terrace Heights, WA",1
"Terrace Park, OH",2273
"Terre Haute, IN",60852
"Terre Hill, PA",1397
"Terrell, NC",1
"Terrell, TX",17329
"Terreton, ID",1
"Terril, IA",362
"Terry, LA",1
"Terry, MS",1112
"Terry, MT",609
"Terrytown, LA",1
"Terryville, CT",1
"Tesla, WV",1
"Teterboro, NJ",69
"Teton, ID",714
"Tetonia, ID",280
"Teutopolis, IL",1587
"Tewksbury, MA",1
"Texarkana, AR",30283
"Texarkana, TX",37679
"Texas City, TX",48262
"Texhoma, OK",1
"Texico, IL",1
"Texico, NM",1110
"Texline, TX",518
"Texola, OK",35
"Thacker, WV",1
"Thackerville, OK",473
"Thatcher, AZ",5027
"Thatcher, ID",1
"Thawville, IL",263
"Thaxton, MS",668
"Thaxton, VA",1
"Thayer, IA",56
"Thayer, KS",465
"Thayer, MO",2211
"Thayne, WY",367
"The Bluffs, LA",1
"The Colony, TX",42408
"The Dalles, OR",15572
"The Plains, OH",1
"The Plains, VA",228
"The Rock, GA",1
"The Sea Ranch, CA",1
"The Woodlands, TX",2
"Theilman, MN",2
"Thelma, KY",1
"Theodore, AL",1
"Theresa, NY",813
"Theresa, WI",1207
"Theriot, LA",1
"Thetford Center, VT",1
"Thibodaux, LA",14610
"Thida, AR",1
"Thief River Fall, MN",1
"Thiells, NY",1
"Thomas, OK",1227
"Thomas, WV",562
"Thomasboro, IL",1115
"Thomaston, AL",391
"Thomaston, CT",1
"Thomaston, GA",8962
"Thomaston, ME",1
"Thomasville, AL",4002
"Thomasville, GA",18826
"Thomasville, IL",1
"Thomasville, NC",27030
"Thomasville, PA",1
"Thompson, CT",1
"Thompson, IA",488
"Thompson, MI",1
"Thompson, MO",1
"Thompson, ND",1011
"Thompson, OH",1
"Thompson, PA",269
"Thompson, UT",1
"Thompson Falls, MT",1356
"Thompson Ridge, NY",1
"Thompsons Statio, TN",1
"Thompsontown, PA",682
"Thompsonville, IL",530
"Thompsonville, MI",438
"Thomson, GA",6678
"Thomson, IL",560
"Thomson, NY",1
"Thonotosassa, FL",1
"Thor, IA",179
"Thoreau, NM",1
"Thorn Hill, TN",1
"Thorndale, PA",1
"Thorndale, TX",1293
"Thorndike, ME",1
"Thorne Bay, AK",485
"Thornton, AR",392
"Thornton, CO",136703
"Thornton, IA",406
"Thornton, IL",2461
"Thornton, KY",1
"Thornton, PA",1
"Thornton, TX",527
"Thornton, WA",1
"Thornton, WV",1
"Thorntown, IN",1487
"Thornville, OH",997
"Thornwood, NY",1
"Thorofare, NJ",1
"Thorp, WA",1
"Thorp, WI",1629
"Thorsby, AL",2052
"Thousand Oaks, CA",128888
"Thousand Palms, CA",1
"Thrall, TX",928
"Three Bridges, NJ",1
"Three Churches, WV",1
"Three Forks, MT",1944
"Three Lakes, WI",1
"Three Mile Bay, NY",1
"Three Oaks, MI",1569
"Three Rivers, CA",1
"Three Rivers, MA",1
"Three Rivers, MI",7713
"Three Rivers, TX",1940
"Three Springs, PA",434
"Throckmorton, TX",774
"Thurman, IA",215
"Thurman, OH",1
"Thurmond, NC",1
"Thurmond, WV",5
"Thurston, NE",136
"Tibbie, AL",1
"Tice, FL",1
"Tichnor, AR",1
"Tickfaw, LA",757
"Ticonderoga, NY",1
"Tidewater, OR",1
"Tidioute, PA",657
"Tie Siding, WY",1
"Tierra Amarilla, NM",1
"Tierra Verde, FL",1
"Tieton, WA",1276
"Tiff City, MO",1
"Tiffin, OH",17545
"Tigard, OR",51902
"Tiger, GA",406
"Tigerton, WI",716
"Tigerville, SC",1
"Tightwad, MO",67
"Tijeras, NM",543
"Tilden, NE",933
"Tilden, TX",1
"Tilghman, MD",1
"Tiline, KY",1
"Tillamook, OR",5183
"Tillatoba, MS",1
"Tilleda, WI",1
"Tiller, OR",1
"Tillman, SC",1
"Tillson, NY",1
"Tilly, AR",1
"Tilton, IL",2584
"Tilton, NH",1
"Tiltonsville, OH",1312
"Timber, OR",1
"Timber Lake, SD",489
"Timberlake, NC",1
"Timberlake, VA",1
"Timberline Lodge, OR",1
"Timberville, VA",2640
"Timblin, PA",153
"Timbo, AR",1
"Timewell, IL",1
"Timken, KS",71
"Timmonsville, SC",2376
"Timpas, CO",1
"Timpson, TX",1157
"Tina, MO",151
"Tingley, IA",183
"Tinker Afb, OK",1
"Tinley Park, IL",56831
"Tinnie, NM",1
"Tinsman, AR",52
"Tiny Town, KY",1
"Tioga, LA",1
"Tioga, PA",658
"Tioga, TX",936
"Tioga, WV",1
"Tionesta, PA",439
"Tiplersville, MS",1
"Tippecanoe, IN",1
"Tippecanoe, OH",1
"Tipton, CA",1
"Tipton, IA",3217
"Tipton, IN",5132
"Tipton, KS",206
"Tipton, MI",1
"Tipton, MO",3378
"Tipton, OK",788
"Tiptonville, TN",4349
"Tiptop, VA",1
"Tiro, OH",272
"Tishomingo, MS",336
"Tishomingo, OK",3109
"Tiskilwa, IL",785
"Titonka, IA",448
"Titus, AL",1
"Titusville, FL",46019
"Titusville, NJ",1
"Titusville, PA",5380
"Tiverton, RI",1
"Tivoli, NY",1093
"Tivoli, TX",1
"Toadlena, NM",1
"Toano, VA",1
"Tobaccoville, NC",2609
"Tobias, NE",107
"Tobinsport, IN",1
"Tobyhanna, PA",1
"Toccoa, GA",8412
"Todd, NC",1
"Todd, PA",1
"Toddville, IA",1
"Toddville, MD",1
"Tofte, MN",1
"Togo, MN",1
"Tohatchi, NM",1
"Toivola, MI",1
"Tokeland, WA",1
"Tokio, TX",1
"Tolar, TX",885
"Toledo, IA",2187
"Toledo, IL",1216
"Toledo, OH",278508
"Toledo, OR",3560
"Toledo, WA",738
"Toll Gate, WV",1
"Tolland, CT",1
"Tolland, MA",1
"Tollesboro, KY",1
"Tolleson, AZ",7178
"Tolley, ND",47
"Tollhouse, CA",1
"Tolono, IL",3438
"Tolovana Park, OR",1
"Tolstoy, SD",36
"Toluca, IL",1322
"Toluca Lake, CA",1
"Tom, OK",1
"Tomahawk, WI",3201
"Tomato, AR",1
"Tomball, TX",11643
"Tombstone, AZ",1300
"Tomkins Cove, NY",1
"Tomnolen, MS",1
"Toms Brook, VA",262
"Toms Place, CA",1
"Toms River, NJ",3
"Tonalea, AZ",1
"Tonasket, WA",1013
"Tonawanda, NY",14858
"Toney, AL",1
"Tonganoxie, KS",5326
"Tonica, IL",732
"Tonkawa, OK",3095
"Tonopah, AZ",1
"Tonopah, NV",1
"Tony, WI",106
"Tooele, UT",33762
"Toomsboro, GA",444
"Toomsuba, MS",1
"Toone, TN",339
"Topanga, CA",1
"Topaz, CA",1
"Topeka, IL",71
"Topeka, IN",1203
"Topeka, KS",126808
"Topock, AZ",1
"Toponas, CO",1
"Toppenish, WA",8973
"Topsfield, MA",1
"Topsfield, ME",1
"Topton, NC",1
"Topton, PA",2055
"Torbert, LA",1
"Tornado, WV",1
"Toronto, IA",119
"Toronto, KS",265
"Toronto, OH",4851
"Toronto, SD",205
"Torrance, CA",147195
"Torrey, UT",241
"Torrington, CT",34646
"Torrington, WY",6715
"Toston, MT",1
"Totowa, NJ",10904
"Totz, KY",1
"Toughkenamon, PA",1
"Toulon, IL",1245
"Toutle, WA",1
"Tow, TX",1
"Towaco, NJ",1
"Towanda, IL",475
"Towanda, KS",1427
"Towanda, PA",2850
"Towaoc, CO",1
"Tower, MI",1
"Tower, MN",492
"Tower City, ND",258
"Tower City, PA",1294
"Town And Country, MO",11113
"Town Creek, AL",1069
"Towner, CO",1
"Townley, AL",1
"Townsend, DE",2313
"Townsend, GA",1
"Townsend, MA",1
"Townsend, MT",1978
"Townsend, TN",444
"Townsend, WI",1
"Townsends Inlet, NJ",1
"Townshend, VT",1
"Townville, PA",318
"Townville, SC",1
"Toxey, AL",129
"Tracy, CA",89274
"Tracy, IA",1
"Tracy, MN",2060
"Tracy City, TN",1425
"Tracys Landing, MD",1
"Trade, TN",1
"Traer, IA",1657
"Trafalgar, IN",1182
"Trafford, AL",627
"Trail, MN",46
"Trail, OR",1
"Trail City, SD",1
"Trammel, VA",1
"Tranquillity, CA",1
"Transfer, PA",1
"Transylvania, LA",1
"Traphill, NC",1
"Trappe, MD",1015
"Trapper Creek, AK",1
"Trappist, KY",1
"Traskwood, AR",539
"Traunik, MI",1
"Travelers Rest, SC",5053
"Traverse City, MI",15479
"Travis Afb, CA",1
"Treadway, TN",1
"Treadwell, NY",1
"Treece, KS",1
"Trees, LA",1
"Trego, WI",1
"Trementina, NM",1
"Tremont, IL",2156
"Tremont, MS",464
"Tremonton, UT",8426
"Trempealeau, WI",1618
"Trenary, MI",1
"Trent, SD",235
"Trent, TX",341
"Trenton, AL",1
"Trenton, FL",2089
"Trenton, GA",2255
"Trenton, IL",2652
"Trenton, KY",378
"Trenton, MO",5932
"Trenton, NC",284
"Trenton, ND",1
"Trenton, NE",553
"Trenton, NJ",84056
"Trenton, OH",12762
"Trenton, SC",192
"Trenton, TN",4140
"Trenton, TX",639
"Trenton, UT",512
"Trevett, ME",1
"Trevor, WI",1
"Trevorton, PA",1
"Trexlertown, PA",1
"Treynor, IA",950
"Trezevant, TN",834
"Triadelphia, WV",761
"Triana, AL",529
"Triangle, VA",1
"Tribbey, KY",1
"Tribune, KS",776
"Tridell, UT",1
"Trilla, IL",1
"Trimble, MO",640
"Trimble, TN",622
"Trimont, MN",707
"Trinchera, CO",1
"Trinidad, TX",877
"Trinity, AL",2164
"Trinity, KY",1
"Trinity, NC",6671
"Trinity, TX",2750
"Trinity Center, CA",1
"Trion, GA",1780
"Triplet, VA",1
"Triplett, MO",39
"Triplett, NC",1
"Tripoli, IA",1340
"Tripoli, WI",1
"Tripp, SD",638
"Trivoli, IL",1
"Trophy Club, TX",12166
"Trosper, KY",1
"Trotters, ND",1
"Trotwood, OH",24331
"Troup, TX",1982
"Troupsburg, NY",1
"Trout, LA",1
"Trout, WV",1
"Trout Creek, MI",1
"Trout Creek, MT",1
"Trout Creek, UT",1
"Trout Dale, VA",170
"Trout Lake, WA",1
"Trout Run, PA",1
"Troutdale, OR",16617
"Troutman, NC",2576
"Troutville, VA",431
"Trowbridge, CA",1
"Troy, AL",19191
"Troy, ID",887
"Troy, IL",10093
"Troy, IN",364
"Troy, ME",1
"Troy, MI",83641
"Troy, MO",11862
"Troy, MT",890
"Troy, NC",3414
"Troy, NH",1
"Troy, NY",49702
"Troy, OH",25770
"Troy, PA",1258
"Troy, SC",93
"Troy, TN",1285
"Troy, TX",1915
"Troy, VA",1
"Troy, VT",1
"Troy, WV",1
"Truckee, CA",16391
"True, WV",1
"Trufant, MI",1
"Truman, MN",1058
"Trumansburg, NY",1819
"Trumbull, CT",1
"Trumbull, NE",194
"Truro, IA",487
"Truro, MA",1
"Truscott, TX",1
"Trussville, AL",21422
"Truth Or Consequ, NM",1
"Truxton, MO",95
"Truxton, NY",1
"Tryon, NC",1621
"Tryon, NE",1
"Tryon, OK",503
"Tsaile, AZ",1
"Tualatin, OR",27545
"Tuba City, AZ",1
"Tuckahoe, NY",6615
"Tuckasegee, NC",1
"Tucker, AR",1
"Tucker, GA",1
"Tuckerman, AR",1741
"Tuckerton, NJ",3378
"Tucson, AZ",530706
"Tucumcari, NM",4975
"Tujunga, CA",1
"Tukwila, WA",20033
"Tulare, CA",62779
"Tulare, SD",214
"Tularosa, NM",2912
"Tulelake, CA",991
"Tullos, LA",389
"Tully, NY",863
"Tullytown, PA",1848
"Tulsa, OK",403090
"Tuluksak, AK",1
"Tumbling Shoals, AR",1
"Tumtum, WA",1
"Tunas, MO",1
"Tunbridge, VT",1
"Tunica, MS",968
"Tunnel Hill, GA",876
"Tunnel Hill, IL",1
"Tunnelton, WV",297
"Tununak, AK",1
"Tuolumne, CA",1
"Tupelo, MS",38842
"Tupelo, OK",315
"Tupman, CA",1
"Turbeville, SC",803
"Turbotville, PA",681
"Turin, IA",65
"Turin, NY",230
"Turkey, NC",295
"Turkey, TX",396
"Turkey Creek, KY",1
"Turlock, CA",72796
"Turner, ME",1
"Turner, MI",109
"Turner, MT",1
"Turner, OR",2031
"Turners Falls, MA",1
"Turners Station, KY",1
"Turnersville, TX",1
"Turnertown, TX",1
"Turney, MO",147
"Turrell, AR",575
"Turtle Creek, PA",5221
"Turtle Creek, WV",1
"Turtle Lake, ND",585
"Turtle Lake, WI",1024
"Turtlepoint, PA",1
"Turtletown, TN",1
"Turton, SD",47
"Tuscaloosa, AL",99543
"Tuscarora, MD",1
"Tuscarora, NV",1
"Tuscarora, NY",1
"Tuscola, IL",4391
"Tuscola, TX",740
"Tuscumbia, AL",8434
"Tuscumbia, MO",206
"Tuskahoma, OK",1
"Tuskegee, AL",8722
"Tuskegee Institu, AL",1
"Tussy, OK",1
"Tustin, CA",80395
"Tustin, MI",227
"Tuthill, SD",1
"Tutor Key, KY",1
"Tuttle, ND",80
"Tuttle, OK",6968
"Tutwiler, MS",1111
"Tuxedo Park, NY",601
"Twain, CA",1
"Twain Harte, CA",1
"Twelve Corners, NY",1
"Twelve Mile, IN",1
"Twentynine Palms, CA",26049
"Twin Bridges, CA",1
"Twin Bridges, MT",395
"Twin Brooks, SD",66
"Twin City, GA",1699
"Twin Falls, ID",48260
"Twin Groves, AR",322
"Twin Lake, MI",1
"Twin Lakes, CO",1
"Twin Lakes, MN",146
"Twin Lakes, WI",6081
"Twin Oaks, OK",1
"Twin Rocks, PA",1
"Twin Valley, MN",784
"Twining, MI",174
"Twinsburg, OH",18877
"Twisp, WA",952
"Twitty, TX",1
"Two Harbors, MN",3562
"Two Rivers, WI",11261
"Twodot, MT",1
"Ty Ty, GA",726
"Tyaskin, MD",1
"Tybee Island, GA",3113
"Tye, TX",1258
"Tye River, VA",1
"Tyler, MN",1112
"Tyler, TX",104798
"Tyler Hill, PA",1
"Tylerton, MD",1
"Tylertown, MS",1508
"Tynan, TX",1
"Tyndall, SD",1049
"Tyner, NC",1
"Tyngsboro, MA",1
"Tyonek, AK",1
"Tyrone, GA",7215
"Tyrone, OK",769
"Tyrone, PA",5301
"Tyronza, AR",742
"Ubly, MI",817
"Udall, KS",727
"Udall, MO",1
"Udell, IA",46
"Uhland, TX",1087
"Uhrichsville, OH",5377
"Ukiah, CA",15882
"Ulen, MN",546
"Uler, WV",1
"Ullin, IL",420
"Ulm, AR",163
"Ulman, MO",1
"Ulmer, SC",76
"Ulster, PA",1
"Ulster Park, NY",1
"Ulvah, KY",1
"Ulysses, KS",6035
"Ulysses, NE",164
"Ulysses, PA",595
"Umpire, AR",1
"Umpqua, OR",1
"Unadilla, GA",3626
"Unadilla, NE",322
"Unadilla, NY",1075
"Unaka, NC",1
"Unalakleet, AK",708
"Unalaska, AK",4437
"Uncasville, CT",1
"Uncle Sam, LA",1
"Underhill, VT",1
"Underhill, WI",1
"Underwood, IA",939
"Underwood, IN",1
"Underwood, MN",347
"Underwood, ND",771
"Underwood, WA",1
"Unicoi, TN",3531
"Union, IA",384
"Union, IL",552
"Union, KY",5807
"Union, ME",1
"Union, MI",1
"Union, MO",11277
"Union, MS",1971
"Union, NE",235
"Union, NH",1
"Union, NJ",1
"Union, OH",6606
"Union, OR",2142
"Union, SC",8000
"Union, WA",1
"Union, WV",552
"Union Church, MS",1
"Union City, CA",75322
"Union City, GA",20919
"Union City, IN",3487
"Union City, MI",1573
"Union City, NJ",69296
"Union City, OH",1620
"Union City, OK",1991
"Union City, PA",3188
"Union City, TN",10589
"Union Dale, PA",240
"Union Gap, WA",6110
"Union Grove, AL",79
"Union Grove, NC",1
"Union Grove, WI",4920
"Union Hall, VA",1
"Union Mills, IN",1
"Union Mills, NC",1
"Union Park, FL",3
"Union Pier, MI",1
"Union Point, GA",1746
"Union Springs, AL",3749
"Union Springs, NY",1167
"Union Star, KY",1
"Union Star, MO",417
"Uniondale, IN",310
"Uniondale, NY",1
"Uniontown, AL",2388
"Uniontown, AR",1
"Uniontown, KS",267
"Uniontown, KY",951
"Uniontown, MD",1
"Uniontown, MO",1
"Uniontown, OH",1
"Uniontown, PA",9942
"Uniontown, WA",333
"Unionville, CT",1
"Unionville, IA",100
"Unionville, IN",1
"Unionville, MD",1
"Unionville, MI",492
"Unionville, MO",1811
"Unionville, NV",1
"Unionville, TN",1
"Unionville, VA",1
"United States Ai, CO",1
"Unity, ME",1
"Unity, OR",68
"Unity, WI",342
"Unityville, PA",1
"Univ Of The Paci, CA",1
"Univ Of Vermont, VT",1
"University, MS",1
"University, VA",1
"University Cente, MI",1
"University City, MO",34706
"University Park, IL",7052
"Uno, VA",1
"Upatoi, GA",1
"Upham, ND",145
"Upland, CA",76684
"Upland, IN",3781
"Upland, NE",136
"Upper Arlington, OH",34997
"Upper Black Eddy, PA",1
"Upper Darby, PA",1
"Upper Falls, MD",1
"Upper Jay, NY",1
"Upper Lake, CA",1
"Upper Marlboro, MD",669
"Upper Saddle Riv, NJ",1
"Upper Saint Clai, PA",1
"Upper Saint Regi, NY",1
"Upper Sandusky, OH",6539
"Upper Tract, WV",1
"Upperglade, WV",1
"Upperstrasburg, PA",1
"Upperville, VA",1
"Upsala, MN",420
"Upson, WI",1
"Upton, KY",686
"Upton, WY",1106
"Uptown, PA",1
"Urbana, IL",42014
"Urbana, IN",1
"Urbana, MO",411
"Urbana, OH",11425
"Urbandale, IA",43018
"Uriah, AL",1
"Urich, MO",483
"Ursa, IL",618
"Usk, WA",1
"Ute, IA",349
"Utica, IL",1
"Utica, KS",152
"Utica, KY",1
"Utica, MN",286
"Utica, MO",255
"Utica, MS",869
"Utica, MT",1
"Utica, NE",851
"Utica, NY",60652
"Utica, OH",2191
"Utica, PA",182
"Utica, SD",64
"Utleyville, CO",1
"Utopia, TX",1
"Uvalda, GA",590
"Uvalde, TX",16540
"Uxbridge, MA",1
"V A Hospital, TX",1
"Vacaville, CA",98303
"Vacherie, LA",1
"Vada, KY",1
"Vader, WA",629
"Vadito, NM",1
"Vadnais Heights, MN",13321
"Vaiden, MS",980
"Vail, AZ",1
"Vail, CO",5483
"Vail, IA",416
"Valatie, NY",1891
"Valders, WI",934
"Valdese, NC",4477
"Valdez, AK",3862
"Valdez, NM",1
"Vale, NC",1
"Vale, OR",1814
"Vale, SD",1
"Valencia, CA",2
"Valencia, PA",890
"Valentine, NE",2803
"Valentine, TX",125
"Valentines, VA",1
"Valera, TX",1
"Valhalla, NY",1
"Valhermoso Sprin, AL",1
"Valier, MT",498
"Valier, PA",1
"Valle Crucis, NC",1
"Vallecito, CA",1
"Vallecitos, NM",1
"Vallejo, CA",121299
"Valley, AL",9377
"Valley, NE",2172
"Valley, WA",1
"Valley Bend, WV",1
"Valley Center, CA",1
"Valley Center, KS",7343
"Valley City, ND",6566
"Valley City, OH",1
"Valley Cottage, NY",1
"Valley Falls, KS",1149
"Valley Falls, NY",455
"Valley Falls, SC",1
"Valley Ford, CA",1
"Valley Fork, WV",1
"Valley Grove, WV",365
"Valley Head, AL",550
"Valley Lee, MD",1
"Valley Mills, TX",1187
"Valley Park, MO",6911
"Valley Park, MS",1
"Valley Spring, TX",1
"Valley Springs, AR",184
"Valley Springs, CA",1
"Valley Springs, SD",760
"Valley Station, KY",1
"Valley Stream, NY",37673
"Valley View, PA",1
"Valley View, TX",777
"Valley Village, CA",1
"Valleyford, WA",1
"Valliant, OK",739
"Vallonia, IN",1
"Vallscreek, WV",1
"Valmeyer, IL",1256
"Valmora, NM",1
"Valois, NY",1
"Valparaiso, FL",5072
"Valparaiso, IN",33104
"Valparaiso, NE",547
"Valrico, FL",1
"Valyermo, CA",1
"Van, TX",2729
"Van, WV",1
"Van Alstyne, TX",3599
"Van Buren, AR",23367
"Van Buren, ME",1
"Van Buren, MO",828
"Van Buren, OH",385
"Van Buren Bay, NY",1
"Van Dyne, WI",1
"Van Etten, NY",512
"Van Horne, IA",662
"Van Hornesville, NY",1
"Van Lear, KY",1
"Van Meter, IA",1119
"Van Meter, PA",1
"Van Nuys, CA",4
"Van Tassell, WY",15
"Van Vleck, TX",1
"Van Wert, IA",213
"Van Wert, OH",10728
"Vanadium, NM",1
"Vance, AL",1501
"Vance, MS",1
"Vance, SC",164
"Vanceboro, ME",1
"Vanceboro, NC",995
"Vancleve, KY",1
"Vancourt, TX",1
"Vancouver, WA",174826
"Vandalia, IL",7054
"Vandalia, MI",295
"Vandalia, MO",4275
"Vandalia, OH",15058
"Vandemere, NC",244
"Vanderbilt, MI",570
"Vanderbilt, PA",462
"Vanderpool, TX",1
"Vandervoort, AR",85
"Vandiver, AL",1
"Vanleer, TN",376
"Vanlue, OH",361
"Vansant, VA",1
"Vanzant, MO",1
"Vardaman, MS",1291
"Varna, IL",362
"Varnado, LA",326
"Varney, KY",1
"Varnville, SC",2047
"Varysburg, NY",1
"Vashon, WA",1
"Vass, NC",766
"Vassalboro, ME",1
"Vassar, KS",1
"Vassar, MI",2596
"Vaughn, MT",1
"Vaughn, NM",412
"Vaughn, WA",1
"Vauxhall, NJ",1
"Vealmoor, TX",1
"Veblen, SD",539
"Veedersburg, IN",2078
"Vega, TX",906
"Veguita, NM",1
"Velpen, IN",1
"Velva, ND",1265
"Venango, NE",165
"Venango, PA",241
"Vendor, AR",1
"Venedocia, OH",122
"Venedy, IL",132
"Veneta, OR",4918
"Venetia, PA",1
"Venetie, AK",1
"Venice, CA",1
"Venice, FL",22465
"Venice, IL",1905
"Venice, LA",1
"Venice, UT",1
"Venice Center, NY",1
"Ventnor City, NJ",10317
"Ventress, LA",1
"Ventura, FL",1
"Ventura, IA",720
"Venturia, ND",12
"Venus, FL",1
"Venus, PA",1
"Venus, TX",3444
"Vera, TX",1
"Veradale, WA",1
"Verbank, NY",1
"Verbena, AL",1
"Verdel, NE",30
"Verden, OK",527
"Verdi, MN",1
"Verdigre, NE",557
"Verdon, NE",165
"Verdon, SD",5
"Vergas, MN",346
"Vergennes, IL",291
"Vergennes, VT",2599
"Verhalen, TX",1
"Vermilion, OH",10409
"Vermillion, SD",10844
"Vermont, IL",647
"Vermontville, MI",763
"Vermontville, NY",1
"Vernal, UT",10681
"Verndale, MN",574
"Verner, WV",1
"Vernon, AL",1896
"Vernon, CA",113
"Vernon, CO",1
"Vernon, FL",681
"Vernon, IL",126
"Vernon, IN",309
"Vernon, NJ",1
"Vernon, NY",1164
"Vernon, OK",1
"Vernon, TX",10461
"Vernon, UT",294
"Vernon, VT",1
"Vernon Center, MN",325
"Vernon Center, NY",1
"Vernon Hills, IL",26328
"Vernon Rockville, CT",1
"Vernonia, OR",2194
"Vero Beach, FL",16751
"Verona, IL",212
"Verona, KY",1
"Verona, MO",604
"Verona, ND",86
"Verona, NJ",1
"Verona, NY",1
"Verona, PA",2419
"Verona, VA",1
"Verona, WI",12969
"Versailles, IL",456
"Versailles, IN",2108
"Versailles, KY",9270
"Versailles, MO",2456
"Versailles, OH",2608
"Vershire, VT",1
"Veseli, MN",1
"Vesper, WI",554
"Vest, KY",1
"Vesta, MN",307
"Vestaburg, MI",1
"Vestal, NY",1
"Vestavia Hills, AL",34688
"Vesuvius, VA",1
"Vetal, SD",1
"Veteran, WY",1
"Veterans Adminis, NY",1
"Vevay, IN",1681
"Veyo, UT",1
"Vian, OK",1394
"Viborg, SD",774
"Viburnum, MO",654
"Vicco, KY",318
"Vichy, MO",1
"Vici, OK",702
"Vick, LA",1
"Vickery, OH",1
"Vicksburg, MI",3283
"Vicksburg, MS",22925
"Victor, IA",881
"Victor, ID",2055
"Victor, MT",1
"Victor, NY",2744
"Victor, WV",1
"Victoria, IL",306
"Victoria, KS",1221
"Victoria, MN",8917
"Victoria, TX",67670
"Victoria, VA",1671
"Victory, WI",1
"Vida, MT",1
"Vida, OR",1
"Vidal, CA",1
"Vidalia, GA",10703
"Vidalia, LA",4054
"Vidor, TX",10958
"Vienna, GA",3699
"Vienna, IL",1697
"Vienna, MD",275
"Vienna, MO",591
"Vienna, OH",1
"Vienna, SD",46
"Vienna, VA",16468
"Vienna, WV",10459
"Viewtown, VA",1
"Vigo Park, TX",1
"Viking, MN",103
"Vilas, CO",108
"Vilas, NC",1
"Villa Grove, CO",1
"Villa Grove, IL",2462
"Villa Park, CA",5918
"Villa Park, IL",21882
"Villa Rica, GA",15201
"Villa Ridge, IL",1
"Villa Ridge, MO",1
"Village, AR",1
"Village, TX",1
"Village Of Golf, FL",1
"Village Of Nagog, MA",1
"Villanova, PA",1
"Villard, MN",252
"Villas, NJ",1
"Ville Platte, LA",7270
"Villegreen, CO",1
"Villisca, IA",1182
"Vilonia, AR",4478
"Vina, AL",356
"Vinalhaven, ME",1
"Vincennes, IN",17924
"Vincent, AL",2118
"Vincent, IA",168
"Vincent, KY",1
"Vincent, OH",1
"Vine Grove, KY",5921
"Vinegar Bend, AL",1
"Vineland, NJ",60525
"Vinemont, AL",1
"Vineyard, UT",3953
"Vineyard Haven, MA",1
"Vining, IA",49
"Vining, MN",79
"Vinita, OK",5563
"Vinson, OK",1
"Vinton, CA",1
"Vinton, IA",5143
"Vinton, LA",3356
"Vinton, OH",216
"Vintondale, PA",385
"Viola, AR",334
"Viola, DE",171
"Viola, ID",1
"Viola, IL",910
"Viola, KS",130
"Viola, MN",1
"Viola, WI",672
"Violet, LA",1
"Violet Hill, AR",1
"Virden, IL",3393
"Virgil, KS",66
"Virgil, SD",16
"Virgilina, VA",142
"Virginia, MN",8523
"Virginia, NE",59
"Virginia Beach, VA",452602
"Virginia City, MT",198
"Virginia City, NV",1
"Virginia Dale, CO",1
"Viroqua, WI",4395
"Visalia, CA",131074
"Vista, CA",101659
"Vivian, SD",1
"Vliets, KS",1
"Voca, TX",1
"Volant, PA",162
"Volborg, MT",1
"Volcano, CA",1
"Volcano, HI",1
"Volga, IA",201
"Volga, SD",1910
"Volga, WV",1
"Volin, SD",162
"Voluntown, CT",1
"Von Ormy, TX",1198
"Vona, CO",106
"Vonore, TN",1502
"Voorhees, NJ",1
"Voorheesville, NY",2820
"Voss, ND",1
"Vossburg, MS",1
"Vowinckel, PA",1
"Vredenburgh, AL",293
"Vulcan, MI",1
"Vulcan, MO",1
"W Harrison, IN",1
"W Hartford, CT",4
"W Mifflin Fin, PA",1
"W Townsend, MA",1
"Wa Keeney, KS",1
"Waban, MA",1
"Wabash, IN",10253
"Wabasha, MN",2453
"Wabasso, MN",661
"Wabbaseka, AR",228
"Wabeno, WI",1
"Waccabuc, NY",1
"Waco, GA",522
"Waco, NE",243
"Waco, TX",134432
"Waconia, MN",11964
"Waddell, AZ",1
"Waddington, NY",958
"Waddy, KY",1
"Wade, NC",567
"Wadena, IA",250
"Wadena, MN",4134
"Wadesboro, NC",5467
"Wadestown, WV",1
"Wadesville, IN",1
"Wading River, NY",1
"Wadley, AL",737
"Wadley, GA",1944
"Wadmalaw Island, SC",1
"Wadsworth, IL",3714
"Wadsworth, NV",1
"Wadsworth, NY",1
"Wadsworth, OH",23136
"Wadsworth, TX",1
"Waelder, TX",1123
"Wagarville, AL",1
"Wagener, SC",829
"Waggoner, IL",255
"Wagner, SD",1586
"Wagon Mound, NM",291
"Wagoner, OK",8846
"Wagram, NC",801
"Wahiawa, HI",1
"Wahkiacus, WA",1
"Wahkon, MN",211
"Wahoo, NE",4499
"Wahpeton, ND",7830
"Waialua, HI",1
"Waianae, HI",1
"Wailuku, HI",1
"Waimanalo, HI",1
"Waimea, HI",1
"Wainwright, AK",573
"Waipahu, HI",1
"Waite, ME",1
"Waite Park, MN",7428
"Waiteville, WV",1
"Waitsburg, WA",1187
"Waitsfield, VT",1
"Wakarusa, IN",1819
"Wakarusa, KS",1
"Wake, VA",1
"Wake Forest, NC",40112
"Wake Village, TX",5455
"Wakefield, KS",949
"Wakefield, MA",1
"Wakefield, MI",1709
"Wakefield, NE",1389
"Wakefield, VA",872
"Wakeman, OH",1032
"Wakita, OK",340
"Wakonda, SD",316
"Wakpala, SD",1
"Wal-Mart Inc, AR",1
"Walbridge, OH",3094
"Walcott, IA",1636
"Walcott, ND",236
"Walden, CO",582
"Walden, NY",6721
"Waldo, AR",1283
"Waldo, FL",1030
"Waldo, KS",30
"Waldo, KY",1
"Waldo, OH",323
"Waldo, WI",500
"Waldoboro, ME",1
"Waldorf, MD",1
"Waldorf, MN",229
"Waldport, OR",2163
"Waldron, AR",3372
"Waldron, IN",1
"Waldron, KS",10
"Waldron, MI",531
"Waldwick, NJ",10026
"Wales, AK",149
"Wales, MA",1
"Wales, MI",1
"Wales, ND",29
"Wales, WI",2582
"Waleska, GA",879
"Walhalla, SC",4318
"Walhonding, OH",1
"Walker, IA",786
"Walker, KY",1
"Walker, LA",6404
"Walker, MI",24775
"Walker, MN",933
"Walker, MO",267
"Walker, WV",1
"Walker Springs, AL",1
"Walkersville, MD",6054
"Walkersville, WV",1
"Walkerton, IN",2262
"Walkerton, VA",1
"Walkertown, NC",5021
"Walkerville, MI",242
"Walkerville, MT",700
"Wall, NJ",1
"Wall, PA",566
"Wall, SD",872
"Wall, TX",1
"Wall Lake, IA",781
"Walla Walla, WA",32132
"Wallace, ID",759
"Wallace, KS",58
"Wallace, MI",1
"Wallace, NC",3938
"Wallace, NE",360
"Wallace, NY",1
"Wallace, SC",1
"Wallace, SD",84
"Wallace, WV",1
"Walland, TN",1
"Wallback, WV",1
"Waller, TX",2767
"Walling, TN",1
"Wallingford, CT",1
"Wallingford, IA",186
"Wallingford, KY",1
"Wallingford, PA",1
"Wallingford, VT",1
"Wallington, NJ",11689
"Wallins Creek, KY",146
"Wallis, TX",1298
"Wallisville, TX",1
"Wallkill, NY",1
"Wallops Island, VA",1
"Wallowa, OR",810
"Wallpack Center, NJ",1
"Walls, MS",1295
"Wallsburg, UT",340
"Walnut, IA",779
"Walnut, KS",218
"Walnut, MS",765
"Walnut, NC",1
"Walnut Bottom, PA",1
"Walnut Cove, NC",1383
"Walnut Creek, CA",69122
"Walnut Grove, CA",1
"Walnut Grove, MN",813
"Walnut Grove, MO",790
"Walnut Grove, MS",1608
"Walnut Hill, FL",1
"Walnut Hill, IL",106
"Walnut Shade, MO",1
"Walnut Springs, TX",826
"Walnutport, PA",2082
"Walpole, MA",1
"Walpole, ME",1
"Walpole, NH",1
"Walsh, CO",512
"Walsh, IL",1
"Walshville, IL",61
"Walstonburg, NC",218
"Walters, MN",71
"Walters, OK",2481
"Walters, VA",1
"Waltersburg, PA",1
"Waltham, MN",151
"Walthill, NE",784
"Walton, IN",1023
"Walton, KS",239
"Walton, KY",3927
"Walton, NE",1
"Walton, NY",2894
"Walton, OR",1
"Walton, WV",1
"Waltonville, IL",434
"Walum, ND",1
"Walworth, NY",1
"Walworth, WI",2838
"Wamego, KS",4715
"Wamic, OR",1
"Wampum, PA",680
"Wamsutter, WY",484
"Wana, WV",1
"Wanakena, NY",1
"Wanamaker, IN",1
"Wanamingo, MN",1092
"Wanaque, NJ",11759
"Wanatah, IN",1017
"Wanblee, SD",1
"Wanda, MN",80
"Wando, SC",1
"Wanette, OK",358
"Wann, OK",123
"Wannaska, MN",1
"Wantagh, NY",1
"Wapakoneta, OH",9816
"Wapanucka, OK",441
"Wapato, WA",5073
"Wapella, IL",538
"Wapello, IA",2042
"Wapiti, WY",1
"Wappapello, MO",1
"Wapwallopen, PA",1
"Warba, MN",180
"Ward, AL",1
"Ward, AR",4866
"Ward, CO",156
"Ward, SC",93
"Ward, SD",50
"Warden, LA",1
"Warden, WA",2719
"Wardensville, WV",272
"Wardsboro, VT",1
"Wardville, OK",1
"Ware, MA",1
"Ware Shoals, SC",2183
"Wareham, MA",1
"Waretown, NJ",1
"Warfield, VA",1
"Warfordsburg, PA",1
"Warm Springs, AR",1
"Warm Springs, GA",401
"Warm Springs, OR",1
"Warminster, PA",1
"Warmsprings, MT",1
"Warne, NC",1
"Warner, NH",1
"Warner, OH",1
"Warner, OK",1618
"Warner, SD",488
"Warner, VA",1
"Warner Robins, GA",74388
"Warner Springs, CA",1
"Warners, NY",1
"Warnerville, NY",1
"Warr Acres, OK",10420
"Warren, AR",5757
"Warren, CT",1
"Warren, IL",1352
"Warren, IN",1210
"Warren, ME",1
"Warren, MI",135125
"Warren, NH",1
"Warren, NJ",1
"Warren, OH",39898
"Warren, OR",1
"Warren, RI",1
"Warren, TX",1
"Warren Center, PA",1
"Warren Wilson Co, NC",1
"Warrendale, PA",1
"Warrens, WI",350
"Warrensburg, MO",20251
"Warrensburg, NY",1
"Warrensville, NC",1
"Warrenton, GA",1805
"Warrenton, MO",8130
"Warrenton, NC",852
"Warrenton, OR",5469
"Warrenville, CT",1
"Warrenville, IL",13246
"Warrenville, SC",1
"Warrington, PA",1
"Warrior, AL",3192
"Warriors Mark, PA",1
"Warroad, MN",1794
"Warsaw, IL",1546
"Warsaw, IN",14662
"Warsaw, KY",1688
"Warsaw, MN",1
"Warsaw, MO",2120
"Warsaw, NY",3347
"Warsaw, OH",674
"Wartburg, TN",905
"Warthen, GA",1
"Wartrace, TN",657
"Warwick, GA",409
"Warwick, MD",1
"Warwick, ND",66
"Warwick, NY",6810
"Warwick, RI",81579
"Wasco, OR",395
"Waseca, MN",9074
"Washburn, IA",1
"Washburn, IL",1119
"Washburn, ME",1
"Washburn, MO",436
"Washburn, ND",1303
"Washburn, TN",1
"Washburn, WI",2045
"Washgtin, VT",1
"Washington, AR",174
"Washington, DC",681170
"Washington, GA",3978
"Washington, IA",7424
"Washington, IN",12089
"Washington, KS",1076
"Washington, LA",953
"Washington, ME",1
"Washington, MI",1
"Washington, MO",14061
"Washington, NC",9801
"Washington, NH",1
"Washington, NJ",6492
"Washington, OK",650
"Washington, PA",13514
"Washington, TX",1
"Washington, UT",25339
"Washington, VA",126
"Washington Boro, PA",1
"Washington Colle, TN",1
"Washington Court, OH",1
"Washington Cross, PA",1
"Washington Depot, CT",2
"Washington Islan, WI",1
"Washington Park, IL",3955
"Washingtonville, NY",5773
"Washingtonville, OH",765
"Washougal, WA",15466
"Washta, IA",237
"Washtucna, WA",195
"Wasilla, AK",9748
"Waskish, MN",1
"Waskom, TX",2168
"Wassaic, NY",1
"Wasta, SD",82
"Wataga, IL",807
"Watauga, SD",1
"Watauga, TN",350
"Watauga, TX",24629
"Water Mill, NY",1
"Water Valley, KY",281
"Water Valley, MS",3393
"Water View, VA",1
"Waterboro, ME",1
"Waterbury, CT",108272
"Waterbury, NE",70
"Waterbury, VT",1835
"Waterbury Center, VT",1
"Waterfall, PA",1
"Waterflow, NM",1
"Waterford, CA",8861
"Waterford, CT",1
"Waterford, MI",3
"Waterford, MS",1
"Waterford, NY",2167
"Waterford, OH",1
"Waterford, PA",1523
"Waterford, VA",1
"Waterford Works, NJ",1
"Waterloo, AL",198
"Waterloo, IA",67934
"Waterloo, IL",10309
"Waterloo, IN",2248
"Waterloo, NE",909
"Waterloo, NY",5019
"Waterloo, OH",1
"Waterloo, SC",148
"Waterloo, WI",3333
"Waterman, IL",1493
"Waterport, NY",1
"Waterproof, LA",591
"Watersmeet, MI",1
"Watertown, CT",1
"Watertown, MN",4316
"Watertown, NY",25900
"Watertown, SD",22172
"Watertown, TN",1529
"Watertown, WI",23817
"Waterville, IA",141
"Waterville, KS",644
"Waterville, MN",1845
"Waterville, NY",1542
"Waterville, OH",5519
"Waterville, PA",1
"Waterville, VT",1
"Waterville, WA",1181
"Watervliet, MI",1680
"Watervliet, NY",10120
"Watford City, ND",6390
"Watha, NC",231
"Wathena, KS",1313
"Watkins, CO",1
"Watkins, IA",1
"Watkins, MN",938
"Watkins Glen, NY",1890
"Watkinsville, GA",2863
"Watonga, OK",2946
"Watseka, IL",5007
"Watson, AR",192
"Watson, IL",748
"Watson, MN",199
"Watson, MO",94
"Watson, OK",1
"Watsontown, PA",2301
"Wattenburg, CO",1
"Watton, MI",1
"Watts, OK",312
"Wattsburg, PA",382
"Waubay, SD",575
"Waubeka, WI",1
"Waubun, MN",398
"Wauchula, FL",4922
"Waucoma, IA",255
"Wauconda, IL",13758
"Wauconda, WA",1
"Waukee, IA",19284
"Waukegan, IL",88182
"Waukesha, WI",72363
"Waukomis, OK",1340
"Waukon, IA",3733
"Waumandee, WI",1
"Waunakee, WI",13607
"Wauneta, NE",568
"Waupaca, WI",5946
"Waupun, WI",11333
"Waurika, OK",1974
"Wausa, NE",607
"Wausau, WI",38872
"Wausaukee, WI",562
"Wauseon, OH",7395
"Wautoma, WI",2133
"Wauwatosa, WI",47945
"Wauzeka, WI",730
"Waveland, AR",1
"Waveland, IN",419
"Waveland, MS",6428
"Waverly, AL",148
"Waverly, GA",1
"Waverly, IL",1249
"Waverly, KS",563
"Waverly, KY",308
"Waverly, MN",1412
"Waverly, MO",832
"Waverly, NE",3786
"Waverly, NY",4190
"Waverly, OH",4365
"Waverly, SD",1
"Waverly, TN",4133
"Waverly, VA",2050
"Waverly, WA",110
"Waverly, WV",1
"Waverly Hall, GA",759
"Wawaka, IN",1
"Wax, KY",1
"Waxahachie, TX",34345
"Wayan, ID",1
"Wayland, IA",952
"Wayland, KY",401
"Wayland, MA",1
"Wayland, MI",4206
"Wayland, MO",494
"Wayland, NY",1801
"Waymart, PA",1264
"Wayne, ME",1
"Wayne, MI",16954
"Wayne, NE",5573
"Wayne, NJ",1
"Wayne, OH",921
"Wayne, OK",728
"Wayne, WV",1366
"Wayne City, IL",1013
"Waynesboro, GA",5701
"Waynesboro, MS",4944
"Waynesboro, PA",10845
"Waynesboro, TN",2357
"Waynesboro, VA",21887
"Waynesburg, KY",1
"Waynesburg, OH",916
"Waynesburg, PA",3993
"Waynesfield, OH",834
"Waynesville, GA",1
"Waynesville, IL",424
"Waynesville, NC",9958
"Waynesville, OH",3039
"Waynetown, IN",947
"Waynoka, OK",955
"Wayside, MS",1
"Wayside, TX",1
"Wayside, WV",1
"Wayzata, MN",4522
"Weare, NH",1
"Weatherby, MO",105
"Weatherford, OK",11978
"Weatherford, TX",29969
"Weatherly, PA",2444
"Weatogue, CT",1
"Weaubleau, MO",401
"Weaver, AL",3076
"Weaverville, CA",1
"Weaverville, NC",3981
"Webb, AL",1396
"Webb, IA",136
"Webb City, MO",11226
"Webber, KS",24
"Webbers Falls, OK",597
"Webberville, MI",1281
"Webbs Cross Road, KY",1
"Webbville, KY",1
"Weber City, VA",1246
"Webster, IA",72
"Webster, IN",1
"Webster, KY",1
"Webster, MN",1
"Webster, ND",1
"Webster, NY",5551
"Webster, TX",11075
"Webster, WI",626
"Webster City, IA",7756
"Webster Groves, MO",22970
"Weddington, NC",10642
"Wedgefield, SC",1
"Wedowee, AL",806
"Weed, NM",1
"Weedsport, NY",1747
"Weedville, PA",1
"Weehawken, NJ",1
"Weeks Mills, ME",1
"Weems, VA",1
"Weeping Water, NE",1072
"Weidman, MI",1
"Weimar, TX",2170
"Weiner, AR",686
"Weinert, TX",166
"Weippe, ID",431
"Weir, MS",441
"Weirsdale, FL",1
"Weirton, WV",18989
"Weiser, ID",5397
"Weissport, PA",389
"Welch, MN",2
"Welch, OK",603
"Welch, TX",1
"Welch, WV",1816
"Welches, OR",1
"Welchs Creek, KY",1
"Welcome, MD",1
"Welcome, MN",653
"Weld, ME",1
"Welda, KS",1
"Weldon, CA",1
"Weldon, IA",118
"Weldon, IL",423
"Weldon, NC",1575
"Weldona, CO",1
"Weleetka, OK",984
"Wellborn, FL",1
"Wellesley, MA",1
"Wellfleet, MA",1
"Wellfleet, NE",76
"Wellford, SC",2563
"Welling, OK",1
"Wellington, AL",1
"Wellington, CO",8516
"Wellington, IL",231
"Wellington, KS",7889
"Wellington, ME",1
"Wellington, MO",798
"Wellington, NV",1
"Wellington, OH",4866
"Wellington, TX",2153
"Wellington, UT",1609
"Wellington, VA",1
"Wellman, IA",1424
"Wellpinit, WA",1
"Wells, KS",1
"Wells, ME",1
"Wells, MI",1
"Wells, MN",2225
"Wells, NY",1
"Wells, TX",814
"Wells, VT",1
"Wells Bridge, NY",1
"Wells River, VT",389
"Wells Tannery, PA",1
"Wellsboro, PA",3275
"Wellsburg, IA",691
"Wellsburg, NY",548
"Wellsburg, WV",2657
"Wellston, MI",1
"Wellston, OH",5554
"Wellston, OK",794
"Wellsville, KS",1813
"Wellsville, MO",1163
"Wellsville, NY",4484
"Wellsville, OH",3374
"Wellsville, PA",260
"Wellsville, UT",3678
"Wellton, AZ",2968
"Welsh, LA",3232
"Welton, IA",159
"Welty, OK",1
"Wenatchee, WA",33921
"Wendel, CA",1
"Wendel, WV",1
"Wendell, ID",2711
"Wendell, MA",1
"Wendell, MN",167
"Wendell, NC",6745
"Wendover, KY",1
"Wenham, MA",1
"Wenona, IL",990
"Wenona, MD",1
"Wenonah, NJ",2248
"Wentworth, MO",148
"Wentworth, NH",1
"Wentworth, SD",197
"Wentworth, WI",1
"Wentzville, MO",37395
"Weogufka, AL",1
"Werner, ND",1
"Wernersville, PA",2529
"Wesco, MO",1
"Wescosville, PA",1
"Weskan, KS",1
"Weslaco, TX",40033
"Wesley, AR",1
"Wesley, IA",378
"Wesley Chapel, FL",1
"Wesleyan College, NC",1
"Wesleyville, PA",3194
"Wessington, SD",177
"Wessington Sprin, SD",1
"Wesson, MS",1891
"West, MS",169
"West, TX",2880
"West Alexander, PA",1
"West Alexandria, OH",1344
"West Allis, WI",60087
"West Alton, MO",531
"West Amana, IA",1
"West Augusta, VA",1
"West Babylon, NY",1
"West Baden Sprin, IN",1
"West Baldwin, ME",1
"West Barnstable, MA",1
"West Bend, IA",755
"West Bend, WI",31702
"West Berlin, NJ",1
"West Bethesda, MD",1
"West Blocton, AL",1263
"West Bloomfield, MI",1
"West Boylston, MA",1
"West Branch, IA",2359
"West Branch, MI",2063
"West Brentwood, NY",1
"West Bridgewater, MA",1
"West Brookfield, MA",1
"West Brooklyn, IL",134
"West Brownsville, PA",964
"West Burke, VT",334
"West Burlington, IA",2945
"West Burlington, NY",1
"West Buxton, ME",1
"West Caldwell, NJ",1
"West Carrollton, OH",2
"West Charleston, VT",1
"West Charlton, NY",1
"West Chazy, NY",1
"West Chester, IA",148
"West Chester, OH",1
"West Chester, PA",19928
"West Chesterfiel, NH",1
"West Chicago, IL",27221
"West Columbia, SC",16282
"West Columbia, TX",3933
"West Columbia, WV",1
"West Concord, MN",773
"West Conshohocke, PA",1
"West Cornwall, CT",1
"West County, MO",1
"West Covina, CA",107847
"West Coxsackie, NY",1
"West Creek, NJ",1
"West Danville, VT",1
"West Decatur, PA",1
"West Dennis, MA",1
"West Des Moines, IA",64560
"West Edmeston, NY",1
"West End, NC",1
"West End, VA",1
"West Fairlee, VT",1
"West Falls, NY",1
"West Fargo, ND",34858
"West Farmington, OH",482
"West Finley, PA",1
"West Fork, AR",2550
"West Forks, ME",1
"West Frankfort, IL",8001
"West Friendship, MD",1
"West Fulton, NY",1
"West Glover, VT",1
"West Granby, CT",1
"West Green, GA",1
"West Greenwich, RI",1
"West Grove, IA",1
"West Grove, PA",2842
"West Halifax, VT",1
"West Hamlin, WV",757
"West Hartford, VT",1
"West Harwich, MA",1
"West Haven, CT",54516
"West Haverstraw, NY",10345
"West Hazleton, PA",4472
"West Helena, AR",1
"West Hempstead, NY",1
"West Henrietta, NY",1
"West Hills, CA",1
"West Hollywood, CA",36698
"West Hurley, NY",1
"West Hyattsville, MD",1
"West Islip, NY",1
"West Jefferson, NC",1305
"West Jefferson, OH",4329
"West Jordan, UT",113699
"West Kill, NY",1
"West Lafayette, IN",45872
"West Lafayette, OH",2292
"West Lake Hills, TX",3386
"West Lawn, PA",1
"West Lebanon, IN",696
"West Lebanon, ME",1
"West Lebanon, NH",1
"West Leyden, NY",1
"West Liberty, IA",3721
"West Liberty, IL",1
"West Liberty, OH",1788
"West Lima, WI",1
"West Linn, OR",26859
"West Logan, WV",389
"West Long Branch, NJ",7963
"West Lynn, MA",1
"West Main, OR",1
"West Manchester, OH",464
"West Mansfield, OH",674
"West Mclean, VA",1
"West Memphis, AR",25284
"West Menlo Park, CA",1
"West Middlesex, PA",833
"West Milford, NJ",1
"West Milford, WV",616
"West Milton, OH",4729
"West Milwaukee, WI",4174
"West Monroe, LA",12922
"West Monroe, NY",1
"West Mountain, ID",1
"West Newbury, MA",1
"West Newton, PA",2519
"West Nottingham, NH",1
"West Nyack, NY",1
"West Olive, MI",1
"West Oneonta, NY",1
"West Orange, NJ",1
"West Orange, TX",3456
"West Ossipee, NH",1
"West Otis, MA",1
"West Paducah, KY",1
"West Palm Beach, FL",108161
"West Paris, ME",1
"West Paterson, NJ",1
"West Pawlet, VT",1
"West Pittston, PA",4741
"West Plains, MO",12320
"West Point, CA",1
"West Point, GA",3766
"West Point, IA",954
"West Point, IL",174
"West Point, KY",870
"West Point, MS",10880
"West Point, NE",3327
"West Point, NY",1
"West Point, TX",1
"West Point, VA",3314
"West Poland, ME",1
"West Redding, CT",1
"West River, MD",1
"West Rockport, ME",1
"West Roxbury, MA",1
"West Rupert, VT",1
"West Rush, NY",1
"West Rutland, VT",1
"West Sacramento, CA",52981
"West Saint Paul, MN",19746
"West Salem, IL",871
"West Salem, OH",1489
"West Salem, WI",4967
"West Sand Lake, NY",1
"West Sayville, NY",1
"West Seneca, NY",1
"West Shokan, NY",1
"West Simsbury, CT",1
"West Southport, ME",1
"West Springfield, MA",1
"West Springfield, NH",1
"West Springfield, PA",1
"West Springfield, VA",1
"West Stayton, OR",1
"West Stockbridge, MA",1
"West Stockholm, NY",1
"West Suffield, CT",1
"West Sumner, ME",1
"West Sunbury, PA",187
"West Swanzey, NH",1
"West Tisbury, MA",1
"West Topsham, VT",1
"West Townshend, VT",1
"West Tremont, ME",1
"West Trenton, NJ",1
"West Union, IL",1
"West Union, MN",122
"West Union, OH",3180
"West Union, SC",315
"West Union, WV",820
"West Unity, OH",1645
"West Upton, MA",1
"West Valley, NY",1
"West Valley City, UT",136574
"West View, PA",6622
"West Wardsboro, VT",1
"West Wareham, MA",1
"West Warren, MA",1
"West Warwick, RI",1
"West Willington, CT",1
"West Winfield, NY",867
"West Worthington, OH",1
"West Yarmouth, MA",2
"West Yellowstone, MT",1353
"West York, IL",1
"West York, PA",4559
"Westbend, KY",1
"Westboro, MO",133
"Westboro, WI",1
"Westborough, MA",1
"Westbrook, CT",1
"Westbrook, ME",18402
"Westbrook, MN",722
"Westbrook, TX",248
"Westbury, NY",15384
"Westby, MT",174
"Westby, WI",2271
"Westchester, IL",16563
"Westcliffe, CO",591
"Westdale, NY",1
"Westerlo, NY",1
"Westerly, RI",1
"Western, NE",237
"Western Grove, AR",365
"Western Hills, OH",1
"Western Springs, IL",13391
"Westernville, NY",1
"Westerville, NE",1
"Westerville, OH",38985
"Westfall, KS",1
"Westfall, OR",1
"Westfield, IA",131
"Westfield, IL",576
"Westfield, IN",37221
"Westfield, ME",1
"Westfield, NC",1
"Westfield, NJ",30206
"Westfield, NY",3054
"Westfield, VT",1
"Westfield, WI",1230
"Westfir, OR",258
"Westford, NY",1
"Westford, PA",1
"Westford, VT",1
"Westgate, FL",1
"Westgate, IA",202
"Westgate, NY",1
"Westhampton, NY",1
"Westhampton Beac, NY",1
"Westhaven, CA",1
"Westhoff, TX",1
"Westhope, ND",419
"Westlake, LA",4659
"Westlake, OH",32293
"Westlake, OR",1
"Westlake Village, CA",2
"Westland, MI",81545
"Westminster, CA",91565
"Westminster, CO",113875
"Westminster, MA",1
"Westmont, IL",24767
"Westmoreland, NH",1
"Westmoreland, NY",1
"Westmoreland, TN",2311
"Westmoreland Cit, PA",1
"Westmorland, CA",2269
"Weston, CO",1
"Weston, CT",1
"Weston, GA",1
"Weston, ID",461
"Weston, MA",1
"Weston, MO",1753
"Weston, NE",326
"Weston, OH",1631
"Weston, OR",645
"Weston, VT",1
"Weston, WV",4044
"Westover, MD",1
"Westover, PA",378
"Westover Afb, MA",1
"Westphalia, IA",125
"Westphalia, KS",158
"Westphalia, MI",936
"Westphalia, MO",390
"Westpoint, IN",1
"Westpoint, TN",1
"Westport, CA",1
"Westport, CT",1
"Westport, IN",1426
"Westport, KY",1
"Westport, MA",1
"Westport, NY",1
"Westport, OR",1
"Westport, PA",1
"Westport, TN",1
"Westport, WA",2035
"Westside, IA",297
"Westtown, NY",1
"Westview, KY",1
"Westville, FL",278
"Westville, IL",3059
"Westville, IN",5577
"Westville, NJ",4211
"Westville, OK",1571
"Westville, SC",1
"Westwood, KY",655
"Westwood, MA",1
"Westwood, OH",1
"Wethersfield, CT",1
"Wetmore, CO",1
"Wetmore, KS",368
"Wetmore, MI",1
"Wetmore, TX",2
"Wetonka, SD",8
"Wetumka, OK",1230
"Wetumpka, AL",8219
"Wever, IA",1
"Wevertown, NY",1
"Wewahitchka, FL",2024
"Wewela, SD",1
"Wexford, PA",1
"Weyauwega, WI",1839
"Weyerhaeuser, WI",223
"Weyers Cave, VA",1
"Weymouth, MA",4
"Whalan, MN",67
"Whaleysville, MD",1
"Whallonsburg, NY",1
"Wharncliffe, WV",1
"Wharton, NJ",6577
"Wharton, OH",350
"Wharton, TX",8785
"What Cheer, IA",619
"Whatley, AL",1
"Wheat Ridge, CO",31372
"Wheatfield, IN",844
"Wheatland, CA",3783
"Wheatland, IA",732
"Wheatland, IN",472
"Wheatland, MO",358
"Wheatland, WY",3606
"Wheatley, AR",323
"Wheatley Heights, NY",1
"Wheaton, IL",53389
"Wheaton, MD",1
"Wheaton, MN",1343
"Wheaton, MO",694
"Wheeler, IL",145
"Wheeler, KS",1
"Wheeler, MI",1
"Wheeler, TX",1625
"Wheeler, WI",332
"Wheelersburg, OH",1
"Wheeling, IL",38315
"Wheeling, MO",263
"Wheeling, WV",27375
"Wheelock, ND",1
"Whick, KY",1
"Whidbey Island N, WA",1
"Whigham, GA",473
"Whipholt, MN",1
"Whippany, NJ",1
"Whipple, OH",1
"Whitacre, VA",1
"Whitakers, NC",722
"White, GA",725
"White, PA",1
"White, SD",487
"White Bear Lake, MN",25634
"White Bird, ID",91
"White Bluff, TN",3437
"White Castle, LA",1799
"White City, KS",572
"White City, OR",1
"White Cloud, KS",171
"White Cloud, MI",1377
"White Creek, NY",1
"White Deer, TX",989
"White Earth, ND",90
"White Hall, IL",2354
"White Hall, MD",1
"White Haven, PA",1091
"White Heath, IL",1
"White House, TN",11388
"White Lake, MI",2
"White Lake, NY",1
"White Lake, SD",372
"White Lake, WI",342
"White Marsh, MD",1
"White Mills, KY",1
"White Mountain, AK",203
"White Oak, GA",1
"White Oak, KY",1
"White Oak, NC",1
"White Oak, PA",7707
"White Oak, WV",1
"White Owl, SD",1
"White Pass, WA",1
"White Pigeon, MI",1511
"White Plains, GA",306
"White Plains, KY",905
"White Plains, MD",1
"White Plains, NY",58241
"White Plains, VA",1
"White Post, VA",1
"White River, SD",587
"White River Junc, VT",1
"White Salmon, WA",2473
"White Sands Miss, NM",1
"White Settlement, TX",17204
"White Springs, FL",775
"White Sulphur Sp, MT",1
"White Sulphur Sp, NY",1
"White Swan, WA",1
"White Water, CA",1
"Whiteface, TX",412
"Whitefield, NH",1
"Whitefield, OK",388
"Whitefish, MT",7279
"Whiteford, MD",1
"Whitehall, MI",2723
"Whitehall, MT",1114
"Whitehall, NY",2556
"Whitehall, OH",18736
"Whitehall, WI",1606
"Whitehouse, KY",1
"Whitehouse, OH",4551
"Whitehouse, TX",8269
"Whitehouse Stati, NJ",1
"Whitelaw, WI",739
"Whiteman Afb, MO",1
"Whiterocks, UT",1
"Whites Creek, TN",1
"Whitesboro, NY",3667
"Whitesboro, OK",1
"Whitesboro, TX",3973
"Whitesburg, GA",604
"Whitesburg, TN",1
"Whiteside, TN",1
"Whitestone, NY",1
"Whitestown, IN",6590
"Whitesville, KY",537
"Whitesville, NY",1
"Whitetail, MT",1
"Whitethorne, VA",1
"Whitetop, VA",1
"Whiteville, NC",5509
"Whiteville, TN",4503
"Whitewater, CO",1
"Whitewater, KS",713
"Whitewater, MO",128
"Whitewater, MT",1
"Whitewater, WI",14517
"Whitewood, SD",931
"Whitewood, VA",1
"Whitewright, TX",1656
"Whiting, IA",744
"Whiting, IN",4831
"Whiting, KS",183
"Whiting, NJ",1
"Whitingham, VT",1
"Whitinsville, MA",1
"Whitlash, MT",1
"Whitleyville, TN",1
"Whitman, MA",1
"Whitman, ND",1
"Whitman, NE",1
"Whitmire, SC",1475
"Whitmore, CA",1
"Whitmore Lake, MI",1
"Whitney, NE",76
"Whitney Beach, FL",1
"Whitney Point, NY",931
"Whitsett, NC",614
"Whitsett, TX",1
"Whitt, TX",1
"Whittaker, WV",1
"Whittemore, IA",486
"Whittemore, MI",376
"Whittier, CA",86883
"Whittier, NC",1
"Whittington, IL",1
"Whitwell, TN",1717
"Why, AZ",1
"Wibaux, MT",649
"Wiborg, KY",1
"Wichita, KS",389902
"Wichita Falls, TX",104724
"Wick, WV",1
"Wickenburg, AZ",7115
"Wickes, AR",732
"Wickliffe, KY",672
"Wickliffe, OH",12689
"Wicomico Church, VA",1
"Wiconisco, PA",1
"Wide Hollow, WA",1
"Wideman, AR",1
"Widener, AR",248
"Wiergate, TX",1
"Wiggins, MS",4545
"Wilber, NE",1891
"Wilbraham, MA",1
"Wilbur, WA",835
"Wilbur, WV",1
"Wilburn, AR",1
"Wilburton, OK",2662
"Wilburton, PA",1
"Wilcox, NE",355
"Wilcox, PA",1
"Wild Rose, WI",703
"Wildcat, WV",1
"Wilder, ID",1673
"Wilder, MN",60
"Wilder, TN",1
"Wildersville, TN",1
"Wilderville, OR",1
"Wildomar, CA",36042
"Wildorado, TX",1
"Wildwood, CA",1
"Wildwood, FL",7464
"Wildwood, GA",1
"Wiley, CO",386
"Wiley Ford, WV",1
"Wileyville, WV",1
"Wilford Hall U S, TX",1
"Wilkes Barre, PA",2
"Wilkesboro, NC",3554
"Wilkinsburg, PA",15586
"Wilkinson, IN",447
"Wilkinsonville, MA",1
"Willacoochee, GA",1370
"Willamina, OR",2167
"Willard, CO",1
"Willard, MO",5430
"Willard, MT",1
"Willard, NC",1
"Willard, NM",238
"Willard, OH",6060
"Willard, UT",1812
"Willard, WI",1
"Willards, MD",997
"Willcox, AZ",3511
"Willet, NY",1
"Williams, AZ",3159
"Williams, CA",5192
"Williams, IA",333
"Williams, IN",1
"Williams, MN",180
"Williams, OR",1
"Williams Afb, AZ",1
"Williams Bay, WI",2594
"Williams Mountai, WV",1
"Williamsburg, IA",3179
"Williamsburg, IN",1
"Williamsburg, KS",384
"Williamsburg, MA",1
"Williamsburg, MD",1
"Williamsburg, MI",1
"Williamsburg, MO",1
"Williamsburg, NM",421
"Williamsburg, OH",2554
"Williamsburg, VA",15214
"Williamsfield, IL",555
"Williamsfield, OH",1
"Williamson, GA",459
"Williamson, IA",153
"Williamson, NY",1
"Williamson, WV",2924
"Williamsport, KY",1
"Williamsport, MD",2160
"Williamsport, OH",1061
"Williamsport, TN",1
"Williamston, MI",3887
"Williamston, NC",5477
"Williamston, SC",4190
"Williamstown, KY",3965
"Williamstown, MA",1
"Williamstown, MO",1
"Williamstown, NJ",1
"Williamstown, NY",1
"Williamstown, PA",1369
"Williamstown, VT",1
"Williamstown, WV",2941
"Williamsville, IL",1493
"Williamsville, MO",340
"Williamsville, NY",5236
"Williamsville, VT",1
"Williford, AR",74
"Willimantic, CT",1
"Willingboro, NJ",1
"Willis, MI",1
"Willis, TX",6370
"Willis, VA",1
"Willisburg, KY",288
"Williston, FL",2760
"Williston, ND",26426
"Williston, SC",2998
"Williston, TN",383
"Williston, VT",1
"Williston Park, NY",7289
"Willisville, AR",143
"Willisville, IL",602
"Willits, CA",4872
"Willmar, MN",19558
"Willoughby, OH",22769
"Willow, AK",1
"Willow, NY",1
"Willow, OK",143
"Willow City, ND",164
"Willow City, TX",1
"Willow Creek, CA",1
"Willow Grove Nas, PA",1
"Willow Hill, IL",227
"Willow Hill, PA",1
"Willow Island, WV",1
"Willow Lake, SD",245
"Willow River, MN",393
"Willow Shade, KY",1
"Willow Spring, NC",1
"Willow Springs, CA",1
"Willow Springs, IL",5648
"Willow Springs, MO",2152
"Willow Street, PA",1
"Willow Wood, OH",1
"Willowick, OH",14087
"Willows, CA",6077
"Wills Point, TX",3608
"Willsboro, NY",1
"Willseyville, NY",1
"Willshire, OH",383
"Wilmar, AR",505
"Wilmer, AL",1
"Wilmer, TX",4018
"Wilmette, IL",27219
"Wilmington, CA",1
"Wilmington, DE",71442
"Wilmington, MA",1
"Wilmington, NC",117525
"Wilmington, NY",1
"Wilmington, OH",12425
"Wilmington, VT",1
"Wilmont, MN",347
"Wilmore, KS",53
"Wilmot, AR",508
"Wilmot, OH",301
"Wilmot, SD",499
"Wilmot Flat, NH",1
"Wilpen, PA",1
"Wilsall, MT",1
"Wilsey, KS",145
"Wilseyville, CA",1
"Wilsie, WV",1
"Wilson, AR",855
"Wilson, KS",757
"Wilson, LA",574
"Wilson, MI",1
"Wilson, NC",49620
"Wilson, NY",1224
"Wilson, TX",474
"Wilson, WI",185
"Wilson, WY",1
"Wilson Airport, GA",1
"Wilsondale, WV",1
"Wilsons, VA",1
"Wilsonville, AL",1987
"Wilsonville, NE",90
"Wilsonville, OR",23768
"Wilton, AR",354
"Wilton, CA",1
"Wilton, CT",1
"Wilton, IA",2808
"Wilton, ME",1
"Wilton, MN",288
"Wilton, ND",727
"Wilton, NH",1
"Wilton, NY",1
"Wilton, WI",503
"Wimauma, FL",1
"Wimberley, TX",2983
"Wimbledon, ND",209
"Winamac, IN",2361
"Winburne, PA",1
"Winchendon, MA",1
"Winchester, AR",165
"Winchester, CA",1
"Winchester, ID",347
"Winchester, IN",4751
"Winchester, KS",530
"Winchester, KY",18461
"Winchester, MA",1
"Winchester, OH",1028
"Winchester, TN",8562
"Winchester, VA",27516
"Winchester, WI",1
"Winchester Bay, OR",1
"Wind Gap, PA",2710
"Wind Lake, WI",1
"Wind Ridge, PA",1
"Windber, PA",3937
"Windcrest, TX",5858
"Winder, GA",15777
"Windermere, FL",3327
"Windfall, IN",1
"Windham, CT",1
"Windham, ME",1
"Windham, NH",1
"Windham, NY",1
"Windham, OH",2202
"Winding Gulf, WV",1
"Windmill Point, VA",1
"Windom, KS",125
"Windom, TX",199
"Windsor, CA",27555
"Windsor, CO",22776
"Windsor, CT",1
"Windsor, IL",1153
"Windsor, MA",1
"Windsor, ME",1
"Windsor, MO",2785
"Windsor, NC",3769
"Windsor, ND",1
"Windsor, NY",892
"Windsor, OH",1
"Windsor, PA",1474
"Windsor, SC",122
"Windsor, VA",2683
"Windsor, VT",1
"Windsor, WI",6785
"Windsor Heights, IA",4983
"Windsor Locks, CT",1
"Windsorville, CT",1
"Windthorst, TX",389
"Windy, KY",1
"Windyville, MO",1
"Winfield, AL",4531
"Winfield, IA",1125
"Winfield, IL",9637
"Winfield, KS",12284
"Winfield, MO",1437
"Winfield, PA",1
"Winfield, TN",960
"Winfield, TX",515
"Winfield, WV",2357
"Winfred, SD",1
"Wing, AL",1
"Wing, ND",155
"Wingate, IN",262
"Wingate, MD",1
"Wingate, NC",3915
"Wingate, TX",1
"Wingdale, NY",1
"Winger, MN",223
"Wingett Run, OH",1
"Wingina, VA",1
"Wingo, KY",636
"Winifred, KS",1
"Winifred, MT",206
"Winifrede, WV",1
"Winigan, MO",1
"Wink, TX",1046
"Winkelman, AZ",346
"Winlock, WA",1337
"Winn, ME",1
"Winnabow, NC",1
"Winnebago, IL",3002
"Winnebago, MN",1367
"Winnebago, NE",795
"Winneconne, WI",2435
"Winnemucca, NV",7866
"Winnetka, CA",1
"Winnetoon, NE",66
"Winnett, MT",185
"Winnfield, LA",4495
"Winnie, TX",1
"Winnsboro, LA",4732
"Winnsboro, SC",3311
"Winnsboro, TX",3343
"Winona, KS",166
"Winona, MO",1296
"Winona, MS",4383
"Winona, TX",602
"Winona Lake, IN",5166
"Winooski, VT",7128
"Winside, NE",407
"Winslow, AR",422
"Winslow, AZ",9754
"Winslow, IL",329
"Winslow, IN",840
"Winslow, ME",1
"Winslow, NJ",1
"Winsted, CT",1
"Winsted, MN",2295
"Winston, GA",1
"Winston, MO",253
"Winston, MT",1
"Winston, NM",1
"Winston, OR",5428
"Winston Salem, NC",7
"Winston-Salem, NC",242203
"Winter Garden, FL",41988
"Winter Harbor, ME",1
"Winter Haven, FL",38953
"Winter Park, FL",30208
"Winter Springs, FL",35599
"Wintergreen, VA",1
"Winterport, ME",1
"Winters, CA",7144
"Winters, TX",2534
"Winterset, IA",5271
"Wintersville, OH",3774
"Winterville, GA",1197
"Winterville, NC",9447
"Winthrop, AR",182
"Winthrop, IA",848
"Winthrop, MA",1
"Winthrop, ME",1
"Winthrop, MN",1352
"Winthrop, NY",1
"Winthrop, WA",430
"Winthrop Harbor, IL",6794
"Winton, CA",1
"Winton, NC",739
"Wiota, IA",110
"Wirt, MN",1
"Wirtz, VA",1
"Wiscasset, ME",1
"Wisconsin Dells, WI",2808
"Wisconsin Rapids, WI",17887
"Wisdom, MT",1
"Wise, VA",3083
"Wise River, MT",1
"Wiseman, AR",1
"Wishon, CA",1
"Wisner, LA",926
"Wisner, NE",1174
"Wister, OK",1072
"Withee, WI",476
"Witt, IL",861
"Witten, SD",1
"Wittenberg, MO",1
"Wittenberg, WI",1019
"Wittensville, KY",1
"Witter, AR",1
"Witter Springs, CA",1
"Wittman, MD",1
"Wittmann, AZ",1
"Witts Springs, AR",1
"Wixom, MI",13758
"Woburn, MA",39452
"Woden, IA",218
"Wofford Heights, CA",1
"Wolbach, NE",259
"Wolcott, CT",1
"Wolcott, IN",977
"Wolcott, NY",1627
"Wolcott, VT",1
"Wolcottville, IN",1015
"Wolf Creek, MT",1
"Wolf Lake, IL",1
"Wolf Lake, MN",56
"Wolf Point, MT",2806
"Wolf Summit, WV",1
"Wolfcreek, WV",1
"Wolfe City, TX",1447
"Wolfeboro, NH",1
"Wolfforth, TX",4417
"Wolford, ND",35
"Wolseth, ND",1
"Wolsey, SD",394
"Wolverine, MI",237
"Wolverine Lake, MI",4546
"Wolverton, MN",139
"Womelsdorf, PA",2855
"Wonder Lake, IL",3899
"Wonewoc, WI",794
"Wood, SD",64
"Wood Dale, IL",13813
"Wood Lake, MN",408
"Wood Lake, NE",65
"Wood Ridge, NJ",1
"Wood River, IL",10251
"Wood River, NE",1354
"Wood River Junct, RI",1
"Woodacre, CA",1
"Woodbine, GA",1322
"Woodbine, IA",1412
"Woodbine, KS",169
"Woodbine, KY",1
"Woodbine, MD",1
"Woodbourne, NY",1
"Woodbridge, CA",1
"Woodbridge, CT",1
"Woodbridge, IN",1
"Woodbridge, NJ",1
"Woodbridge, VA",1
"Woodburn, IA",199
"Woodburn, IN",1578
"Woodburn, KY",382
"Woodburn, OR",25590
"Woodbury, CT",1
"Woodbury, GA",900
"Woodbury, MN",68820
"Woodbury, NY",10986
"Woodbury, PA",275
"Woodbury, TN",2777
"Woodbury, VT",1
"Woodbury Heights, NJ",3008
"Woodford, VA",1
"Woodgate, NY",1
"Woodhaven, MI",12461
"Woodhaven, NY",1
"Woodhull, IL",784
"Woodhull, NY",1
"Woodinville, WA",12000
"Woodlake, CA",7623
"Woodland, AL",183
"Woodland, CA",59068
"Woodland, GA",358
"Woodland, ME",1
"Woodland, MI",426
"Woodland, MS",122
"Woodland, PA",1
"Woodland, WA",5952
"Woodland Hills, CA",2
"Woodland Hills, UT",1527
"Woodland Park, CO",7390
"Woodlawn, IL",696
"Woodlawn, TN",1
"Woodlawn, VA",1
"Woodleaf, NC",1
"Woodlyn, PA",1
"Woodman, WI",130
"Woodmere, NY",1
"Woodridge, IL",33476
"Woodridge, NY",801
"Woodrow Wilson, VA",1
"Woodruff, SC",4191
"Woodruff, UT",188
"Woodruff, WI",1
"Woodrum, VA",1
"Woods Cross, UT",11351
"Woods Hole, MA",1
"Woodsboro, MD",1208
"Woodsboro, TX",1484
"Woodside, CA",5551
"Woodside, NY",1
"Woodson, TX",246
"Woodstock, AL",1569
"Woodstock, CT",1
"Woodstock, GA",30929
"Woodstock, IL",25085
"Woodstock, MN",119
"Woodstock, NY",1
"Woodstock, OH",299
"Woodstock, VA",5248
"Woodstock, VT",861
"Woodstock Valley, CT",1
"Woodston, KS",134
"Woodstown, NJ",3484
"Woodsville, NH",1
"Woodville, AL",730
"Woodville, MS",986
"Woodville, NY",1
"Woodville, OH",2064
"Woodville, VA",1
"Woodville, WI",1349
"Woodville, WV",1
"Woodward, IA",1461
"Woodward, OK",12543
"Woodward, PA",1
"Woodway, TX",8835
"Woodway, WA",1377
"Woodworth, LA",1109
"Woodworth, ND",49
"Woody, CA",1
"Wooldridge, MO",62
"Woolford, MD",1
"Woollum, KY",1
"Woolrich, PA",1
"Woolsey, GA",168
"Woolstock, IA",163
"Woolwich, ME",1
"Woolwine, VA",1
"Woonsocket, RI",41406
"Woonsocket, SD",671
"Wooster, AR",1024
"Wooster, OH",27023
"Worcester, MA",184508
"Worcester, NY",1
"Worcester, VT",1
"Worden, IL",1029
"Worden, MT",1
"Worland, WY",5316
"Worley, ID",260
"Wormleysburg, PA",3082
"Worth, IL",10681
"Worth, MO",59
"Wortham, TX",1018
"Worthing, SD",957
"Worthington, IA",408
"Worthington, IN",1416
"Worthington, KY",1571
"Worthington, MA",1
"Worthington, MN",13136
"Worthington, MO",79
"Worthington, OH",14528
"Worthington, WV",159
"Worthville, KY",183
"Worthville, PA",66
"Worton, MD",1
"Wounded Knee, SD",1
"Wrangell, AK",2411
"Wray, GA",1
"Wrens, GA",2042
"Wrenshall, MN",413
"Wrentham, MA",1
"Wright, AR",1
"Wright, KS",1
"Wright, MN",127
"Wright, WY",1834
"Wright City, MO",3517
"Wright City, OK",737
"Wrightsboro, TX",1
"Wrightstown, NJ",787
"Wrightstown, WI",3353
"Wrightsville, GA",3616
"Wrightsville, PA",2285
"Wrightsville Bea, NC",1
"Wrightwood, CA",1
"Wrigley, TN",1
"Wurtsboro, NY",1167
"Wyaconda, MO",206
"Wyalusing, PA",565
"Wyandotte, OK",330
"Wyanet, IL",947
"Wyckoff, NJ",1
"Wye Mills, MD",1
"Wyeville, WI",147
"Wykoff, MN",432
"Wylie, TX",47701
"Wylliesburg, VA",1
"Wymer, WV",1
"Wymore, NE",1401
"Wynantskill, NY",1
"Wyncote, PA",1
"Wyndmere, ND",418
"Wynne, AR",8078
"Wynnewood, OK",2224
"Wynnewood, PA",1
"Wynona, OK",439
"Wynot, NE",176
"Wyola, MT",1
"Wyoming, IA",513
"Wyoming, IL",1373
"Wyoming, MI",75567
"Wyoming, NY",428
"Wyoming, PA",3011
"Wyomissing, PA",10420
"Wysox, PA",1
"Wytheville, VA",8101
"Wytopitlock, ME",1
"Xenia, IL",380
"Xenia, OH",26238
"Yachats, OR",742
"Yacolt, WA",1690
"Yadkinville, NC",2926
"Yakima, WA",93986
"Yakutat, AK",1
"Yalaha, FL",1
"Yale, IA",243
"Yale, IL",85
"Yale, OK",1210
"Yale, SD",111
"Yale, VA",1
"Yamhill, OR",1145
"Yancey, TX",1
"Yancey Mills, VA",1
"Yanceyville, NC",1996
"Yankton, SD",14566
"Yantis, TX",398
"Yaphank, NY",1
"Yardley, PA",2452
"Yardville, NJ",1
"Yarmouth, IA",1
"Yarmouth, ME",1
"Yarmouth Port, MA",1
"Yarnell, AZ",1
"Yates Center, KS",1351
"Yates City, IL",664
"Yatesville, GA",346
"Yawkey, WV",1
"Yazoo City, MS",11180
"Yeadon, PA",11493
"Yeagertown, PA",1
"Yellow Jacket, CO",1
"Yellow Pine, ID",1
"Yellow Springs, OH",3680
"Yellville, AR",1171
"Yelm, WA",8915
"Yemassee, SC",972
"Yerington, NV",3142
"Yeso, NM",1
"Yetter, IA",33
"Yoakum, TX",6019
"Yoder, CO",1
"Yoder, IN",1
"Yoder, WY",159
"Yoe, PA",1010
"Yoncalla, OR",1060
"Yonkers, NY",200807
"Yorba Linda, CA",68235
"York, AL",2373
"York, ME",1
"York, NE",7860
"York, PA",43859
"York, SC",8058
"York Haven, PA",698
"York Springs, PA",836
"Yorkshire, OH",122
"Yorktown, AR",1
"Yorktown, IA",82
"Yorktown, IN",11210
"Yorktown, TX",2164
"Yorktown, VA",1
"Yorktown Heights, NY",1
"Yorkville, CA",1
"Yorkville, IL",18833
"Yorkville, NY",2616
"Yorkville, OH",1038
"Yosemite, KY",1
"Young America, MN",1
"Young Harris, GA",1431
"Youngstown, FL",1
"Youngstown, NY",1910
"Youngstown, OH",64312
"Youngsville, LA",12709
"Youngsville, NC",1293
"Youngsville, NY",1
"Youngsville, PA",1650
"Youngtown, AZ",6759
"Youngwood, PA",2928
"Yountville, CA",3010
"Ypsilanti, MI",21018
"Ypsilanti, ND",1
"Yreka, CA",7596
"Yuba, WI",72
"Yuba City, CA",66845
"Yucaipa, CA",53309
"Yucca Valley, CA",21652
"Yukon, MO",1
"Yukon, OK",26340
"Yukon, PA",1
"Yulan, NY",1
"Yulee, FL",1
"Yuma, AZ",94906
"Yuma, CO",3582
"Yuma, TN",1
"Yuma Proving Gro, AZ",1
"Yutan, NE",1235
"Zachariah, KY",1
"Zachary, LA",16760
"Zahl, ND",1
"Zalma, MO",89
"Zamora, CA",1
"Zanesfield, OH",194
"Zanoni, MO",1
"Zap, ND",242
"Zapata, TX",1
"Zavalla, TX",712
"Zearing, IA",534
"Zebulon, GA",1166
"Zebulon, NC",5159
"Zeeland, MI",5581
"Zeeland, ND",81
"Zeigler, IL",1749
"Zelienople, PA",3690
"Zell, SD",1
"Zellwood, FL",1
"Zenda, KS",85
"Zeona, SD",1
"Zephyr, TX",1
"Zephyrhills, FL",14907
"Zia Pueblo, NM",1
"Zieglersville, PA",1
"Zigzag, OR",1
"Zillah, WA",3144
"Zim, MN",1
"Zimmerman, MN",5499
"Zion, AR",1
"Zion, IL",24029
"Zion Grove, PA",1
"Zionsville, IN",26784
"Zionsville, PA",1
"Zionville, NC",1
"Zirconia, NC",1
"Zoarville, OH",1
"Zoe, KY",1
"Zolfo Springs, FL",1795
"Zortman, MT",1
"Zumbrota, MN",3409
"Zuni, NM",1
"Zuni, VA",1
"Zurich, KS",97
"Zwingle, IA",89
"Zwolle, LA",1950
